gml_id,code,building_type_code,usage_type_code,record_valid_from,completion_date,construction_type_code,unit_count,floor_count,sewage_connection_code,gas_connection_code,water_connection_code,elevator_code,built_up_area,heating_type_code,change_proposal_global_id,transaction_id,iskn_building_id,house_numbers,parcel_ids,district_code,reference_point,has_polygon,snapshot_date,source_file,valid_from,valid_to,end_reason
SO.100184871,100184871,3,16,2020-02-05,2014-01-20,1,0.0,1.0,2,3,1,2,757.0,4,2199291,3241894,33062948010,,72097654010,,POINT (-756243.38 -1043707.98),True,2020-03-01 00:05:20,20200229_OB_539309_UKSH.xml.zip,2020-03-01 00:05:20,,
SO.100687661,100687661,1,7,2020-03-26,2020-03-10,1,1.0,3.0,1,1,1,2,151.0,1,2231474,3308065,,953,77507246010,55468,POINT (-756949.15 -1044497.87),False,2020-04-01 00:13:40,20200331_OB_539309_UKSH.xml.zip,2020-04-01 00:13:40,2020-05-01 00:08:10,change
SO.100687661,100687661,1,7,2020-03-26,2020-03-10,1,1.0,3.0,1,1,1,2,151.0,1,2231474,3320121,36353049010,953,77507246010,55468,POINT (-756949.15 -1044497.87),True,2020-05-01 00:08:10,20200430_OB_539309_UKSH.xml.zip,2020-05-01 00:08:10,2022-12-01 00:05:50,change
SO.100687661,100687661,1,7,2020-03-26,2020-03-10,1,1.0,3.0,1,1,1,2,151.0,1,2231474,3320121,36353049010,953,77507246010,55468,POINT (-756949.15 -1044497.87),True,2022-12-01 00:05:50,20221130_OB_539309_UKSH.xml.zip,2022-12-01 00:05:50,2026-02-01 00:00:48,change
SO.100687661,100687661,1,7,2026-01-08,2020-03-10,1,1.0,3.0,1,1,1,2,151.0,11,4852736,7496056,36353049010,953,77507246010,55468,POINT (-756949.15 -1044497.87),True,2026-02-01 00:00:48,20260131_OB_539309_UKSH.xml.zip,2026-02-01 00:00:48,,
SO.100788971,100788971,3,18,2020-04-21,2015-10-22,1,0.0,1.0,4,3,2,2,44.0,4,2242084,3327146,36412144010,,51614785010,,POINT (-757533.76 -1044106.76),True,2020-05-01 00:08:10,20200430_OB_539309_UKSH.xml.zip,2020-05-01 00:08:10,,
SO.100983537,100983537,1,7,2020-05-11,2020-04-20,1,1.0,2.0,1,1,1,2,245.0,1,2249748,3343386,,840,78225082010,55468,POINT (-757465.12 -1043774.91),False,2020-06-01 00:05:27,20200531_OB_539309_UKSH.xml.zip,2020-06-01 00:05:27,2020-07-01 00:08:30,change
SO.100983537,100983537,1,7,2020-05-11,2020-04-20,1,1.0,2.0,1,1,1,2,245.0,1,2249748,3373562,37211080010,840,78225082010,55468,POINT (-757465.12 -1043774.91),True,2020-07-01 00:08:30,20200630_OB_539309_UKSH.xml.zip,2020-07-01 00:08:30,2026-02-01 00:00:48,change
SO.100983537,100983537,1,7,2026-01-08,2020-04-20,1,1.0,2.0,1,1,1,2,245.0,11,4852736,7496056,37211080010,840,78225082010,55468,POINT (-757465.12 -1043774.91),True,2026-02-01 00:00:48,20260131_OB_539309_UKSH.xml.zip,2026-02-01 00:00:48,,
SO.101420111,101420111,1,7,2020-06-10,2020-06-04,4,1.0,2.0,1,3,1,2,123.0,1,2270359,3390343,37581091010,954,77850255010,55468,POINT (-756744.7 -1044573.15),True,2020-07-01 00:08:30,20200630_OB_539309_UKSH.xml.zip,2020-07-01 00:08:30,2026-02-01 00:00:48,change
SO.101420111,101420111,1,7,2026-01-08,2020-06-04,4,1.0,2.0,1,3,1,2,123.0,16,4852736,7496056,37581091010,954,77850255010,55468,POINT (-756744.7 -1044573.15),True,2026-02-01 00:00:48,20260131_OB_539309_UKSH.xml.zip,2026-02-01 00:00:48,,
SO.101498659,101498659,1,6,2020-06-30,2020-06-15,1,40.0,5.0,1,3,1,1,692.0,1,2281885,3408948,29485171010,949,70689577010,55468,POINT (-757230.94 -1044662.86),True,2020-07-01 00:08:30,20200630_OB_539309_UKSH.xml.zip,2020-07-01 00:08:30,2026-02-01 00:00:48,change
SO.101498659,101498659,1,6,2026-01-08,2020-06-15,1,40.0,5.0,1,3,1,1,692.0,11,4852736,7496056,29485171010,949,70689577010,55468,POINT (-757230.94 -1044662.86),True,2026-02-01 00:00:48,20260131_OB_539309_UKSH.xml.zip,2026-02-01 00:00:48,,
SO.101498837,101498837,1,6,2020-06-30,2020-06-14,1,40.0,5.0,1,3,1,1,692.0,1,2282287,3409554,28959606010,948,70560344010,55468,POINT (-757227.6 -1044602.69),True,2020-07-01 00:08:30,20200630_OB_539309_UKSH.xml.zip,2020-07-01 00:08:30,2026-02-01 00:00:48,change
SO.101498837,101498837,1,6,2026-01-08,2020-06-14,1,40.0,5.0,1,3,1,1,692.0,11,4852736,7496056,28959606010,948,70560344010,55468,POINT (-757227.6 -1044602.69),True,2026-02-01 00:00:48,20260131_OB_539309_UKSH.xml.zip,2026-02-01 00:00:48,,
SO.101498900,101498900,1,6,2020-06-30,,1,40.0,5.0,1,3,1,1,692.0,1,2282204,3409471,29694404010,951,70689578010,55468,POINT (-757231.64 -1044721.79),True,2020-07-01 00:08:30,20200630_OB_539309_UKSH.xml.zip,2020-07-01 00:08:30,2020-09-01 00:10:15,change
SO.101498900,101498900,1,6,2020-08-05,2020-07-18,1,40.0,5.0,1,3,1,1,692.0,1,2307612,3457332,29694404010,951,70689578010,55468,POINT (-757231.64 -1044721.79),True,2020-09-01 00:10:15,20200831_OB_539309_UKSH.xml.zip,2020-09-01 00:10:15,2026-02-01 00:00:48,change
SO.101498900,101498900,1,6,2026-01-08,2020-07-18,1,40.0,5.0,1,3,1,1,692.0,11,4852736,7496056,29694404010,951,70689578010,55468,POINT (-757231.64 -1044721.79),True,2026-02-01 00:00:48,20260131_OB_539309_UKSH.xml.zip,2026-02-01 00:00:48,,
SO.101533896,101533896,1,7,2020-06-19,,6,1.0,2.0,1,3,1,2,63.0,1,2275865,3396480,,956,79325839010,55468,POINT (-757685.03 -1044038.92),False,2020-07-01 00:08:30,20200630_OB_539309_UKSH.xml.zip,2020-07-01 00:08:30,2020-11-01 00:18:21,change
SO.101533896,101533896,1,7,2020-06-19,,6,1.0,2.0,1,3,1,2,63.0,1,2275865,3548920,41340043010,956,79325839010,55468,POINT (-757685.03 -1044038.92),True,2020-11-01 00:18:21,20201031_OB_539309_UKSH.xml.zip,2020-11-01 00:18:21,2021-10-01 12:10:08,change
SO.101533896,101533896,1,7,2021-09-27,2021-09-21,6,1.0,2.0,1,3,1,2,63.0,1,2589698,4010104,41340043010,956,79325839010,55468,POINT (-757685.03 -1044038.92),True,2021-10-01 12:10:08,20210930_OB_539309_UKSH.xml.zip,2021-10-01 12:10:08,2026-02-01 00:00:48,change
SO.101533896,101533896,1,7,2026-01-08,2021-09-21,6,1.0,2.0,1,3,1,2,63.0,15,4852736,7496056,41340043010,956,79325839010,55468,POINT (-757685.03 -1044038.92),True,2026-02-01 00:00:48,20260131_OB_539309_UKSH.xml.zip,2026-02-01 00:00:48,,
SO.102194572,102194572,3,10,2020-08-04,2015-01-21,1,0.0,1.0,1,1,1,2,68.0,3,2307244,3456471,14791715010,,19328902010,,POINT (-757894.02 -1044142.98),True,2020-09-01 00:10:15,20200831_OB_539309_UKSH.xml.zip,2020-09-01 00:10:15,,
SO.102194602,102194602,3,19,2020-08-04,2020-02-17,1,0.0,1.0,4,3,2,2,23.0,4,2307352,3456731,36341122010,,77829250010,,POINT (-757139.2 -1044087.95),True,2020-09-01 00:10:15,20200831_OB_539309_UKSH.xml.zip,2020-09-01 00:10:15,,
SO.102194688,102194688,3,18,2020-08-04,2017-09-21,1,0.0,1.0,4,3,2,2,37.0,4,2307358,3456741,892313210,,2303653210,,POINT (-757769.36 -1044390.67),True,2020-09-01 00:10:15,20200831_OB_539309_UKSH.xml.zip,2020-09-01 00:10:15,2022-12-01 00:05:50,change
SO.102194688,102194688,3,18,2020-08-04,2017-09-21,1,0.0,1.0,4,3,2,2,37.0,4,2307358,3456741,892313210,,2303653210,,POINT (-757769.36 -1044390.67),True,2022-12-01 00:05:50,20221130_OB_539309_UKSH.xml.zip,2022-12-01 00:05:50,,
SO.102260923,102260923,1,6,2020-08-12,2020-08-06,1,30.0,4.0,1,3,1,1,737.0,1,2311341,3478140,32902944010,957,75475909010,55468,POINT (-757312.05 -1044710.92),True,2020-09-01 00:10:15,20200831_OB_539309_UKSH.xml.zip,2020-09-01 00:10:15,2026-02-01 00:00:48,change
SO.102260923,102260923,1,6,2026-01-08,2020-08-06,1,30.0,4.0,1,3,1,1,737.0,15,4852736,7496056,32902944010,957,75475909010,55468,POINT (-757312.05 -1044710.92),True,2026-02-01 00:00:48,20260131_OB_539309_UKSH.xml.zip,2026-02-01 00:00:48,,
SO.102344523,102344523,1,7,2020-08-25,,1,1.0,1.0,1,3,1,2,160.0,1,2317478,3483445,39551044010,959,79515118010,55468,POINT (-756730.91 -1044562.59),True,2020-09-01 00:10:15,20200831_OB_539309_UKSH.xml.zip,2020-09-01 00:10:15,2022-05-01 09:13:51,change
SO.102344523,102344523,1,7,2022-04-13,2022-03-15,1,1.0,1.0,1,3,1,2,160.0,1,2749237,4313181,39551044010,959,79515118010,55468,POINT (-756730.91 -1044562.59),True,2022-05-01 09:13:51,20220430_OB_539309_UKSH.xml.zip,2022-05-01 09:13:51,2022-12-01 00:05:50,change
SO.102344523,102344523,1,7,2022-04-13,2022-03-15,1,1.0,1.0,1,3,1,2,160.0,1,2749237,4313181,39551044010,959,79515118010,55468,POINT (-756730.91 -1044562.59),True,2022-12-01 00:05:50,20221130_OB_539309_UKSH.xml.zip,2022-12-01 00:05:50,2026-02-01 00:00:48,change
SO.102344523,102344523,1,7,2026-01-08,2022-03-15,1,1.0,1.0,1,3,1,2,160.0,11,4852736,7496056,39551044010,959,79515118010,55468,POINT (-756730.91 -1044562.59),True,2026-02-01 00:00:48,20260131_OB_539309_UKSH.xml.zip,2026-02-01 00:00:48,,
SO.102689130,102689130,1,7,2020-09-24,,1,1.0,1.0,1,3,1,2,149.0,1,2338480,3522547,,961,78752821010,55468,POINT (-756665.76 -1044508.05),False,2020-10-01 00:16:03,20200930_OB_539309_UKSH.xml.zip,2020-10-01 00:16:03,2021-08-01 10:37:29,change
SO.102689130,102689130,1,7,2020-09-24,,1,1.0,1.0,1,3,1,2,149.0,1,2338480,3902749,49503367010,961,78752821010,55468,POINT (-756665.76 -1044508.05),True,2021-08-01 10:37:29,20210731_OB_539309_UKSH.xml.zip,2021-08-01 10:37:29,2021-11-01 06:49:24,change
SO.102689130,102689130,1,7,2021-10-12,2021-09-27,1,1.0,1.0,1,3,1,2,149.0,1,2599389,4030306,49503367010,961,78752821010,55468,POINT (-756665.76 -1044508.05),True,2021-11-01 06:49:24,20211031_OB_539309_UKSH.xml.zip,2021-11-01 06:49:24,2026-02-01 00:00:48,change
SO.102689130,102689130,1,7,2026-01-08,2021-09-27,1,1.0,1.0,1,3,1,2,149.0,16,4852736,7496056,49503367010,961,78752821010,55468,POINT (-756665.76 -1044508.05),True,2026-02-01 00:00:48,20260131_OB_539309_UKSH.xml.zip,2026-02-01 00:00:48,,
SO.102959501,102959501,1,7,2020-10-21,2020-10-19,1,1.0,2.0,1,3,1,2,77.0,1,2354682,3567271,41804045010,968,79406451010,55468,POINT (-756657.18 -1044442.78),True,2020-11-01 00:18:21,20201031_OB_539309_UKSH.xml.zip,2020-11-01 00:18:21,2021-09-01 15:04:49,change
SO.102959501,102959501,1,7,2021-08-05,2020-10-19,1,1.0,2.0,1,3,1,2,67.0,1,2548321,3937161,41804045010,968,79406451010,55468,POINT (-756657.18 -1044442.78),True,2021-09-01 15:04:49,20210831_OB_539309_UKSH.xml.zip,2021-09-01 15:04:49,2026-02-01 00:00:48,change
SO.102959501,102959501,1,7,2026-01-08,2020-10-19,1,1.0,2.0,1,3,1,2,67.0,16,4852736,7496056,41804045010,968,79406451010,55468,POINT (-756657.18 -1044442.78),True,2026-02-01 00:00:48,20260131_OB_539309_UKSH.xml.zip,2026-02-01 00:00:48,,
SO.102962634,102962634,1,7,2020-10-21,2020-10-06,1,1.0,2.0,1,3,1,2,92.0,1,2354886,3567268,41802044010,983,79409287010,55468,POINT (-756763.17 -1044332.84),True,2020-11-01 00:18:21,20201031_OB_539309_UKSH.xml.zip,2020-11-01 00:18:21,2021-09-01 15:04:49,change
SO.102962634,102962634,1,7,2021-08-05,2020-10-06,1,1.0,2.0,1,3,1,2,93.0,1,2548321,3937161,41802044010,983,79409287010,55468,POINT (-756763.17 -1044332.84),True,2021-09-01 15:04:49,20210831_OB_539309_UKSH.xml.zip,2021-09-01 15:04:49,2026-02-01 00:00:48,change
SO.102962634,102962634,1,7,2026-01-08,2020-10-06,1,1.0,2.0,1,3,1,2,93.0,16,4852736,7496056,41802044010,983,79409287010,55468,POINT (-756763.17 -1044332.84),True,2026-02-01 00:00:48,20260131_OB_539309_UKSH.xml.zip,2026-02-01 00:00:48,,
SO.102962961,102962961,1,7,2020-10-21,2020-10-12,1,1.0,2.0,1,3,1,2,77.0,1,2354900,3562454,41677148010,972,79405758010,55468,POINT (-756684.48 -1044406.13),True,2020-11-01 00:18:21,20201031_OB_539309_UKSH.xml.zip,2020-11-01 00:18:21,2026-02-01 00:00:48,change
SO.102962961,102962961,1,7,2026-01-08,2020-10-12,1,1.0,2.0,1,3,1,2,77.0,16,4852736,7496056,41677148010,972,79405758010,55468,POINT (-756684.48 -1044406.13),True,2026-02-01 00:00:48,20260131_OB_539309_UKSH.xml.zip,2026-02-01 00:00:48,,
SO.102963223,102963223,1,7,2020-10-21,2020-10-09,1,1.0,2.0,1,3,1,2,77.0,1,2354937,3560905,41656107010,981,79409289010,55468,POINT (-756777.6 -1044343.5),True,2020-11-01 00:18:21,20201031_OB_539309_UKSH.xml.zip,2020-11-01 00:18:21,2021-09-01 15:04:49,change
SO.102963223,102963223,1,7,2021-08-05,2020-10-09,1,1.0,2.0,1,3,1,2,67.0,1,2548321,3937161,41656107010,981,79409289010,55468,POINT (-756777.6 -1044343.5),True,2021-09-01 15:04:49,20210831_OB_539309_UKSH.xml.zip,2021-09-01 15:04:49,2026-02-01 00:00:48,change
SO.102963223,102963223,1,7,2026-01-08,2020-10-09,1,1.0,2.0,1,3,1,2,67.0,11,4852736,7496056,41656107010,981,79409289010,55468,POINT (-756777.6 -1044343.5),True,2026-02-01 00:00:48,20260131_OB_539309_UKSH.xml.zip,2026-02-01 00:00:48,,
SO.102963274,102963274,1,7,2020-10-21,2020-10-06,1,1.0,2.0,1,3,1,2,79.0,1,2355020,3562457,41679045010,978,79406270010,55468,POINT (-756730.81 -1044370.25),True,2020-11-01 00:18:21,20201031_OB_539309_UKSH.xml.zip,2020-11-01 00:18:21,2021-09-01 15:04:49,change
SO.102963274,102963274,1,7,2021-08-05,2020-10-06,1,1.0,2.0,1,3,1,2,80.0,1,2548321,3937161,41679045010,978,79406270010,55468,POINT (-756730.81 -1044370.25),True,2021-09-01 15:04:49,20210831_OB_539309_UKSH.xml.zip,2021-09-01 15:04:49,2026-02-01 00:00:48,change
SO.102963274,102963274,1,7,2026-01-08,2020-10-06,1,1.0,2.0,1,3,1,2,80.0,16,4852736,7496056,41679045010,978,79406270010,55468,POINT (-756730.81 -1044370.25),True,2026-02-01 00:00:48,20260131_OB_539309_UKSH.xml.zip,2026-02-01 00:00:48,,
SO.102963282,102963282,1,7,2020-10-21,2020-10-09,1,1.0,2.0,1,3,1,2,80.0,1,2354918,3562284,41677067010,979,79406269010,55468,POINT (-756736.58 -1044364.06),True,2020-11-01 00:18:21,20201031_OB_539309_UKSH.xml.zip,2020-11-01 00:18:21,2026-02-01 00:00:48,change
SO.102963282,102963282,1,7,2026-01-08,2020-10-09,1,1.0,2.0,1,3,1,2,80.0,16,4852736,7496056,41677067010,979,79406269010,55468,POINT (-756736.58 -1044364.06),True,2026-02-01 00:00:48,20260131_OB_539309_UKSH.xml.zip,2026-02-01 00:00:48,,
SO.102963525,102963525,1,7,2020-10-21,2020-10-08,1,1.0,2.0,1,3,1,2,75.0,1,2354942,3562288,41677081010,982,79409288010,55468,POINT (-756772.9 -1044336.61),True,2020-11-01 00:18:21,20201031_OB_539309_UKSH.xml.zip,2020-11-01 00:18:21,2026-02-01 00:00:48,change
SO.102963525,102963525,1,7,2026-01-08,2020-10-08,1,1.0,2.0,1,3,1,2,75.0,16,4852736,7496056,41677081010,982,79409288010,55468,POINT (-756772.9 -1044336.61),True,2026-02-01 00:00:48,20260131_OB_539309_UKSH.xml.zip,2026-02-01 00:00:48,,
SO.102964025,102964025,1,7,2020-10-21,2020-10-08,1,1.0,2.0,1,3,1,2,98.0,1,2355008,3561278,41665051010,969,79406352010,55468,POINT (-756646.37 -1044429.41),True,2020-11-01 00:18:21,20201031_OB_539309_UKSH.xml.zip,2020-11-01 00:18:21,2021-09-01 15:04:49,change
SO.102964025,102964025,1,7,2021-08-05,2020-10-08,1,1.0,2.0,1,3,1,2,97.0,1,2548321,3937161,41665051010,969,79406352010,55468,POINT (-756646.37 -1044429.41),True,2021-09-01 15:04:49,20210831_OB_539309_UKSH.xml.zip,2021-09-01 15:04:49,2026-02-01 00:00:48,change
SO.102964025,102964025,1,7,2026-01-08,2020-10-08,1,1.0,2.0,1,3,1,2,97.0,16,4852736,7496056,41665051010,969,79406352010,55468,POINT (-756646.37 -1044429.41),True,2026-02-01 00:00:48,20260131_OB_539309_UKSH.xml.zip,2026-02-01 00:00:48,,
SO.102964076,102964076,1,7,2020-10-21,2020-10-12,1,1.0,2.0,1,3,1,2,80.0,1,2355015,3560903,41658051010,977,79406271010,55468,POINT (-756725.39 -1044375.88),True,2020-11-01 00:18:21,20201031_OB_539309_UKSH.xml.zip,2020-11-01 00:18:21,2026-02-01 00:00:48,change
SO.102964076,102964076,1,7,2026-01-08,2020-10-12,1,1.0,2.0,1,3,1,2,80.0,16,4852736,7496056,41658051010,977,79406271010,55468,POINT (-756725.39 -1044375.88),True,2026-02-01 00:00:48,20260131_OB_539309_UKSH.xml.zip,2026-02-01 00:00:48,,
SO.102965552,102965552,1,7,2020-10-22,2020-10-12,1,1.0,2.0,1,3,1,2,80.0,1,2355145,3561283,41664044010,980,79406268010,55468,POINT (-756741.72 -1044358.07),True,2020-11-01 00:18:21,20201031_OB_539309_UKSH.xml.zip,2020-11-01 00:18:21,2026-02-01 00:00:48,change
SO.102965552,102965552,1,7,2026-01-08,2020-10-12,1,1.0,2.0,1,3,1,2,80.0,16,4852736,7496056,41664044010,980,79406268010,55468,POINT (-756741.72 -1044358.07),True,2026-02-01 00:00:48,20260131_OB_539309_UKSH.xml.zip,2026-02-01 00:00:48,,
SO.102965994,102965994,1,7,2020-10-22,2020-10-12,1,1.0,2.0,1,3,1,2,77.0,1,2355163,3562143,41677046010,975,79405761010,55468,POINT (-756701.58 -1044422.74),True,2020-11-01 00:18:21,20201031_OB_539309_UKSH.xml.zip,2020-11-01 00:18:21,2026-02-01 00:00:48,change
SO.102965994,102965994,1,7,2026-01-08,2020-10-12,1,1.0,2.0,1,3,1,2,77.0,16,4852736,7496056,41677046010,975,79405761010,55468,POINT (-756701.58 -1044422.74),True,2026-02-01 00:00:48,20260131_OB_539309_UKSH.xml.zip,2026-02-01 00:00:48,,
SO.102966095,102966095,1,7,2020-10-22,2020-10-12,1,1.0,2.0,1,3,1,2,77.0,1,2355177,3560619,,967,79406452010,55468,POINT (-756663.43 -1044448.49),False,2020-11-01 00:18:21,20201031_OB_539309_UKSH.xml.zip,2020-11-01 00:18:21,2021-01-01 00:08:58,change
SO.102966095,102966095,1,7,2020-12-15,2020-10-12,1,1.0,2.0,1,3,1,2,77.0,1,2390548,3633199,42948180010,967,82045171010,55468,POINT (-756663.67 -1044448.78),True,2021-01-01 00:08:58,20201231_OB_539309_UKSH.xml.zip,2021-01-01 00:08:58,2021-09-01 15:04:49,change
SO.102966095,102966095,1,7,2021-08-05,2020-10-12,1,1.0,2.0,1,3,1,2,67.0,1,2548321,3937161,42948180010,967,82045171010,55468,POINT (-756663.67 -1044448.78),True,2021-09-01 15:04:49,20210831_OB_539309_UKSH.xml.zip,2021-09-01 15:04:49,2026-02-01 00:00:48,change
SO.102966095,102966095,1,7,2026-01-08,2020-10-12,1,1.0,2.0,1,3,1,2,67.0,16,4852736,7496056,42948180010,967,82045171010,55468,POINT (-756663.67 -1044448.78),True,2026-02-01 00:00:48,20260131_OB_539309_UKSH.xml.zip,2026-02-01 00:00:48,,
SO.102966508,102966508,1,7,2020-10-22,2020-10-12,1,1.0,2.0,1,3,1,2,77.0,1,2355202,3562283,41677114010,974,79405760010,55468,POINT (-756696.02 -1044417.24),True,2020-11-01 00:18:21,20201031_OB_539309_UKSH.xml.zip,2020-11-01 00:18:21,2026-02-01 00:00:48,change
SO.102966508,102966508,1,7,2026-01-08,2020-10-12,1,1.0,2.0,1,3,1,2,77.0,16,4852736,7496056,41677114010,974,79405760010,55468,POINT (-756696.02 -1044417.24),True,2026-02-01 00:00:48,20260131_OB_539309_UKSH.xml.zip,2026-02-01 00:00:48,,
SO.102966869,102966869,1,7,2020-10-22,2020-10-12,1,1.0,2.0,1,3,1,2,77.0,1,2355235,3562670,41683049010,973,79405759010,55468,POINT (-756690.25 -1044411.74),True,2020-11-01 00:18:21,20201031_OB_539309_UKSH.xml.zip,2020-11-01 00:18:21,2021-09-01 15:04:49,change
SO.102966869,102966869,1,7,2021-08-05,2020-10-12,1,1.0,2.0,1,3,1,2,66.0,1,2548321,3937161,41683049010,973,79405759010,55468,POINT (-756690.25 -1044411.74),True,2021-09-01 15:04:49,20210831_OB_539309_UKSH.xml.zip,2021-09-01 15:04:49,2026-02-01 00:00:48,change
SO.102966869,102966869,1,7,2026-01-08,2020-10-12,1,1.0,2.0,1,3,1,2,66.0,16,4852736,7496056,41683049010,973,79405759010,55468,POINT (-756690.25 -1044411.74),True,2026-02-01 00:00:48,20260131_OB_539309_UKSH.xml.zip,2026-02-01 00:00:48,,
SO.103115072,103115072,1,7,2020-11-24,2020-10-22,1,3.0,2.0,1,3,1,2,179.0,1,2373525,3599260,36314098010,962,78498821010,55468,POINT (-757425.06 -1044583.77),True,2020-12-01 00:13:43,20201130_OB_539309_UKSH.xml.zip,2020-12-01 00:13:43,2022-08-01 00:03:03,change
SO.103115072,103115072,1,7,2022-07-07,2020-10-22,1,1.0,2.0,1,3,1,2,59.0,1,2823595,4463742,36314098010,962,78291339010,55468,POINT (-757425.21 -1044576.74),True,2022-08-01 00:03:03,20220731_OB_539309_UKSH.xml.zip,2022-08-01 00:03:03,2026-02-01 00:00:48,change
SO.103115072,103115072,1,7,2026-01-08,2020-10-22,1,1.0,2.0,1,3,1,2,59.0,16,4852736,7496056,36314098010,962,78291339010,55468,POINT (-757425.21 -1044576.74),True,2026-02-01 00:00:48,20260131_OB_539309_UKSH.xml.zip,2026-02-01 00:00:48,,
SO.103115706,103115706,1,7,2020-11-11,2020-10-22,1,1.0,2.0,1,3,1,2,66.0,1,2365542,3598898,42109126010,963,78291345010,55468,POINT (-757456.48 -1044576.76),True,2020-12-01 00:13:43,20201130_OB_539309_UKSH.xml.zip,2020-12-01 00:13:43,2026-02-01 00:00:48,change
SO.103115706,103115706,1,7,2026-01-08,2020-10-22,1,1.0,2.0,1,3,1,2,66.0,16,4852736,7496056,42109126010,963,78291345010,55468,POINT (-757456.48 -1044576.76),True,2026-02-01 00:00:48,20260131_OB_539309_UKSH.xml.zip,2026-02-01 00:00:48,,
SO.103115871,103115871,1,7,2020-11-11,2020-10-22,1,1.0,2.0,1,3,1,2,66.0,1,2365542,3598894,42109127010,964,78291346010,55468,POINT (-757457.12 -1044583.95),True,2020-12-01 00:13:43,20201130_OB_539309_UKSH.xml.zip,2020-12-01 00:13:43,2026-02-01 00:00:48,change
SO.103115871,103115871,1,7,2026-01-08,2020-10-22,1,1.0,2.0,1,3,1,2,66.0,16,4852736,7496056,42109127010,964,78291346010,55468,POINT (-757457.12 -1044583.95),True,2026-02-01 00:00:48,20260131_OB_539309_UKSH.xml.zip,2026-02-01 00:00:48,,
SO.103115897,103115897,1,7,2020-11-11,2020-10-22,1,1.0,2.0,1,3,1,2,66.0,1,2365542,3598896,42109128010,965,78291347010,55468,POINT (-757456.64 -1044591.27),True,2020-12-01 00:13:43,20201130_OB_539309_UKSH.xml.zip,2020-12-01 00:13:43,2026-02-01 00:00:48,change
SO.103115897,103115897,1,7,2026-01-08,2020-10-22,1,1.0,2.0,1,3,1,2,66.0,16,4852736,7496056,42109128010,965,78291347010,55468,POINT (-757456.64 -1044591.27),True,2026-02-01 00:00:48,20260131_OB_539309_UKSH.xml.zip,2026-02-01 00:00:48,,
SO.103432485,103432485,1,7,2020-12-11,2020-11-24,1,1.0,2.0,1,1,1,2,167.0,1,2386983,3632940,42946104010,990,70552306010,55468,POINT (-757309.06 -1044311.73),True,2021-01-01 00:08:58,20201231_OB_539309_UKSH.xml.zip,2021-01-01 00:08:58,2026-02-01 00:00:48,change
SO.103432485,103432485,1,7,2026-01-08,2020-11-24,1,1.0,2.0,1,1,1,2,167.0,11,4852736,7496056,42946104010,990,70552306010,55468,POINT (-757309.06 -1044311.73),True,2026-02-01 00:00:48,20260131_OB_539309_UKSH.xml.zip,2026-02-01 00:00:48,,
SO.103534679,103534679,1,7,2020-12-22,2020-11-16,1,3.0,2.0,1,3,1,2,177.0,1,2395768,3643398,,985,78498822010,55468,POINT (-757426.18 -1044613.88),False,2021-01-01 00:08:58,20201231_OB_539309_UKSH.xml.zip,2021-01-01 00:08:58,2021-02-01 00:06:52,change
SO.103534679,103534679,1,7,2021-01-04,2020-11-16,1,3.0,2.0,1,3,1,2,177.0,1,2398846,3650701,36314092010,985,78498822010,55468,POINT (-757426.19 -1044613.96),True,2021-02-01 00:06:52,20210131_OB_539309_UKSH.xml.zip,2021-02-01 00:06:52,2022-01-01 00:03:43,change
SO.103534679,103534679,1,7,2021-12-30,2020-11-16,1,1.0,2.0,1,3,1,2,59.0,1,2674617,4146006,36314092010,985,78291342010,55468,POINT (-757426.98 -1044607.58),True,2022-01-01 00:03:43,20211231_OB_539309_UKSH.xml.zip,2022-01-01 00:03:43,2022-02-01 00:11:47,change
SO.103534679,103534679,1,7,2021-12-30,2020-11-16,1,1.0,2.0,1,3,1,2,59.0,1,2674617,4154540,,985,78291342010,55468,POINT (-757426.98 -1044607.58),False,2022-02-01 00:11:47,20220131_OB_539309_UKSH.xml.zip,2022-02-01 00:11:47,2022-05-01 09:13:51,change
SO.103534679,103534679,1,7,2021-12-30,2020-11-16,1,1.0,2.0,1,3,1,2,59.0,1,2674617,4305479,36314092010,985,78291342010,55468,POINT (-757426.98 -1044607.58),True,2022-05-01 09:13:51,20220430_OB_539309_UKSH.xml.zip,2022-05-01 09:13:51,,
SO.103534750,103534750,1,7,2020-12-21,2020-11-16,1,1.0,2.0,1,3,1,2,66.0,1,2395007,3642038,,988,78291350010,55468,POINT (-757457.45 -1044619.98),False,2021-01-01 00:08:58,20201231_OB_539309_UKSH.xml.zip,2021-01-01 00:08:58,2021-02-01 00:06:52,change
SO.103534750,103534750,1,7,2020-12-21,2020-11-16,1,1.0,2.0,1,3,1,2,66.0,1,2395007,3650569,43158248010,988,78291350010,55468,POINT (-757457.45 -1044619.98),True,2021-02-01 00:06:52,20210131_OB_539309_UKSH.xml.zip,2021-02-01 00:06:52,2026-02-01 00:00:48,change
SO.103534750,103534750,1,7,2026-01-08,2020-11-16,1,1.0,2.0,1,3,1,2,66.0,16,4852736,7496056,43158248010,988,78291350010,55468,POINT (-757457.45 -1044619.98),True,2026-02-01 00:00:48,20260131_OB_539309_UKSH.xml.zip,2026-02-01 00:00:48,,
SO.103534792,103534792,1,7,2020-12-21,2020-11-16,1,1.0,2.0,1,3,1,2,58.0,1,2395007,3642038,,987,78291349010,55468,POINT (-757458.14 -1044612.81),False,2021-01-01 00:08:58,20201231_OB_539309_UKSH.xml.zip,2021-01-01 00:08:58,2021-02-01 00:06:52,change
SO.103534792,103534792,1,7,2020-12-21,2020-11-16,1,1.0,2.0,1,3,1,2,58.0,1,2395007,3650567,43158247010,987,78291349010,55468,POINT (-757458.14 -1044612.81),True,2021-02-01 00:06:52,20210131_OB_539309_UKSH.xml.zip,2021-02-01 00:06:52,2026-02-01 00:00:48,change
SO.103534792,103534792,1,7,2026-01-08,2020-11-16,1,1.0,2.0,1,3,1,2,58.0,16,4852736,7496056,43158247010,987,78291349010,55468,POINT (-757458.14 -1044612.81),True,2026-02-01 00:00:48,20260131_OB_539309_UKSH.xml.zip,2026-02-01 00:00:48,,
SO.103534857,103534857,1,7,2020-12-21,2020-11-16,1,1.0,2.0,1,3,1,2,66.0,1,2395007,3642038,,986,78291348010,55468,POINT (-757457.07 -1044606.29),False,2021-01-01 00:08:58,20201231_OB_539309_UKSH.xml.zip,2021-01-01 00:08:58,2021-02-01 00:06:52,change
SO.103534857,103534857,1,7,2020-12-21,2020-11-16,1,1.0,2.0,1,3,1,2,66.0,1,2395007,3650566,43158245010,986,78291348010,55468,POINT (-757457.07 -1044606.29),True,2021-02-01 00:06:52,20210131_OB_539309_UKSH.xml.zip,2021-02-01 00:06:52,2026-02-01 00:00:48,change
SO.103534857,103534857,1,7,2026-01-08,2020-11-16,1,1.0,2.0,1,3,1,2,66.0,16,4852736,7496056,43158245010,986,78291348010,55468,POINT (-757457.07 -1044606.29),True,2026-02-01 00:00:48,20260131_OB_539309_UKSH.xml.zip,2026-02-01 00:00:48,,
SO.103591001,103591001,1,7,2021-01-04,2020-12-11,1,1.0,2.0,1,3,1,2,129.0,1,2398898,3652735,43292122010,991,81941817010,55468,POINT (-757657.85 -1044013.74),True,2021-02-01 00:06:52,20210131_OB_539309_UKSH.xml.zip,2021-02-01 00:06:52,2026-02-01 00:00:48,change
SO.103591001,103591001,1,7,2026-01-08,2020-12-11,1,1.0,2.0,1,3,1,2,129.0,11,4852736,7496056,43292122010,991,81941817010,55468,POINT (-757657.85 -1044013.74),True,2026-02-01 00:00:48,20260131_OB_539309_UKSH.xml.zip,2026-02-01 00:00:48,,
SO.103593918,103593918,1,7,2021-01-04,2020-11-04,1,1.0,3.0,1,3,1,2,148.0,1,2399121,3651387,,984,79893461010,55468,POINT (-757646.29 -1044125.07),False,2021-02-01 00:06:52,20210131_OB_539309_UKSH.xml.zip,2021-02-01 00:06:52,2021-03-03 00:04:56,change
SO.103593918,103593918,1,7,2021-01-04,2020-11-04,1,1.0,3.0,1,3,1,2,148.0,1,2399121,3695272,44370118010,984,79893461010,55468,POINT (-757646.29 -1044125.07),True,2021-03-03 00:04:56,20210302_OB_539309_UKSH.xml.zip,2021-03-03 00:04:56,2026-02-01 00:00:48,change
SO.103593918,103593918,1,7,2026-01-08,2020-11-04,1,1.0,3.0,1,3,1,2,148.0,16,4852736,7496056,44370118010,984,79893461010,55468,POINT (-757646.29 -1044125.07),True,2026-02-01 00:00:48,20260131_OB_539309_UKSH.xml.zip,2026-02-01 00:00:48,,
SO.103594558,103594558,1,7,2021-01-04,2020-10-13,1,1.0,1.0,1,3,1,2,149.0,1,2399139,3654093,43340103010,989,73352764010,55468,POINT (-757954.47 -1043937),True,2021-02-01 00:06:52,20210131_OB_539309_UKSH.xml.zip,2021-02-01 00:06:52,2026-02-01 00:00:48,change
SO.103594558,103594558,1,7,2026-01-08,2020-10-13,1,1.0,1.0,1,3,1,2,149.0,16,4852736,7496056,43340103010,989,73352764010,55468,POINT (-757954.47 -1043937),True,2026-02-01 00:00:48,20260131_OB_539309_UKSH.xml.zip,2026-02-01 00:00:48,,
SO.103595317,103595317,1,7,2021-01-04,2020-11-16,1,1.0,2.0,1,3,1,2,106.0,1,2399191,3664414,43739145010,960,80798029010,55468,POINT (-756706.52 -1044538.65),True,2021-02-01 00:06:52,20210131_OB_539309_UKSH.xml.zip,2021-02-01 00:06:52,2026-02-01 00:00:48,change
SO.103595317,103595317,1,7,2026-01-08,2020-11-16,1,1.0,2.0,1,3,1,2,106.0,16,4852736,7496056,43739145010,960,80798029010,55468,POINT (-756706.52 -1044538.65),True,2026-02-01 00:00:48,20260131_OB_539309_UKSH.xml.zip,2026-02-01 00:00:48,,
SO.103659226,103659226,1,7,2021-01-13,2021-01-07,1,1.0,2.0,1,3,1,2,211.0,1,2404350,3665977,16477550010,992,35917779010,55468,POINT (-757716.32 -1043939.55),True,2021-02-01 00:06:52,20210131_OB_539309_UKSH.xml.zip,2021-02-01 00:06:52,2026-02-01 00:00:48,change
SO.103659226,103659226,1,7,2026-01-08,2021-01-07,1,1.0,2.0,1,3,1,2,211.0,16,4852736,7496056,16477550010,992,35917779010,55468,POINT (-757716.32 -1043939.55),True,2026-02-01 00:00:48,20260131_OB_539309_UKSH.xml.zip,2026-02-01 00:00:48,,
SO.103704205,103704205,1,6,2021-01-19,2021-01-08,1,28.0,4.0,1,3,1,1,540.0,1,2407909,3670490,31286810010,958,75475910010,55468,POINT (-757273.91 -1044712.32),True,2021-02-01 00:06:52,20210131_OB_539309_UKSH.xml.zip,2021-02-01 00:06:52,2026-02-01 00:00:48,change
SO.103704205,103704205,1,6,2026-01-08,2021-01-08,1,28.0,4.0,1,3,1,1,540.0,15,4852736,7496056,31286810010,958,75475910010,55468,POINT (-757273.91 -1044712.32),True,2026-02-01 00:00:48,20260131_OB_539309_UKSH.xml.zip,2026-02-01 00:00:48,,
SO.104100737,104100737,1,7,2021-03-08,2021-02-23,1,1.0,2.0,1,1,1,2,105.0,1,2441980,3741005,45266127010,993,80948188010,55468,POINT (-756699.03 -1044296.88),True,2021-04-01 00:19:34,20210331_OB_539309_UKSH.xml.zip,2021-04-01 00:19:34,2021-09-01 15:04:49,change
SO.104100737,104100737,1,7,2021-08-05,2021-02-23,1,1.0,2.0,1,1,1,2,115.0,1,2548321,3937161,45266127010,993,80948188010,55468,POINT (-756699.03 -1044296.88),True,2021-09-01 15:04:49,20210831_OB_539309_UKSH.xml.zip,2021-09-01 15:04:49,2026-02-01 00:00:48,change
SO.104100737,104100737,1,7,2026-01-08,2021-02-23,1,1.0,2.0,1,1,1,2,115.0,11,4852736,7496056,45266127010,993,80948188010,55468,POINT (-756699.03 -1044296.88),True,2026-02-01 00:00:48,20260131_OB_539309_UKSH.xml.zip,2026-02-01 00:00:48,,
SO.104100877,104100877,1,7,2021-03-08,2021-03-01,1,1.0,2.0,1,1,1,2,174.0,1,2442037,3738343,45197134010,995,83192928010,55468,POINT (-756686.1 -1044358.65),True,2021-04-01 00:19:34,20210331_OB_539309_UKSH.xml.zip,2021-04-01 00:19:34,2026-02-01 00:00:48,change
SO.104100877,104100877,1,7,2026-01-08,2021-03-01,1,1.0,2.0,1,1,1,2,174.0,11,4852736,7496056,45197134010,995,83192928010,55468,POINT (-756686.1 -1044358.65),True,2026-02-01 00:00:48,20260131_OB_539309_UKSH.xml.zip,2026-02-01 00:00:48,,
SO.104272040,104272040,3,18,2021-03-30,2021-03-08,1,0.0,1.0,4,3,2,2,16.0,4,2459098,3761695,,,83668129010,,POINT (-757049.99 -1043796.81),False,2021-04-01 00:19:34,20210331_OB_539309_UKSH.xml.zip,2021-04-01 00:19:34,2021-05-01 00:17:22,change
SO.104272040,104272040,3,18,2021-03-30,2021-03-08,1,0.0,1.0,4,3,2,2,16.0,4,2459098,3766808,45800195010,,83668129010,,POINT (-757049.99 -1043796.81),True,2021-05-01 00:17:22,20210430_OB_539309_UKSH.xml.zip,2021-05-01 00:17:22,,
SO.104272121,104272121,3,18,2021-03-30,2021-03-08,1,0.0,1.0,4,3,2,2,54.0,4,2459098,3761695,,,83668128010,,POINT (-757054.43 -1043803.42),False,2021-04-01 00:19:34,20210331_OB_539309_UKSH.xml.zip,2021-04-01 00:19:34,2021-05-01 00:17:22,change
SO.104272121,104272121,3,18,2021-03-30,2021-03-08,1,0.0,1.0,4,3,2,2,54.0,4,2459098,3766809,45800198010,,83668128010,,POINT (-757054.43 -1043803.42),True,2021-05-01 00:17:22,20210430_OB_539309_UKSH.xml.zip,2021-05-01 00:17:22,2021-06-02 00:00:04,change
SO.104272121,104272121,3,18,2021-03-30,2021-03-08,1,0.0,1.0,4,3,2,2,54.0,4,2459098,3766809,45800198010,,83668128010,,POINT (-757054.43 -1043803.42),True,2021-06-02 00:00:04,20210601_OB_539309_UKSH.xml.zip,2021-06-02 00:00:04,,
SO.104272872,104272872,1,7,2021-03-30,2021-03-18,1,1.0,2.0,1,3,1,2,109.0,1,2459145,3761812,,999,80930709010,55468,POINT (-756655.92 -1044323.23),False,2021-04-01 00:19:34,20210331_OB_539309_UKSH.xml.zip,2021-04-01 00:19:34,2021-05-01 00:17:22,change
SO.104272872,104272872,1,7,2021-03-30,2021-03-18,1,1.0,2.0,1,3,1,2,109.0,1,2459145,3765130,45760118010,999,80930709010,55468,POINT (-756655.92 -1044323.23),True,2021-05-01 00:17:22,20210430_OB_539309_UKSH.xml.zip,2021-05-01 00:17:22,2021-09-01 15:04:49,change
SO.104272872,104272872,1,7,2021-08-05,2021-03-18,1,1.0,2.0,1,3,1,2,115.0,1,2548321,3937161,45760118010,999,80930709010,55468,POINT (-756655.92 -1044323.23),True,2021-09-01 15:04:49,20210831_OB_539309_UKSH.xml.zip,2021-09-01 15:04:49,2021-10-01 12:10:08,change
SO.104272872,104272872,1,7,2021-08-05,2021-03-18,1,1.0,2.0,1,3,1,2,115.0,1,2548321,3937161,45760118010,999,80930709010,55468,POINT (-756655.92 -1044323.23),True,2021-10-01 12:10:08,20210930_OB_539309_UKSH.xml.zip,2021-10-01 12:10:08,,
SO.104282584,104282584,1,7,2021-03-31,2021-03-17,1,1.0,2.0,1,3,1,2,110.0,1,2460194,3763644,,1001,83824236010,55468,POINT (-756630.88 -1044340.16),False,2021-04-01 00:19:34,20210331_OB_539309_UKSH.xml.zip,2021-04-01 00:19:34,2021-05-01 00:17:22,change
SO.104282584,104282584,1,7,2021-03-31,2021-03-17,1,1.0,2.0,1,3,1,2,110.0,1,2460194,3765703,45771117010,1001,83824236010,55468,POINT (-756630.88 -1044340.16),True,2021-05-01 00:17:22,20210430_OB_539309_UKSH.xml.zip,2021-05-01 00:17:22,2021-09-01 15:04:49,change
SO.104282584,104282584,1,7,2021-08-05,2021-03-17,1,1.0,2.0,1,3,1,2,100.0,1,2548321,3937161,45771117010,1001,83824236010,55468,POINT (-756630.88 -1044340.16),True,2021-09-01 15:04:49,20210831_OB_539309_UKSH.xml.zip,2021-09-01 15:04:49,2026-02-01 00:00:48,change
SO.104282584,104282584,1,7,2026-01-08,2021-03-17,1,1.0,2.0,1,3,1,2,100.0,15,4852736,7496056,45771117010,1001,83824236010,55468,POINT (-756630.88 -1044340.16),True,2026-02-01 00:00:48,20260131_OB_539309_UKSH.xml.zip,2026-02-01 00:00:48,,
SO.104283246,104283246,1,7,2021-03-31,2021-03-18,1,1.0,2.0,1,3,1,2,114.0,1,2460272,3763742,,970,83830313010,55468,POINT (-756664.09 -1044423.69),False,2021-04-01 00:19:34,20210331_OB_539309_UKSH.xml.zip,2021-04-01 00:19:34,2021-05-01 00:17:22,change
SO.104283246,104283246,1,7,2021-03-31,2021-03-18,1,1.0,2.0,1,3,1,2,114.0,1,2460272,3765701,45786116010,970,83830313010,55468,POINT (-756664.09 -1044423.69),True,2021-05-01 00:17:22,20210430_OB_539309_UKSH.xml.zip,2021-05-01 00:17:22,2021-09-01 15:04:49,change
SO.104283246,104283246,1,7,2021-03-31,2021-03-18,1,1.0,2.0,1,3,1,2,114.0,1,2460272,3765701,45786116010,970,83830313010,55468,POINT (-756664.09 -1044423.69),True,2021-09-01 15:04:49,20210831_OB_539309_UKSH.xml.zip,2021-09-01 15:04:49,2026-02-01 00:00:48,change
SO.104283246,104283246,1,7,2026-01-08,2021-03-18,1,1.0,2.0,1,3,1,2,114.0,15,4852736,7496056,45786116010,970,83830313010,55468,POINT (-756664.09 -1044423.69),True,2026-02-01 00:00:48,20260131_OB_539309_UKSH.xml.zip,2026-02-01 00:00:48,,
SO.104283602,104283602,1,7,2021-03-31,2021-03-18,1,1.0,2.0,1,3,1,2,115.0,1,2460293,3763809,,997,84278125010,55468,POINT (-756677.82 -1044311),False,2021-04-01 00:19:34,20210331_OB_539309_UKSH.xml.zip,2021-04-01 00:19:34,2021-05-01 00:17:22,change
SO.104283602,104283602,1,7,2021-04-01,2021-03-18,1,1.0,2.0,1,3,1,2,115.0,1,2461305,3765603,45785113010,997,84278125010,55468,POINT (-756677.79 -1044311.33),True,2021-05-01 00:17:22,20210430_OB_539309_UKSH.xml.zip,2021-05-01 00:17:22,2021-09-01 15:04:49,change
SO.104283602,104283602,1,7,2021-08-05,2021-03-18,1,1.0,2.0,1,3,1,2,116.0,1,2548321,3937161,45785113010,997,84278125010,55468,POINT (-756677.79 -1044311.33),True,2021-09-01 15:04:49,20210831_OB_539309_UKSH.xml.zip,2021-09-01 15:04:49,2026-02-01 00:00:48,change
SO.104283602,104283602,1,7,2026-01-08,2021-03-18,1,1.0,2.0,1,3,1,2,116.0,15,4852736,7496056,45785113010,997,84278125010,55468,POINT (-756677.79 -1044311.33),True,2026-02-01 00:00:48,20260131_OB_539309_UKSH.xml.zip,2026-02-01 00:00:48,,
SO.104366184,104366184,1,7,2021-04-14,2021-03-18,1,1.0,2.0,1,3,1,2,125.0,1,2466882,3778689,46227252010,1000,83837125010,55468,POINT (-756645.46 -1044333.44),True,2021-05-01 00:17:22,20210430_OB_539309_UKSH.xml.zip,2021-05-01 00:17:22,2021-09-01 15:04:49,change
SO.104366184,104366184,1,7,2021-08-05,2021-03-18,1,1.0,2.0,1,3,1,2,116.0,1,2548321,3937161,46227252010,1000,83837125010,55468,POINT (-756645.46 -1044333.44),True,2021-09-01 15:04:49,20210831_OB_539309_UKSH.xml.zip,2021-09-01 15:04:49,2026-02-01 00:00:48,change
SO.104366184,104366184,1,7,2026-01-08,2021-03-18,1,1.0,2.0,1,3,1,2,116.0,11,4852736,7496056,46227252010,1000,83837125010,55468,POINT (-756645.46 -1044333.44),True,2026-02-01 00:00:48,20260131_OB_539309_UKSH.xml.zip,2026-02-01 00:00:48,,
SO.104372478,104372478,1,7,2021-04-14,2021-03-18,1,1.0,2.0,1,3,1,2,101.0,1,2467371,3781725,46424173010,994,80948189010,55468,POINT (-756691.97 -1044302.27),True,2021-05-01 00:17:22,20210430_OB_539309_UKSH.xml.zip,2021-05-01 00:17:22,2021-09-01 15:04:49,change
SO.104372478,104372478,1,7,2021-08-05,2021-03-18,1,1.0,2.0,1,3,1,2,115.0,1,2548321,3937161,46424173010,994,80948189010,55468,POINT (-756691.97 -1044302.27),True,2021-09-01 15:04:49,20210831_OB_539309_UKSH.xml.zip,2021-09-01 15:04:49,2026-02-01 00:00:48,change
SO.104372478,104372478,1,7,2026-01-08,2021-03-18,1,1.0,2.0,1,3,1,2,115.0,11,4852736,7496056,46424173010,994,80948189010,55468,POINT (-756691.97 -1044302.27),True,2026-02-01 00:00:48,20260131_OB_539309_UKSH.xml.zip,2026-02-01 00:00:48,,
SO.104408570,104408570,1,7,2021-04-19,2021-03-18,1,1.0,2.0,1,3,1,2,60.0,1,2470227,3783559,,1002,84173768010,55468,POINT (-757427.84 -1044639.28),False,2021-05-01 00:17:22,20210430_OB_539309_UKSH.xml.zip,2021-05-01 00:17:22,2021-06-02 00:00:04,change
SO.104408570,104408570,1,7,2021-04-19,2021-03-18,1,1.0,2.0,1,3,1,2,60.0,1,2470227,3809236,47369183010,1002,84173768010,55468,POINT (-757427.84 -1044639.28),True,2021-06-02 00:00:04,20210601_OB_539309_UKSH.xml.zip,2021-06-02 00:00:04,2026-02-01 00:00:48,change
SO.104408570,104408570,1,7,2026-01-08,2021-03-18,1,1.0,2.0,1,3,1,2,60.0,16,4852736,7496056,47369183010,1002,84173768010,55468,POINT (-757427.84 -1044639.28),True,2026-02-01 00:00:48,20260131_OB_539309_UKSH.xml.zip,2026-02-01 00:00:48,,
SO.104408855,104408855,1,7,2021-04-19,2021-03-18,1,1.0,2.0,1,3,1,2,59.0,1,2470227,3783559,,1003,84173769010,55468,POINT (-757427.19 -1044646.05),False,2021-05-01 00:17:22,20210430_OB_539309_UKSH.xml.zip,2021-05-01 00:17:22,2021-06-02 00:00:04,change
SO.104408855,104408855,1,7,2021-04-19,2021-03-18,1,1.0,2.0,1,3,1,2,59.0,1,2470227,3809240,47371180010,1003,84173769010,55468,POINT (-757427.19 -1044646.05),True,2021-06-02 00:00:04,20210601_OB_539309_UKSH.xml.zip,2021-06-02 00:00:04,2026-02-01 00:00:48,change
SO.104408855,104408855,1,7,2026-01-08,2021-03-18,1,1.0,2.0,1,3,1,2,59.0,16,4852736,7496056,47371180010,1003,84173769010,55468,POINT (-757427.19 -1044646.05),True,2026-02-01 00:00:48,20260131_OB_539309_UKSH.xml.zip,2026-02-01 00:00:48,,
SO.104409100,104409100,1,7,2021-04-19,2021-03-18,1,1.0,2.0,1,3,1,2,60.0,1,2470227,3783559,,1004,84173770010,55468,POINT (-757428.25 -1044653.07),False,2021-05-01 00:17:22,20210430_OB_539309_UKSH.xml.zip,2021-05-01 00:17:22,2021-06-02 00:00:04,change
SO.104409100,104409100,1,7,2021-04-19,2021-03-18,1,1.0,2.0,1,3,1,2,60.0,1,2470227,3809243,47371181010,1004,84173770010,55468,POINT (-757428.25 -1044653.07),True,2021-06-02 00:00:04,20210601_OB_539309_UKSH.xml.zip,2021-06-02 00:00:04,2026-02-01 00:00:48,change
SO.104409100,104409100,1,7,2026-01-08,2021-03-18,1,1.0,2.0,1,3,1,2,60.0,11,4852736,7496056,47371181010,1004,84173770010,55468,POINT (-757428.25 -1044653.07),True,2026-02-01 00:00:48,20260131_OB_539309_UKSH.xml.zip,2026-02-01 00:00:48,,
SO.104409452,104409452,1,7,2021-04-19,2021-03-18,1,1.0,2.0,1,3,1,2,61.0,1,2470307,3783638,,1010,84173767010,55468,POINT (-757458.83 -1044654.47),False,2021-05-01 00:17:22,20210430_OB_539309_UKSH.xml.zip,2021-05-01 00:17:22,2021-06-02 00:00:04,change
SO.104409452,104409452,1,7,2021-04-19,2021-03-18,1,1.0,2.0,1,3,1,2,61.0,1,2470307,3809239,47371187010,1010,84173767010,55468,POINT (-757458.83 -1044654.47),True,2021-06-02 00:00:04,20210601_OB_539309_UKSH.xml.zip,2021-06-02 00:00:04,2026-02-01 00:00:48,change
SO.104409452,104409452,1,7,2026-01-08,2021-03-18,1,1.0,2.0,1,3,1,2,61.0,16,4852736,7496056,47371187010,1010,84173767010,55468,POINT (-757458.83 -1044654.47),True,2026-02-01 00:00:48,20260131_OB_539309_UKSH.xml.zip,2026-02-01 00:00:48,,
SO.104409720,104409720,1,7,2021-04-19,2021-03-18,1,1.0,2.0,1,3,1,2,59.0,1,2470307,3783638,,1009,84173766010,55468,POINT (-757459.37 -1044647.49),False,2021-05-01 00:17:22,20210430_OB_539309_UKSH.xml.zip,2021-05-01 00:17:22,2021-06-02 00:00:04,change
SO.104409720,104409720,1,7,2021-04-19,2021-03-18,1,1.0,2.0,1,3,1,2,59.0,1,2470307,3809235,47371186010,1009,84173766010,55468,POINT (-757459.37 -1044647.49),True,2021-06-02 00:00:04,20210601_OB_539309_UKSH.xml.zip,2021-06-02 00:00:04,2026-02-01 00:00:48,change
SO.104409720,104409720,1,7,2026-01-08,2021-03-18,1,1.0,2.0,1,3,1,2,59.0,16,4852736,7496056,47371186010,1009,84173766010,55468,POINT (-757459.37 -1044647.49),True,2026-02-01 00:00:48,20260131_OB_539309_UKSH.xml.zip,2026-02-01 00:00:48,,
SO.104409801,104409801,1,7,2021-04-19,2021-03-18,1,1.0,2.0,1,3,1,2,60.0,1,2470307,3783638,,1008,84173765010,55468,POINT (-757458.72 -1044640.4),False,2021-05-01 00:17:22,20210430_OB_539309_UKSH.xml.zip,2021-05-01 00:17:22,2021-06-02 00:00:04,change
SO.104409801,104409801,1,7,2021-04-19,2021-03-18,1,1.0,2.0,1,3,1,2,60.0,1,2470307,3809238,47371185010,1008,84173765010,55468,POINT (-757458.72 -1044640.4),True,2021-06-02 00:00:04,20210601_OB_539309_UKSH.xml.zip,2021-06-02 00:00:04,2026-02-01 00:00:48,change
SO.104409801,104409801,1,7,2026-01-08,2021-03-18,1,1.0,2.0,1,3,1,2,60.0,16,4852736,7496056,47371185010,1008,84173765010,55468,POINT (-757458.72 -1044640.4),True,2026-02-01 00:00:48,20260131_OB_539309_UKSH.xml.zip,2026-02-01 00:00:48,,
SO.104540133,104540133,1,15,2021-05-03,2021-04-13,4,0.0,2.0,1,1,1,2,444.0,1,2480282,3802455,,966,82829209010,55468,POINT (-757515.15 -1044504.1),False,2021-06-02 00:00:04,20210601_OB_539309_UKSH.xml.zip,2021-06-02 00:00:04,2024-04-01 00:00:37,change
SO.104540133,104540133,1,15,2024-03-26,2021-04-13,4,0.0,2.0,1,1,1,2,444.0,1,3344423,5443745,47245227010,966,84624147010,55468,POINT (-757515.8 -1044504.3),True,2024-04-01 00:00:37,20240331_OB_539309_UKSH.xml.zip,2024-04-01 00:00:37,2026-02-01 00:00:48,change
SO.104540133,104540133,1,15,2026-01-08,2021-04-13,4,0.0,2.0,1,1,1,2,444.0,11,4852736,7496056,47245227010,966,84624147010,55468,POINT (-757515.8 -1044504.3),True,2026-02-01 00:00:48,20260131_OB_539309_UKSH.xml.zip,2026-02-01 00:00:48,,
SO.104544511,104544511,1,7,2021-05-03,2021-03-26,1,1.0,2.0,1,3,1,2,59.0,1,2480594,3809241,47371182010,1005,83931386010,55468,POINT (-757428.59 -1044670.98),True,2021-06-02 00:00:04,20210601_OB_539309_UKSH.xml.zip,2021-06-02 00:00:04,2026-02-01 00:00:48,change
SO.104544511,104544511,1,7,2026-01-08,2021-03-26,1,1.0,2.0,1,3,1,2,59.0,16,4852736,7496056,47371182010,1005,83931386010,55468,POINT (-757428.59 -1044670.98),True,2026-02-01 00:00:48,20260131_OB_539309_UKSH.xml.zip,2026-02-01 00:00:48,,
SO.104544589,104544589,1,7,2021-05-03,2021-03-26,1,1.0,2.0,1,3,1,2,58.0,1,2480594,3809237,47371183010,1006,83931387010,55468,POINT (-757428.02 -1044677.53),True,2021-06-02 00:00:04,20210601_OB_539309_UKSH.xml.zip,2021-06-02 00:00:04,2026-02-01 00:00:48,change
SO.104544589,104544589,1,7,2026-01-08,2021-03-26,1,1.0,2.0,1,3,1,2,58.0,16,4852736,7496056,47371183010,1006,83931387010,55468,POINT (-757428.02 -1044677.53),True,2026-02-01 00:00:48,20260131_OB_539309_UKSH.xml.zip,2026-02-01 00:00:48,,
SO.104544805,104544805,1,7,2021-05-03,2021-03-26,1,1.0,2.0,1,3,1,2,59.0,1,2480594,3809242,47371184010,1007,83931388010,55468,POINT (-757429.16 -1044684.08),True,2021-06-02 00:00:04,20210601_OB_539309_UKSH.xml.zip,2021-06-02 00:00:04,2026-02-01 00:00:48,change
SO.104544805,104544805,1,7,2026-01-08,2021-03-26,1,1.0,2.0,1,3,1,2,59.0,16,4852736,7496056,47371184010,1007,83931388010,55468,POINT (-757429.16 -1044684.08),True,2026-02-01 00:00:48,20260131_OB_539309_UKSH.xml.zip,2026-02-01 00:00:48,,
SO.104544937,104544937,1,7,2021-05-03,2021-03-26,1,1.0,2.0,1,3,1,2,58.0,1,2480594,3820397,47371190010,1012,83931379010,55468,POINT (-757460 -1044674.56),True,2021-06-02 00:00:04,20210601_OB_539309_UKSH.xml.zip,2021-06-02 00:00:04,2026-02-01 00:00:48,change
SO.104544937,104544937,1,7,2026-01-08,2021-03-26,1,1.0,2.0,1,3,1,2,58.0,16,4852736,7496056,47371190010,1012,83931379010,55468,POINT (-757460 -1044674.56),True,2026-02-01 00:00:48,20260131_OB_539309_UKSH.xml.zip,2026-02-01 00:00:48,,
SO.104545054,104545054,1,7,2021-05-03,2021-03-26,1,1.0,2.0,1,3,1,2,59.0,1,2480594,3820394,47371191010,1013,83931380010,55468,POINT (-757459.9 -1044681.17),True,2021-06-02 00:00:04,20210601_OB_539309_UKSH.xml.zip,2021-06-02 00:00:04,2026-02-01 00:00:48,change
SO.104545054,104545054,1,7,2026-01-08,2021-03-26,1,1.0,2.0,1,3,1,2,59.0,16,4852736,7496056,47371191010,1013,83931380010,55468,POINT (-757459.9 -1044681.17),True,2026-02-01 00:00:48,20260131_OB_539309_UKSH.xml.zip,2026-02-01 00:00:48,,
SO.104545160,104545160,1,7,2021-05-03,2021-03-26,1,1.0,2.0,1,3,1,2,59.0,1,2480594,3820395,47371189010,1011,83931378010,55468,POINT (-757458.8 -1044667.96),True,2021-06-02 00:00:04,20210601_OB_539309_UKSH.xml.zip,2021-06-02 00:00:04,2026-02-01 00:00:48,change
SO.104545160,104545160,1,7,2026-01-08,2021-03-26,1,1.0,2.0,1,3,1,2,59.0,13,4852736,7496056,47371189010,1011,83931378010,55468,POINT (-757458.8 -1044667.96),True,2026-02-01 00:00:48,20260131_OB_539309_UKSH.xml.zip,2026-02-01 00:00:48,,
SO.104553413,104553413,3,18,2021-05-04,2021-04-23,1,0.0,1.0,4,3,2,2,35.0,4,2481356,3804706,,,82713336010,,POINT (-756593.44 -1044404.08),False,2021-06-02 00:00:04,20210601_OB_539309_UKSH.xml.zip,2021-06-02 00:00:04,2021-10-01 12:10:08,change
SO.104553413,104553413,3,18,2021-05-04,2021-04-23,1,0.0,1.0,4,3,2,2,35.0,4,2481356,3993256,50586245010,,82713336010,,POINT (-756593.44 -1044404.08),True,2021-10-01 12:10:08,20210930_OB_539309_UKSH.xml.zip,2021-10-01 12:10:08,,
SO.104553553,104553553,1,7,2021-05-04,2021-04-23,1,1.0,2.0,1,3,1,2,111.0,1,2481356,3804706,,1016,82713335010,55468,POINT (-756590.15 -1044412.78),False,2021-06-02 00:00:04,20210601_OB_539309_UKSH.xml.zip,2021-06-02 00:00:04,2021-10-01 12:10:08,change
SO.104553553,104553553,1,7,2021-05-04,2021-04-23,1,1.0,2.0,1,3,1,2,111.0,1,2481356,3993257,50586244010,1016,82713335010,55468,POINT (-756590.15 -1044412.78),True,2021-10-01 12:10:08,20210930_OB_539309_UKSH.xml.zip,2021-10-01 12:10:08,2026-02-01 00:00:48,change
SO.104553553,104553553,1,7,2026-01-08,2021-04-23,1,1.0,2.0,1,3,1,2,111.0,11,4852736,7496056,50586244010,1016,82713335010,55468,POINT (-756590.15 -1044412.78),True,2026-02-01 00:00:48,20260131_OB_539309_UKSH.xml.zip,2026-02-01 00:00:48,,
SO.104553600,104553600,3,18,2021-05-04,2021-04-22,1,0.0,1.0,4,3,2,2,35.0,4,2481377,3804712,,,82713338010,,POINT (-756601.32 -1044424.37),False,2021-06-02 00:00:04,20210601_OB_539309_UKSH.xml.zip,2021-06-02 00:00:04,2021-10-01 12:10:08,change
SO.104553600,104553600,3,18,2021-05-04,2021-04-22,1,0.0,1.0,4,3,2,2,35.0,4,2481377,3993934,50607253010,,82713338010,,POINT (-756601.32 -1044424.37),True,2021-10-01 12:10:08,20210930_OB_539309_UKSH.xml.zip,2021-10-01 12:10:08,,
SO.104553685,104553685,1,7,2021-05-04,2021-04-22,1,1.0,2.0,1,3,1,2,111.0,1,2481377,3804712,,1017,82713337010,55468,POINT (-756593.62 -1044420.29),False,2021-06-02 00:00:04,20210601_OB_539309_UKSH.xml.zip,2021-06-02 00:00:04,2021-10-01 12:10:08,change
SO.104553685,104553685,1,7,2021-05-04,2021-04-22,1,1.0,2.0,1,3,1,2,111.0,1,2481377,3993935,50607248010,1017,82713337010,55468,POINT (-756593.62 -1044420.29),True,2021-10-01 12:10:08,20210930_OB_539309_UKSH.xml.zip,2021-10-01 12:10:08,2026-02-01 00:00:48,change
SO.104553685,104553685,1,7,2026-01-08,2021-04-22,1,1.0,2.0,1,3,1,2,111.0,11,4852736,7496056,50607248010,1017,82713337010,55468,POINT (-756593.62 -1044420.29),True,2026-02-01 00:00:48,20260131_OB_539309_UKSH.xml.zip,2026-02-01 00:00:48,,
SO.104556650,104556650,1,7,2021-05-04,2021-04-23,1,1.0,2.0,1,3,1,2,111.0,1,2481622,3805157,,1019,82713341010,55468,POINT (-756609.72 -1044451.03),False,2021-06-02 00:00:04,20210601_OB_539309_UKSH.xml.zip,2021-06-02 00:00:04,2021-10-01 12:10:08,change
SO.104556650,104556650,1,7,2021-05-04,2021-04-23,1,1.0,2.0,1,3,1,2,111.0,1,2481622,3993049,50579425010,1019,82713341010,55468,POINT (-756609.72 -1044451.03),True,2021-10-01 12:10:08,20210930_OB_539309_UKSH.xml.zip,2021-10-01 12:10:08,2026-02-01 00:00:48,change
SO.104556650,104556650,1,7,2026-01-08,2021-04-23,1,1.0,2.0,1,3,1,2,111.0,11,4852736,7496056,50579425010,1019,82713341010,55468,POINT (-756609.72 -1044451.03),True,2026-02-01 00:00:48,20260131_OB_539309_UKSH.xml.zip,2026-02-01 00:00:48,,
SO.104556757,104556757,1,7,2021-05-04,2021-04-23,1,1.0,2.0,1,3,1,2,111.0,1,2481630,3805171,,1020,82713343010,55468,POINT (-756625.96 -1044471.97),False,2021-06-02 00:00:04,20210601_OB_539309_UKSH.xml.zip,2021-06-02 00:00:04,2021-10-01 12:10:08,change
SO.104556757,104556757,1,7,2021-05-04,2021-04-23,1,1.0,2.0,1,3,1,2,111.0,1,2481630,3992711,50576246010,1020,82713343010,55468,POINT (-756625.96 -1044471.97),True,2021-10-01 12:10:08,20210930_OB_539309_UKSH.xml.zip,2021-10-01 12:10:08,2026-02-01 00:00:48,change
SO.104556757,104556757,1,7,2026-01-08,2021-04-23,1,1.0,2.0,1,3,1,2,111.0,11,4852736,7496056,50576246010,1020,82713343010,55468,POINT (-756625.96 -1044471.97),True,2026-02-01 00:00:48,20260131_OB_539309_UKSH.xml.zip,2026-02-01 00:00:48,,
SO.104556854,104556854,3,18,2021-05-04,2021-04-23,1,0.0,1.0,4,3,2,2,35.0,4,2481622,3805157,,,82713342010,,POINT (-756617.72 -1044453.62),False,2021-06-02 00:00:04,20210601_OB_539309_UKSH.xml.zip,2021-06-02 00:00:04,2021-10-01 12:10:08,change
SO.104556854,104556854,3,18,2021-05-04,2021-04-23,1,0.0,1.0,4,3,2,2,35.0,4,2481622,3993048,50579426010,,82713342010,,POINT (-756617.72 -1044453.62),True,2021-10-01 12:10:08,20210930_OB_539309_UKSH.xml.zip,2021-10-01 12:10:08,,
SO.104556943,104556943,3,18,2021-05-04,2021-04-23,1,0.0,1.0,4,3,2,2,35.0,4,2481630,3805171,,,82713344010,,POINT (-756626.62 -1044464.38),False,2021-06-02 00:00:04,20210601_OB_539309_UKSH.xml.zip,2021-06-02 00:00:04,2021-10-01 12:10:08,change
SO.104556943,104556943,3,18,2021-05-04,2021-04-23,1,0.0,1.0,4,3,2,2,35.0,4,2481630,3992713,50576247010,,82713344010,,POINT (-756626.62 -1044464.38),True,2021-10-01 12:10:08,20210930_OB_539309_UKSH.xml.zip,2021-10-01 12:10:08,,
SO.104560851,104560851,1,7,2021-05-05,2021-04-23,1,1.0,2.0,1,3,1,2,111.0,1,2481889,3806009,,1018,82713339010,55468,POINT (-756605.28 -1044443.83),False,2021-06-02 00:00:04,20210601_OB_539309_UKSH.xml.zip,2021-06-02 00:00:04,2021-10-01 12:10:08,change
SO.104560851,104560851,1,7,2021-05-05,2021-04-23,1,1.0,2.0,1,3,1,2,111.0,1,2481889,3994960,50620249010,1018,82713339010,55468,POINT (-756605.28 -1044443.83),True,2021-10-01 12:10:08,20210930_OB_539309_UKSH.xml.zip,2021-10-01 12:10:08,2026-02-01 00:00:48,change
SO.104560851,104560851,1,7,2026-01-08,2021-04-23,1,1.0,2.0,1,3,1,2,111.0,11,4852736,7496056,50620249010,1018,82713339010,55468,POINT (-756605.28 -1044443.83),True,2026-02-01 00:00:48,20260131_OB_539309_UKSH.xml.zip,2026-02-01 00:00:48,,
SO.104561033,104561033,3,18,2021-05-05,2021-04-23,1,0.0,1.0,4,3,2,2,35.0,4,2481889,3806009,,,82713340010,,POINT (-756607.33 -1044434.76),False,2021-06-02 00:00:04,20210601_OB_539309_UKSH.xml.zip,2021-06-02 00:00:04,2021-10-01 12:10:08,change
SO.104561033,104561033,3,18,2021-05-05,2021-04-23,1,0.0,1.0,4,3,2,2,35.0,4,2481889,3994959,50620251010,,82713340010,,POINT (-756607.33 -1044434.76),True,2021-10-01 12:10:08,20210930_OB_539309_UKSH.xml.zip,2021-10-01 12:10:08,,
SO.104561424,104561424,1,7,2021-05-05,2021-04-23,1,1.0,2.0,1,3,1,2,111.0,1,2481952,3806040,,1015,82713333010,55468,POINT (-756579.99 -1044386.42),False,2021-06-02 00:00:04,20210601_OB_539309_UKSH.xml.zip,2021-06-02 00:00:04,2021-10-01 12:10:08,change
SO.104561424,104561424,1,7,2021-05-05,2021-04-23,1,1.0,2.0,1,3,1,2,111.0,1,2481952,3993904,50604308010,1015,82713333010,55468,POINT (-756579.99 -1044386.42),True,2021-10-01 12:10:08,20210930_OB_539309_UKSH.xml.zip,2021-10-01 12:10:08,2026-02-01 00:00:48,change
SO.104561424,104561424,1,7,2026-01-08,2021-04-23,1,1.0,2.0,1,3,1,2,111.0,11,4852736,7496056,50604308010,1015,82713333010,55468,POINT (-756579.99 -1044386.42),True,2026-02-01 00:00:48,20260131_OB_539309_UKSH.xml.zip,2026-02-01 00:00:48,,
SO.104561441,104561441,3,18,2021-05-05,2021-04-23,1,0.0,1.0,4,3,2,2,35.0,4,2481952,3806040,,,82713334010,,POINT (-756588.55 -1044390.12),False,2021-06-02 00:00:04,20210601_OB_539309_UKSH.xml.zip,2021-06-02 00:00:04,2021-10-01 12:10:08,change
SO.104561441,104561441,3,18,2021-05-05,2021-04-23,1,0.0,1.0,4,3,2,2,35.0,4,2481952,3993905,50604309010,,82713334010,,POINT (-756588.55 -1044390.12),True,2021-10-01 12:10:08,20210930_OB_539309_UKSH.xml.zip,2021-10-01 12:10:08,,
SO.104561564,104561564,3,18,2021-05-05,2021-04-23,1,0.0,1.0,4,3,2,2,35.0,4,2481966,3806094,,,82713332010,,POINT (-756581.01 -1044369.9),False,2021-06-02 00:00:04,20210601_OB_539309_UKSH.xml.zip,2021-06-02 00:00:04,2021-10-01 12:10:08,change
SO.104561564,104561564,3,18,2021-05-05,2021-04-23,1,0.0,1.0,4,3,2,2,35.0,4,2481966,3993662,50604254010,,82713332010,,POINT (-756581.01 -1044369.9),True,2021-10-01 12:10:08,20210930_OB_539309_UKSH.xml.zip,2021-10-01 12:10:08,,
SO.104561700,104561700,1,7,2021-05-05,2021-04-23,1,1.0,2.0,1,3,1,2,111.0,1,2481966,3806094,,1014,82713331010,55468,POINT (-756577.27 -1044377.13),False,2021-06-02 00:00:04,20210601_OB_539309_UKSH.xml.zip,2021-06-02 00:00:04,2021-10-01 12:10:08,change
SO.104561700,104561700,1,7,2021-05-05,2021-04-23,1,1.0,2.0,1,3,1,2,111.0,1,2481966,3993661,50604253010,1014,82713331010,55468,POINT (-756577.27 -1044377.13),True,2021-10-01 12:10:08,20210930_OB_539309_UKSH.xml.zip,2021-10-01 12:10:08,2026-02-01 00:00:48,change
SO.104561700,104561700,1,7,2026-01-08,2021-04-23,1,1.0,2.0,1,3,1,2,111.0,11,4852736,7496056,50604253010,1014,82713331010,55468,POINT (-756577.27 -1044377.13),True,2026-02-01 00:00:48,20260131_OB_539309_UKSH.xml.zip,2026-02-01 00:00:48,,
SO.104821574,104821574,1,7,2021-06-07,2021-02-18,1,1.0,2.0,1,1,1,2,106.0,1,2505392,3853917,,996,82942745010,55468,POINT (-756653.94 -1044494.93),False,2021-07-01 00:25:34,20210630_OB_539309_UKSH.xml.zip,2021-07-01 00:25:34,2021-11-01 06:49:24,change
SO.104821574,104821574,1,7,2021-06-07,2021-02-18,1,1.0,2.0,1,1,1,2,106.0,1,2505392,4026620,51113247010,996,82942745010,55468,POINT (-756653.94 -1044494.93),True,2021-11-01 06:49:24,20211031_OB_539309_UKSH.xml.zip,2021-11-01 06:49:24,2026-02-01 00:00:48,change
SO.104821574,104821574,1,7,2026-01-08,2021-02-18,1,1.0,2.0,1,1,1,2,106.0,11,4852736,7496056,51113247010,996,82942745010,55468,POINT (-756653.94 -1044494.93),True,2026-02-01 00:00:48,20260131_OB_539309_UKSH.xml.zip,2026-02-01 00:00:48,,
SO.105235253,105235253,1,7,2021-07-27,2021-06-15,1,1.0,2.0,1,3,1,2,110.0,1,2544058,3926422,49731248010,1032,85629599010,55468,POINT (-756637.07 -1044398.44),True,2021-08-01 10:37:29,20210731_OB_539309_UKSH.xml.zip,2021-08-01 10:37:29,2021-09-01 15:04:49,change
SO.105235253,105235253,1,7,2021-08-05,2021-06-15,1,1.0,2.0,1,3,1,2,123.0,1,2548321,3937161,49731248010,1032,85629599010,55468,POINT (-756637.07 -1044398.44),True,2021-09-01 15:04:49,20210831_OB_539309_UKSH.xml.zip,2021-09-01 15:04:49,2026-02-01 00:00:48,change
SO.105235253,105235253,1,7,2026-01-08,2021-06-15,1,1.0,2.0,1,3,1,2,123.0,12,4852736,7496056,49731248010,1032,85629599010,55468,POINT (-756637.07 -1044398.44),True,2026-02-01 00:00:48,20260131_OB_539309_UKSH.xml.zip,2026-02-01 00:00:48,,
SO.105240672,105240672,1,7,2021-07-23,2021-06-16,1,1.0,2.0,1,3,1,2,120.0,1,2542385,3924739,49742245010,1027,83785514010,55468,POINT (-756718.46 -1044331.4),True,2021-08-01 10:37:29,20210731_OB_539309_UKSH.xml.zip,2021-08-01 10:37:29,2021-09-01 15:04:49,change
SO.105240672,105240672,1,7,2021-08-05,2021-06-16,1,1.0,2.0,1,3,1,2,119.0,1,2548321,3937161,49742245010,1027,83785514010,55468,POINT (-756718.46 -1044331.4),True,2021-09-01 15:04:49,20210831_OB_539309_UKSH.xml.zip,2021-09-01 15:04:49,2026-02-01 00:00:48,change
SO.105240672,105240672,1,7,2026-01-08,2021-06-16,1,1.0,2.0,1,3,1,2,119.0,12,4852736,7496056,49742245010,1027,83785514010,55468,POINT (-756718.46 -1044331.4),True,2026-02-01 00:00:48,20260131_OB_539309_UKSH.xml.zip,2026-02-01 00:00:48,,
SO.105240818,105240818,1,7,2021-07-23,2021-06-16,1,1.0,2.0,1,3,1,2,120.0,1,2542410,3925637,49735397010,1029,83785516010,55468,POINT (-756705.59 -1044344.49),True,2021-08-01 10:37:29,20210731_OB_539309_UKSH.xml.zip,2021-08-01 10:37:29,2026-02-01 00:00:48,change
SO.105240818,105240818,1,7,2026-01-08,2021-06-16,1,1.0,2.0,1,3,1,2,120.0,12,4852736,7496056,49735397010,1029,83785516010,55468,POINT (-756705.59 -1044344.49),True,2026-02-01 00:00:48,20260131_OB_539309_UKSH.xml.zip,2026-02-01 00:00:48,,
SO.105283959,105283959,1,7,2021-07-29,2021-06-15,1,1.0,2.0,1,3,1,2,116.0,1,2545590,3930234,,971,84209536010,55468,POINT (-756671.64 -1044419.07),False,2021-08-01 10:37:29,20210731_OB_539309_UKSH.xml.zip,2021-08-01 10:37:29,2021-09-01 15:04:49,change
SO.105283959,105283959,1,7,2021-08-05,2021-06-15,1,1.0,2.0,1,3,1,2,116.0,1,2548321,3937161,49841241010,971,84209536010,55468,POINT (-756671.69 -1044419.48),True,2021-09-01 15:04:49,20210831_OB_539309_UKSH.xml.zip,2021-09-01 15:04:49,2026-02-01 00:00:48,change
SO.105283959,105283959,1,7,2026-01-08,2021-06-15,1,1.0,2.0,1,3,1,2,116.0,12,4852736,7496056,49841241010,971,84209536010,55468,POINT (-756671.69 -1044419.48),True,2026-02-01 00:00:48,20260131_OB_539309_UKSH.xml.zip,2026-02-01 00:00:48,,
SO.105295329,105295329,1,7,2021-08-02,2021-06-28,1,1.0,2.0,1,3,1,2,61.0,1,2546342,3935156,49859468010,1034,83931389010,55468,POINT (-757429.89 -1044702.23),True,2021-09-01 15:04:49,20210831_OB_539309_UKSH.xml.zip,2021-09-01 15:04:49,2026-02-01 00:00:48,change
SO.105295329,105295329,1,7,2026-01-08,2021-06-28,1,1.0,2.0,1,3,1,2,61.0,12,4852736,7496056,49859468010,1034,83931389010,55468,POINT (-757429.89 -1044702.23),True,2026-02-01 00:00:48,20260131_OB_539309_UKSH.xml.zip,2026-02-01 00:00:48,,
SO.105295477,105295477,1,7,2021-08-02,2021-06-28,1,1.0,2.0,1,3,1,2,61.0,1,2546342,3935153,49859469010,1035,83931390010,55468,POINT (-757429.11 -1044708.83),True,2021-09-01 15:04:49,20210831_OB_539309_UKSH.xml.zip,2021-09-01 15:04:49,2026-02-01 00:00:48,change
SO.105295477,105295477,1,7,2026-01-08,2021-06-28,1,1.0,2.0,1,3,1,2,61.0,12,4852736,7496056,49859469010,1035,83931390010,55468,POINT (-757429.11 -1044708.83),True,2026-02-01 00:00:48,20260131_OB_539309_UKSH.xml.zip,2026-02-01 00:00:48,,
SO.105295761,105295761,1,7,2021-08-02,2021-06-28,1,1.0,2.0,1,3,1,2,67.0,1,2546342,3935157,49859470010,1036,83931391010,55468,POINT (-757429.17 -1044715.85),True,2021-09-01 15:04:49,20210831_OB_539309_UKSH.xml.zip,2021-09-01 15:04:49,2026-02-01 00:00:48,change
SO.105295761,105295761,1,7,2026-01-08,2021-06-28,1,1.0,2.0,1,3,1,2,67.0,12,4852736,7496056,49859470010,1036,83931391010,55468,POINT (-757429.17 -1044715.85),True,2026-02-01 00:00:48,20260131_OB_539309_UKSH.xml.zip,2026-02-01 00:00:48,,
SO.105295850,105295850,1,7,2021-08-04,2021-06-28,1,1.0,2.0,1,3,1,2,67.0,1,2547603,3935311,47726199010,1039,83931383010,55468,POINT (-757460.84 -1044709.25),True,2021-09-01 15:04:49,20210831_OB_539309_UKSH.xml.zip,2021-09-01 15:04:49,,
SO.105295884,105295884,1,7,2021-08-04,2021-06-28,1,1.0,2.0,1,3,1,2,59.0,1,2547596,3935303,47726198010,1038,83931382010,55468,POINT (-757460.84 -1044702.21),True,2021-09-01 15:04:49,20210831_OB_539309_UKSH.xml.zip,2021-09-01 15:04:49,,
SO.105295914,105295914,1,7,2021-08-04,2021-06-28,1,1.0,2.0,1,3,1,2,60.0,1,2547604,3935312,47726197010,1037,83931381010,55468,POINT (-757460.18 -1044695.4),True,2021-09-01 15:04:49,20210831_OB_539309_UKSH.xml.zip,2021-09-01 15:04:49,,
SO.105435619,105435619,1,12,2021-08-19,2021-07-28,7,1.0,2.0,3,3,1,2,1035.0,1,2560146,3956330,,1044,85679132010,55468,POINT (-756140.21 -1043810.58),False,2021-09-01 15:04:49,20210831_OB_539309_UKSH.xml.zip,2021-09-01 15:04:49,2021-10-01 12:10:08,change
SO.105435619,105435619,1,12,2021-09-02,2021-07-28,7,1.0,2.0,3,3,1,2,1035.0,1,2570451,3973960,50043271010,1044,85679132010,55468,POINT (-756140.28 -1043811.04),True,2021-10-01 12:10:08,20210930_OB_539309_UKSH.xml.zip,2021-10-01 12:10:08,2026-02-01 00:00:48,change
SO.105435619,105435619,1,12,2026-01-08,2021-07-28,7,1.0,2.0,3,3,1,2,1035.0,16,4852736,7496056,50043271010,1044,85679132010,55468,POINT (-756140.28 -1043811.04),True,2026-02-01 00:00:48,20260131_OB_539309_UKSH.xml.zip,2026-02-01 00:00:48,,
SO.105508187,105508187,1,7,2021-08-30,2021-08-09,1,1.0,1.0,1,1,1,2,216.0,1,2567479,3969428,,1043,84876546010,55468,POINT (-757432.21 -1044263.28),False,2021-09-01 15:04:49,20210831_OB_539309_UKSH.xml.zip,2021-09-01 15:04:49,2021-10-01 12:10:08,change
SO.105508187,105508187,1,7,2021-08-30,2021-08-09,1,1.0,1.0,1,1,1,2,216.0,1,2567479,3981006,50398243010,1043,84876546010,55468,POINT (-757432.21 -1044263.28),True,2021-10-01 12:10:08,20210930_OB_539309_UKSH.xml.zip,2021-10-01 12:10:08,2026-02-01 00:00:48,change
SO.105508187,105508187,1,7,2026-01-08,2021-08-09,1,1.0,1.0,1,1,1,2,216.0,11,4852736,7496056,50398243010,1043,84876546010,55468,POINT (-757432.21 -1044263.28),True,2026-02-01 00:00:48,20260131_OB_539309_UKSH.xml.zip,2026-02-01 00:00:48,,
SO.105509159,105509159,1,7,2021-08-30,2021-07-21,1,1.0,2.0,1,1,1,2,160.0,1,2567580,3969450,,1040,86597523010,55468,POINT (-756692.87 -1044529.24),False,2021-09-01 15:04:49,20210831_OB_539309_UKSH.xml.zip,2021-09-01 15:04:49,2021-10-01 12:10:08,change
SO.105509159,105509159,1,7,2021-08-30,2021-07-21,1,1.0,2.0,1,1,1,2,160.0,1,2567580,3996339,50632249010,1040,86597523010,55468,POINT (-756692.87 -1044529.24),True,2021-10-01 12:10:08,20210930_OB_539309_UKSH.xml.zip,2021-10-01 12:10:08,2026-02-01 00:00:48,change
SO.105509159,105509159,1,7,2026-01-08,2021-07-21,1,1.0,2.0,1,1,1,2,160.0,11,4852736,7496056,50632249010,1040,86597523010,55468,POINT (-756692.87 -1044529.24),True,2026-02-01 00:00:48,20260131_OB_539309_UKSH.xml.zip,2026-02-01 00:00:48,,
SO.105649619,105649619,3,19,2021-09-15,2021-09-03,1,0.0,1.0,4,3,2,2,59.0,4,2581259,3992669,,,86555080010,,POINT (-757305.74 -1043909.94),False,2021-10-01 12:10:08,20210930_OB_539309_UKSH.xml.zip,2021-10-01 12:10:08,2021-12-01 00:22:04,change
SO.105649619,105649619,3,19,2021-09-15,2021-09-03,1,0.0,1.0,4,3,2,2,59.0,4,2581259,4106636,52307306010,,86555080010,,POINT (-757305.74 -1043909.94),True,2021-12-01 00:22:04,20211130_OB_539309_UKSH.xml.zip,2021-12-01 00:22:04,,
SO.105742511,105742511,1,7,2021-09-30,2021-08-30,1,1.0,2.0,1,1,1,2,116.0,1,2591050,4012693,50866283010,998,80930708010,55468,POINT (-756663.39 -1044320.15),True,2021-10-01 12:10:08,20210930_OB_539309_UKSH.xml.zip,2021-10-01 12:10:08,2026-02-01 00:00:48,change
SO.105742511,105742511,1,7,2026-01-08,2021-08-30,1,1.0,2.0,1,1,1,2,116.0,11,4852736,7496056,50866283010,998,80930708010,55468,POINT (-756663.39 -1044320.15),True,2026-02-01 00:00:48,20260131_OB_539309_UKSH.xml.zip,2026-02-01 00:00:48,,
SO.105742597,105742597,1,7,2021-09-27,2021-08-24,1,1.0,2.0,1,1,1,2,123.0,1,2589129,4009058,,1031,85629598010,55468,POINT (-756645.58 -1044394.03),False,2021-10-01 12:10:08,20210930_OB_539309_UKSH.xml.zip,2021-10-01 12:10:08,2021-11-01 06:49:24,change
SO.105742597,105742597,1,7,2021-09-27,2021-08-24,1,1.0,2.0,1,1,1,2,123.0,1,2589129,4018897,50866278010,1031,85629598010,55468,POINT (-756645.58 -1044394.03),True,2021-11-01 06:49:24,20211031_OB_539309_UKSH.xml.zip,2021-11-01 06:49:24,2026-02-01 00:00:48,change
SO.105742597,105742597,1,7,2026-01-08,2021-08-24,1,1.0,2.0,1,1,1,2,123.0,11,4852736,7496056,50866278010,1031,85629598010,55468,POINT (-756645.58 -1044394.03),True,2026-02-01 00:00:48,20260131_OB_539309_UKSH.xml.zip,2026-02-01 00:00:48,,
SO.105743267,105743267,1,7,2021-09-27,2021-08-24,1,1.0,2.0,1,3,1,2,120.0,1,2589169,4010372,50866296010,1028,83785515010,55468,POINT (-756710.51 -1044336.24),True,2021-10-01 12:10:08,20210930_OB_539309_UKSH.xml.zip,2021-10-01 12:10:08,2026-02-01 00:00:48,change
SO.105743267,105743267,1,7,2026-01-08,2021-08-24,1,1.0,2.0,1,3,1,2,120.0,16,4852736,7496056,50866296010,1028,83785515010,55468,POINT (-756710.51 -1044336.24),True,2026-02-01 00:00:48,20260131_OB_539309_UKSH.xml.zip,2026-02-01 00:00:48,,
SO.105743844,105743844,1,7,2021-09-27,2021-07-08,1,1.0,2.0,1,3,1,2,65.0,1,2589205,4009213,,880,82473400010,55468,POINT (-757205.2 -1044767.48),False,2021-10-01 12:10:08,20210930_OB_539309_UKSH.xml.zip,2021-10-01 12:10:08,2023-04-01 00:06:22,change
SO.105743844,105743844,1,7,2021-09-27,2021-07-08,1,1.0,2.0,1,3,1,2,65.0,1,2589205,4839760,60484427010,880,82473400010,55468,POINT (-757205.2 -1044767.48),True,2023-04-01 00:06:22,20230331_OB_539309_UKSH.xml.zip,2023-04-01 00:06:22,,
SO.105743941,105743941,1,7,2021-09-27,2021-07-08,1,1.0,2.0,1,3,1,2,65.0,1,2589205,4009213,,881,82473402010,55468,POINT (-757193 -1044767.94),False,2021-10-01 12:10:08,20210930_OB_539309_UKSH.xml.zip,2021-10-01 12:10:08,2023-04-01 00:06:22,change
SO.105743941,105743941,1,7,2021-09-27,2021-07-08,1,1.0,2.0,1,3,1,2,65.0,1,2589205,4839759,60484426010,881,82473402010,55468,POINT (-757193 -1044767.94),True,2023-04-01 00:06:22,20230331_OB_539309_UKSH.xml.zip,2023-04-01 00:06:22,,
SO.105744204,105744204,1,7,2021-09-27,2021-07-13,1,1.0,2.0,1,3,1,2,65.0,1,2589260,4009219,,871,82473387010,55468,POINT (-757204.4 -1044739.24),False,2021-10-01 12:10:08,20210930_OB_539309_UKSH.xml.zip,2021-10-01 12:10:08,2023-12-01 00:04:08,change
SO.105744204,105744204,1,7,2023-11-28,2021-07-13,1,1.0,2.0,1,3,1,2,65.0,1,3237968,5246310,61463871010,871,82473387010,55468,POINT (-757204.78 -1044739.94),True,2023-12-01 00:04:08,20231130_OB_539309_UKSH.xml.zip,2023-12-01 00:04:08,,
SO.105744239,105744239,1,7,2021-09-27,2021-07-13,1,1.0,2.0,1,3,1,2,65.0,1,2589260,4009219,,872,82473389010,55468,POINT (-757191.63 -1044740.03),False,2021-10-01 12:10:08,20210930_OB_539309_UKSH.xml.zip,2021-10-01 12:10:08,2023-12-01 00:04:08,change
SO.105744239,105744239,1,7,2023-11-28,2021-07-13,1,1.0,2.0,1,3,1,2,65.0,1,3237970,5246311,61463872010,872,82473389010,55468,POINT (-757191.69 -1044740.05),True,2023-12-01 00:04:08,20231130_OB_539309_UKSH.xml.zip,2023-12-01 00:04:08,,
SO.105744361,105744361,1,7,2021-09-27,2021-07-08,1,1.0,2.0,1,3,1,2,66.0,1,2589276,4009355,,829,82473380010,55468,POINT (-757176.11 -1044709.73),False,2021-10-01 12:10:08,20210930_OB_539309_UKSH.xml.zip,2021-10-01 12:10:08,2025-04-01 00:03:10,change
SO.105744361,105744361,1,7,2025-03-10,2021-07-08,1,1.0,2.0,1,3,1,2,66.0,1,4128270,6501519,62766304010,829,82473380010,55468,POINT (-757177.48 -1044709.68),True,2025-04-01 00:03:10,20250331_OB_539309_UKSH.xml.zip,2025-04-01 00:03:10,,
SO.105744417,105744417,1,7,2021-09-27,2021-07-08,1,1.0,2.0,1,3,1,2,66.0,1,2589276,4009355,,830,82473382010,55468,POINT (-757163.39 -1044709.51),False,2021-10-01 12:10:08,20210930_OB_539309_UKSH.xml.zip,2021-10-01 12:10:08,2025-04-01 00:03:10,change
SO.105744417,105744417,1,7,2025-03-10,2021-07-08,1,1.0,2.0,1,3,1,2,66.0,1,4128272,6501521,62766306010,830,82473382010,55468,POINT (-757164.27 -1044709.92),True,2025-04-01 00:03:10,20250331_OB_539309_UKSH.xml.zip,2025-04-01 00:03:10,,
SO.105744891,105744891,1,7,2021-09-27,2021-07-08,1,1.0,2.0,1,3,1,2,65.0,1,2589318,4009366,,887,82473407010,55468,POINT (-757238.74 -1044766.8),False,2021-10-01 12:10:08,20210930_OB_539309_UKSH.xml.zip,2021-10-01 12:10:08,,
SO.105744948,105744948,1,7,2021-09-27,2021-07-08,1,1.0,2.0,1,3,1,2,65.0,1,2589318,4009366,,888,82473409010,55468,POINT (-757226.3 -1044766.68),False,2021-10-01 12:10:08,20210930_OB_539309_UKSH.xml.zip,2021-10-01 12:10:08,,
SO.105750603,105750603,1,7,2021-09-29,2021-07-08,1,1.0,2.0,1,3,1,2,65.0,1,2589943,4010661,,877,82473397010,55468,POINT (-757177.82 -1044768.57),False,2021-10-01 12:10:08,20210930_OB_539309_UKSH.xml.zip,2021-10-01 12:10:08,2023-04-01 00:06:22,change
SO.105750603,105750603,1,7,2023-03-24,2021-07-08,1,1.0,2.0,1,3,1,2,65.0,1,3035038,4859824,60530414010,877,82473398010,55468,POINT (-757171.55 -1044768.68),True,2023-04-01 00:06:22,20230331_OB_539309_UKSH.xml.zip,2023-04-01 00:06:22,,
SO.105751448,105751448,1,7,2021-09-29,2021-07-13,1,1.0,2.0,1,3,1,2,65.0,1,2589965,4010688,,874,82473390010,55468,POINT (-757177.6 -1044741.12),False,2021-10-01 12:10:08,20210930_OB_539309_UKSH.xml.zip,2021-10-01 12:10:08,2023-07-01 00:03:19,change
SO.105751448,105751448,1,7,2023-06-01,2021-07-13,1,1.0,2.0,1,3,1,2,65.0,1,3085621,4961038,60656430010,874,82473390010,55468,POINT (-757178.23 -1044741.08),True,2023-07-01 00:03:19,20230630_OB_539309_UKSH.xml.zip,2023-07-01 00:03:19,,
SO.105751529,105751529,1,7,2021-09-29,2021-07-08,1,1.0,2.0,1,3,1,2,65.0,1,2589943,4010661,,878,82473399010,55468,POINT (-757165.45 -1044768.45),False,2021-10-01 12:10:08,20210930_OB_539309_UKSH.xml.zip,2021-10-01 12:10:08,2023-04-01 00:06:22,change
SO.105751529,105751529,1,7,2021-09-29,2021-07-08,1,1.0,2.0,1,3,1,2,65.0,1,2589943,4855836,60530417010,878,82473399010,55468,POINT (-757165.45 -1044768.45),True,2023-04-01 00:06:22,20230331_OB_539309_UKSH.xml.zip,2023-04-01 00:06:22,,
SO.105751812,105751812,1,7,2021-09-29,2021-07-13,1,1.0,2.0,1,3,1,2,65.0,1,2589965,4010688,,875,82473392010,55468,POINT (-757164.76 -1044740.95),False,2021-10-01 12:10:08,20210930_OB_539309_UKSH.xml.zip,2021-10-01 12:10:08,2023-07-01 00:03:19,change
SO.105751812,105751812,1,7,2023-06-01,2021-07-13,1,1.0,2.0,1,3,1,2,65.0,1,3085606,4961006,60656433010,875,82473392010,55468,POINT (-757165.24 -1044741.01),True,2023-07-01 00:03:19,20230630_OB_539309_UKSH.xml.zip,2023-07-01 00:03:19,,
SO.105755931,105755931,1,7,2021-09-29,2021-08-27,1,1.0,2.0,1,3,1,2,66.0,1,2590401,4011849,,1048,83931385010,55468,POINT (-757462.13 -1044731.76),False,2021-10-01 12:10:08,20210930_OB_539309_UKSH.xml.zip,2021-10-01 12:10:08,2021-11-01 06:49:24,change
SO.105755931,105755931,1,7,2021-09-29,2021-08-27,1,1.0,2.0,1,3,1,2,66.0,1,2590401,4015969,50919395010,1048,83931385010,55468,POINT (-757462.13 -1044731.76),True,2021-11-01 06:49:24,20211031_OB_539309_UKSH.xml.zip,2021-11-01 06:49:24,2026-02-01 00:00:48,change
SO.105755931,105755931,1,7,2026-01-08,2021-08-27,1,1.0,2.0,1,3,1,2,66.0,16,4852736,7496056,50919395010,1048,83931385010,55468,POINT (-757462.13 -1044731.76),True,2026-02-01 00:00:48,20260131_OB_539309_UKSH.xml.zip,2026-02-01 00:00:48,,
SO.105757926,105757926,1,7,2021-09-29,2021-08-27,1,1.0,2.0,1,3,1,2,66.0,1,2590544,4011882,,1047,83931384010,55468,POINT (-757461.41 -1044724.27),False,2021-10-01 12:10:08,20210930_OB_539309_UKSH.xml.zip,2021-10-01 12:10:08,2021-11-01 06:49:24,change
SO.105757926,105757926,1,7,2021-09-29,2021-08-27,1,1.0,2.0,1,3,1,2,66.0,1,2590544,4015968,50919393010,1047,83931384010,55468,POINT (-757461.41 -1044724.27),True,2021-11-01 06:49:24,20211031_OB_539309_UKSH.xml.zip,2021-11-01 06:49:24,2026-02-01 00:00:48,change
SO.105757926,105757926,1,7,2026-01-08,2021-08-27,1,1.0,2.0,1,3,1,2,66.0,16,4852736,7496056,50919393010,1047,83931384010,55468,POINT (-757461.41 -1044724.27),True,2026-02-01 00:00:48,20260131_OB_539309_UKSH.xml.zip,2026-02-01 00:00:48,,
SO.105881562,105881562,1,7,2021-10-14,2021-08-23,1,1.0,1.0,1,1,1,2,112.0,1,2601313,4034270,,1049,43044059010,55468,POINT (-757939.15 -1044129.86),False,2021-11-01 06:49:24,20211031_OB_539309_UKSH.xml.zip,2021-11-01 06:49:24,,
SO.106029991,106029991,1,7,2021-11-01,2021-05-18,6,1.0,2.0,1,1,1,2,83.0,1,2614608,4102984,52224325010,1042,85264722010,55468,POINT (-756977.53 -1044771.24),True,2021-12-01 00:22:04,20211130_OB_539309_UKSH.xml.zip,2021-12-01 00:22:04,2026-02-01 00:00:48,change
SO.106029991,106029991,1,7,2026-01-08,2021-05-18,6,1.0,2.0,1,1,1,2,83.0,11,4852736,7496056,52224325010,1042,85264722010,55468,POINT (-756977.53 -1044771.24),True,2026-02-01 00:00:48,20260131_OB_539309_UKSH.xml.zip,2026-02-01 00:00:48,,
SO.106034316,106034316,1,7,2021-11-01,2021-09-20,1,1.0,1.0,1,3,1,2,159.0,1,2614920,4062424,51557439010,1051,86558976010,55468,POINT (-756998.09 -1044835.96),True,2021-12-01 00:22:04,20211130_OB_539309_UKSH.xml.zip,2021-12-01 00:22:04,2026-02-01 00:00:48,change
SO.106034316,106034316,1,7,2026-01-08,2021-09-20,1,1.0,1.0,1,3,1,2,159.0,16,4852736,7496056,51557439010,1051,86558976010,55468,POINT (-756998.09 -1044835.96),True,2026-02-01 00:00:48,20260131_OB_539309_UKSH.xml.zip,2026-02-01 00:00:48,,
SO.106042211,106042211,1,7,2021-11-02,2021-06-30,1,1.0,2.0,1,3,1,2,66.0,1,2615823,4060328,,832,82473377010,55468,POINT (-757203.72 -1044708.31),False,2021-12-01 00:22:04,20211130_OB_539309_UKSH.xml.zip,2021-12-01 00:22:04,2023-06-01 00:14:42,change
SO.106042211,106042211,1,7,2021-11-02,2021-06-30,1,1.0,2.0,1,3,1,2,66.0,1,2615823,4955320,60772447010,832,82473377010,55468,POINT (-757203.72 -1044708.31),True,2023-06-01 00:14:42,20230531_OB_539309_UKSH.xml.zip,2023-06-01 00:14:42,,
SO.106042335,106042335,1,7,2021-11-02,2021-06-30,1,1.0,2.0,1,3,1,2,66.0,1,2615823,4060328,,833,82473379010,55468,POINT (-757191.06 -1044708.99),False,2021-12-01 00:22:04,20211130_OB_539309_UKSH.xml.zip,2021-12-01 00:22:04,2023-06-01 00:14:42,change
SO.106042335,106042335,1,7,2021-11-02,2021-06-30,1,1.0,2.0,1,3,1,2,66.0,1,2615823,4955318,60772449010,833,82473379010,55468,POINT (-757191.06 -1044708.99),True,2023-06-01 00:14:42,20230531_OB_539309_UKSH.xml.zip,2023-06-01 00:14:42,,
SO.106042831,106042831,1,7,2021-11-02,2021-06-30,1,1.0,2.0,1,3,1,2,99.0,1,2615893,4060410,,821,82473359010,55468,POINT (-757189.06 -1044649.97),False,2021-12-01 00:22:04,20211130_OB_539309_UKSH.xml.zip,2021-12-01 00:22:04,2023-03-01 00:11:14,change
SO.106042831,106042831,1,7,2023-02-28,2021-06-30,1,1.0,2.0,1,3,1,2,66.0,1,3018384,4821855,60401258010,821,82473359010,55468,POINT (-757189.32 -1044649.97),True,2023-03-01 00:11:14,20230228_OB_539309_UKSH.xml.zip,2023-03-01 00:11:14,,
SO.106042874,106042874,1,7,2021-11-02,2021-06-30,1,1.0,2.0,1,3,1,2,99.0,1,2615893,4060410,,820,82473357010,55468,POINT (-757201.72 -1044649.63),False,2021-12-01 00:22:04,20211130_OB_539309_UKSH.xml.zip,2021-12-01 00:22:04,2023-03-01 00:11:14,change
SO.106042874,106042874,1,7,2023-02-28,2021-06-30,1,1.0,2.0,1,3,1,2,66.0,1,3018384,4821855,60401254010,820,82473357010,55468,POINT (-757202.34 -1044649.58),True,2023-03-01 00:11:14,20230228_OB_539309_UKSH.xml.zip,2023-03-01 00:11:14,,
SO.106044770,106044770,1,7,2021-11-02,2021-06-30,1,1.0,2.0,1,3,1,2,66.0,1,2615995,4060726,,823,82473367010,55468,POINT (-757203.09 -1044681.17),False,2021-12-01 00:22:04,20211130_OB_539309_UKSH.xml.zip,2021-12-01 00:22:04,2023-02-01 00:07:01,change
SO.106044770,106044770,1,7,2021-11-02,2021-06-30,1,1.0,2.0,1,3,1,2,66.0,1,2615995,4746564,60215351010,823,82473367010,55468,POINT (-757203.09 -1044681.17),True,2023-02-01 00:07:01,20230131_OB_539309_UKSH.xml.zip,2023-02-01 00:07:01,,
SO.106044991,106044991,1,7,2021-11-02,2021-06-30,1,1.0,2.0,1,3,1,2,66.0,1,2615995,4060726,,824,82473369010,55468,POINT (-757190.31 -1044681.46),False,2021-12-01 00:22:04,20211130_OB_539309_UKSH.xml.zip,2021-12-01 00:22:04,2023-02-01 00:07:01,change
SO.106044991,106044991,1,7,2021-11-02,2021-06-30,1,1.0,2.0,1,3,1,2,66.0,1,2615995,4746567,60215346010,824,82473369010,55468,POINT (-757190.31 -1044681.46),True,2023-02-01 00:07:01,20230131_OB_539309_UKSH.xml.zip,2023-02-01 00:07:01,,
SO.106045733,106045733,1,7,2021-11-02,2021-06-30,1,1.0,2.0,1,3,1,2,66.0,1,2616110,4060895,,814,82473350010,55468,POINT (-757173.6 -1044622.85),False,2021-12-01 00:22:04,20211130_OB_539309_UKSH.xml.zip,2021-12-01 00:22:04,2026-01-01 00:01:24,change
SO.106045733,106045733,1,7,2021-11-02,2021-06-30,1,1.0,2.0,1,3,1,2,66.0,1,2616110,7473318,63607052010,814,82473350010,55468,POINT (-757173.6 -1044622.85),True,2026-01-01 00:01:24,20251231_OB_539309_UKSH.xml.zip,2026-01-01 00:01:24,,
SO.106045750,106045750,1,7,2021-11-02,2021-06-30,1,1.0,2.0,1,3,1,2,66.0,1,2616110,4060895,,815,82473352010,55468,POINT (-757160.54 -1044622.85),False,2021-12-01 00:22:04,20211130_OB_539309_UKSH.xml.zip,2021-12-01 00:22:04,2026-01-01 00:01:24,change
SO.106045750,106045750,1,7,2021-11-02,2021-06-30,1,1.0,2.0,1,3,1,2,66.0,1,2616110,7473317,63607054010,815,82473352010,55468,POINT (-757160.54 -1044622.85),True,2026-01-01 00:01:24,20251231_OB_539309_UKSH.xml.zip,2026-01-01 00:01:24,,
SO.106046934,106046934,1,7,2021-11-02,2021-06-30,1,1.0,2.0,1,3,1,2,66.0,1,2616221,4061034,,817,82473360010,55468,POINT (-757174.86 -1044650.66),False,2021-12-01 00:22:04,20211130_OB_539309_UKSH.xml.zip,2021-12-01 00:22:04,2023-01-01 00:03:45,change
SO.106046934,106046934,1,7,2021-11-02,2021-06-30,1,1.0,2.0,1,3,1,2,66.0,1,2616221,4698672,60078181010,817,82473360010,55468,POINT (-757174.86 -1044650.66),True,2023-01-01 00:03:45,20221231_OB_539309_UKSH.xml.zip,2023-01-01 00:03:45,,
SO.106046951,106046951,1,7,2021-11-02,2021-06-30,1,1.0,2.0,1,3,1,2,66.0,1,2616221,4061034,,818,82473362010,55468,POINT (-757160.52 -1044649.99),False,2021-12-01 00:22:04,20211130_OB_539309_UKSH.xml.zip,2021-12-01 00:22:04,2023-01-01 00:03:45,change
SO.106046951,106046951,1,7,2022-12-12,2021-06-30,1,1.0,2.0,1,3,1,2,66.0,1,2948988,4699324,60078182010,818,82473362010,55468,POINT (-757162.02 -1044650.43),True,2023-01-01 00:03:45,20221231_OB_539309_UKSH.xml.zip,2023-01-01 00:03:45,,
SO.106223259,106223259,1,7,2021-11-16,2021-10-07,1,1.0,2.0,1,3,1,2,120.0,1,2628620,4086776,51987312010,1026,83785513010,55468,POINT (-756722.87 -1044323.49),True,2021-12-01 00:22:04,20211130_OB_539309_UKSH.xml.zip,2021-12-01 00:22:04,2026-02-01 00:00:48,change
SO.106223259,106223259,1,7,2026-01-08,2021-10-07,1,1.0,2.0,1,3,1,2,120.0,16,4852736,7496056,51987312010,1026,83785513010,55468,POINT (-756722.87 -1044323.49),True,2026-02-01 00:00:48,20260131_OB_539309_UKSH.xml.zip,2026-02-01 00:00:48,,
SO.106224026,106224026,1,7,2021-11-16,2021-10-08,1,1.0,2.0,1,3,1,2,123.0,1,2628620,4086764,51986306010,1033,83785387010,55468,POINT (-756625.9 -1044405.57),True,2021-12-01 00:22:04,20211130_OB_539309_UKSH.xml.zip,2021-12-01 00:22:04,2026-02-01 00:00:48,change
SO.106224026,106224026,1,7,2026-01-08,2021-10-08,1,1.0,2.0,1,3,1,2,123.0,16,4852736,7496056,51986306010,1033,83785387010,55468,POINT (-756625.9 -1044405.57),True,2026-02-01 00:00:48,20260131_OB_539309_UKSH.xml.zip,2026-02-01 00:00:48,,
SO.106513532,106513532,1,7,2021-12-13,2021-07-30,1,1.0,2.0,1,3,1,2,66.0,1,2656730,4131273,,1025,85179252010,55468,POINT (-757878.5 -1043925.31),False,2022-01-01 00:03:43,20211231_OB_539309_UKSH.xml.zip,2022-01-01 00:03:43,2022-02-01 00:11:47,change
SO.106513532,106513532,1,7,2021-12-13,2021-07-30,1,1.0,2.0,1,3,1,2,66.0,1,2656730,4177630,54200311010,1025,85179252010,55468,POINT (-757878.5 -1043925.31),True,2022-02-01 00:11:47,20220131_OB_539309_UKSH.xml.zip,2022-02-01 00:11:47,,
SO.106515187,106515187,1,7,2021-12-13,2021-11-23,1,1.0,2.0,1,3,1,2,123.0,1,2656878,4131447,,1065,83839447010,55468,POINT (-756657.7 -1044388.19),False,2022-01-01 00:03:43,20211231_OB_539309_UKSH.xml.zip,2022-01-01 00:03:43,2022-02-01 00:11:47,change
SO.106515187,106515187,1,7,2021-12-13,2021-11-23,1,1.0,2.0,1,3,1,2,123.0,1,2656878,4151851,52971342010,1065,83839447010,55468,POINT (-756657.7 -1044388.19),True,2022-02-01 00:11:47,20220131_OB_539309_UKSH.xml.zip,2022-02-01 00:11:47,2026-02-01 00:00:48,change
SO.106515187,106515187,1,7,2026-01-08,2021-11-23,1,1.0,2.0,1,3,1,2,123.0,16,4852736,7496056,52971342010,1065,83839447010,55468,POINT (-756657.7 -1044388.19),True,2026-02-01 00:00:48,20260131_OB_539309_UKSH.xml.zip,2026-02-01 00:00:48,,
SO.106516710,106516710,1,7,2021-12-13,2021-08-13,1,1.0,2.0,1,3,1,2,65.0,1,2657065,4131572,,758,82473324010,55468,POINT (-757163.04 -1044563.63),False,2022-01-01 00:03:43,20211231_OB_539309_UKSH.xml.zip,2022-01-01 00:03:43,2022-12-01 00:05:50,change
SO.106516710,106516710,1,7,2021-12-13,2021-08-13,1,1.0,2.0,1,3,1,2,65.0,1,2657065,4651475,60001817010,758,82473324010,55468,POINT (-757163.04 -1044563.63),True,2022-12-01 00:05:50,20221130_OB_539309_UKSH.xml.zip,2022-12-01 00:05:50,,
SO.106517392,106517392,1,7,2021-12-13,2021-08-13,1,1.0,2.0,1,3,1,2,65.0,1,2657065,4131572,,757,82473322010,55468,POINT (-757175.54 -1044563.47),False,2022-01-01 00:03:43,20211231_OB_539309_UKSH.xml.zip,2022-01-01 00:03:43,2022-12-01 00:05:50,change
SO.106517392,106517392,1,7,2021-12-13,2021-08-13,1,1.0,2.0,1,3,1,2,65.0,1,2657065,4651477,60001815010,757,82473322010,55468,POINT (-757175.54 -1044563.47),True,2022-12-01 00:05:50,20221130_OB_539309_UKSH.xml.zip,2022-12-01 00:05:50,,
SO.106519255,106519255,1,7,2021-12-13,2018-03-22,1,1.0,2.0,1,1,1,2,65.0,1,2657281,4131729,,855,86084124010,55468,POINT (-757424.46 -1044547.07),False,2022-01-01 00:03:43,20211231_OB_539309_UKSH.xml.zip,2022-01-01 00:03:43,2022-03-01 00:08:16,change
SO.106519255,106519255,1,7,2022-02-11,2018-03-22,1,1.0,2.0,1,1,1,2,65.0,1,2702359,4219607,,854,86084124010,55468,POINT (-757424.46 -1044547.07),False,2022-03-01 00:08:16,20220228_OB_539309_UKSH.xml.zip,2022-03-01 00:08:16,2023-09-01 00:02:20,change
SO.106519255,106519255,1,7,2022-02-11,2018-03-22,1,1.0,2.0,1,1,1,2,65.0,1,2702359,5099144,26532426010,854,86084124010,55468,POINT (-757424.46 -1044547.07),True,2023-09-01 00:02:20,20230831_OB_539309_UKSH.xml.zip,2023-09-01 00:02:20,,
SO.106519514,106519514,1,7,2021-12-13,2018-03-22,1,1.0,2.0,1,1,1,2,65.0,1,2657281,4131729,,856,86084123010,55468,POINT (-757425.3 -1044561.43),False,2022-01-01 00:03:43,20211231_OB_539309_UKSH.xml.zip,2022-01-01 00:03:43,2023-09-01 00:02:20,change
SO.106519514,106519514,1,7,2021-12-13,2018-03-22,1,1.0,2.0,1,1,1,2,65.0,1,2657281,5099145,61139582010,856,86084123010,55468,POINT (-757425.3 -1044561.43),True,2023-09-01 00:02:20,20230831_OB_539309_UKSH.xml.zip,2023-09-01 00:02:20,,
SO.106519638,106519638,1,7,2021-12-13,2021-11-08,1,1.0,1.0,1,1,1,2,137.0,1,2657300,4131742,,1064,86545400010,55468,POINT (-756988.43 -1044808.65),False,2022-01-01 00:03:43,20211231_OB_539309_UKSH.xml.zip,2022-01-01 00:03:43,2022-02-01 00:11:47,change
SO.106519638,106519638,1,7,2021-12-13,2021-11-08,1,1.0,1.0,1,1,1,2,137.0,1,2657300,4151669,52956383010,1064,86545400010,55468,POINT (-756988.43 -1044808.65),True,2022-02-01 00:11:47,20220131_OB_539309_UKSH.xml.zip,2022-02-01 00:11:47,2026-02-01 00:00:48,change
SO.106519638,106519638,1,7,2026-01-08,2021-11-08,1,1.0,1.0,1,1,1,2,137.0,15,4852736,7496056,52956383010,1064,86545400010,55468,POINT (-756988.43 -1044808.65),True,2026-02-01 00:00:48,20260131_OB_539309_UKSH.xml.zip,2026-02-01 00:00:48,,
SO.106523155,106523155,1,7,2022-11-02,2016-10-12,1,1.0,2.0,1,1,1,2,58.0,1,2657324,4628122,,732,51536003010,55468,POINT (-757278.29 -1044549.05),False,2022-12-01 00:05:50,20221130_OB_539309_UKSH.xml.zip,2022-12-01 00:05:50,2023-03-01 00:11:14,change
SO.106523155,106523155,1,7,2023-02-22,2016-10-12,1,1.0,2.0,1,1,1,2,58.0,1,3012617,4812416,,733,51536003010,55468,POINT (-757278.29 -1044549.05),False,2023-03-01 00:11:14,20230228_OB_539309_UKSH.xml.zip,2023-03-01 00:11:14,,
SO.106665987,106665987,1,7,2022-11-02,2016-10-12,1,1.0,2.0,1,1,1,2,59.0,1,2657324,4628122,,734,51536004010,55468,POINT (-757285.86 -1044548.89),False,2022-12-01 00:05:50,20221130_OB_539309_UKSH.xml.zip,2022-12-01 00:05:50,,
SO.106666002,106666002,1,7,2022-11-02,2016-10-12,1,1.0,2.0,1,1,1,2,57.0,1,2657324,4628122,,735,51536005010,55468,POINT (-757292.61 -1044548.39),False,2022-12-01 00:05:50,20221130_OB_539309_UKSH.xml.zip,2022-12-01 00:05:50,,
SO.106693093,106693093,1,7,2021-12-30,2021-10-11,1,1.0,2.0,1,3,1,2,66.0,1,2674538,4145969,,1052,87283854010,55468,POINT (-757428.42 -1044750.45),False,2022-01-01 00:03:43,20211231_OB_539309_UKSH.xml.zip,2022-01-01 00:03:43,2022-03-01 00:08:16,change
SO.106693093,106693093,1,7,2021-12-30,2021-10-11,1,1.0,2.0,1,3,1,2,66.0,1,2674538,4222053,52329306010,1052,87283854010,55468,POINT (-757428.42 -1044750.45),True,2022-03-01 00:08:16,20220228_OB_539309_UKSH.xml.zip,2022-03-01 00:08:16,2026-02-01 00:00:48,change
SO.106693093,106693093,1,7,2026-01-08,2021-10-11,1,1.0,2.0,1,3,1,2,66.0,16,4852736,7496056,52329306010,1052,87283854010,55468,POINT (-757428.42 -1044750.45),True,2026-02-01 00:00:48,20260131_OB_539309_UKSH.xml.zip,2026-02-01 00:00:48,,
SO.106693174,106693174,1,7,2021-12-30,2021-10-11,1,1.0,2.0,1,3,1,2,59.0,1,2674538,4145969,,1057,87283859010,55468,POINT (-757374.97 -1044752.55),False,2022-01-01 00:03:43,20211231_OB_539309_UKSH.xml.zip,2022-01-01 00:03:43,2022-03-01 00:08:16,change
SO.106693174,106693174,1,7,2021-12-30,2021-10-11,1,1.0,2.0,1,3,1,2,59.0,1,2674538,4222396,52329312010,1057,87283859010,55468,POINT (-757374.97 -1044752.55),True,2022-03-01 00:08:16,20220228_OB_539309_UKSH.xml.zip,2022-03-01 00:08:16,2026-02-01 00:00:48,change
SO.106693174,106693174,1,7,2026-01-08,2021-10-11,1,1.0,2.0,1,3,1,2,59.0,16,4852736,7496056,52329312010,1057,87283859010,55468,POINT (-757374.97 -1044752.55),True,2026-02-01 00:00:48,20260131_OB_539309_UKSH.xml.zip,2026-02-01 00:00:48,,
SO.106693212,106693212,1,7,2021-12-30,2021-10-11,1,1.0,2.0,1,3,1,2,60.0,1,2674538,4145969,,1058,87283860010,55468,POINT (-757368.27 -1044752.21),False,2022-01-01 00:03:43,20211231_OB_539309_UKSH.xml.zip,2022-01-01 00:03:43,2022-03-01 00:08:16,change
SO.106693212,106693212,1,7,2021-12-30,2021-10-11,1,1.0,2.0,1,3,1,2,60.0,1,2674538,4214108,52329313010,1058,87283860010,55468,POINT (-757368.27 -1044752.21),True,2022-03-01 00:08:16,20220228_OB_539309_UKSH.xml.zip,2022-03-01 00:08:16,2026-02-01 00:00:48,change
SO.106693212,106693212,1,7,2026-01-08,2021-10-11,1,1.0,2.0,1,3,1,2,60.0,16,4852736,7496056,52329313010,1058,87283860010,55468,POINT (-757368.27 -1044752.21),True,2026-02-01 00:00:48,20260131_OB_539309_UKSH.xml.zip,2026-02-01 00:00:48,,
SO.106693271,106693271,1,7,2021-12-30,2020-11-16,1,1.0,2.0,1,3,1,2,59.0,1,2674617,4146006,,1023,78291343010,55468,POINT (-757426.18 -1044613.88),False,2022-01-01 00:03:43,20211231_OB_539309_UKSH.xml.zip,2022-01-01 00:03:43,2022-05-01 09:13:51,change
SO.106693271,106693271,1,7,2021-12-30,2020-11-16,1,1.0,2.0,1,3,1,2,59.0,1,2674617,4305481,56930525010,1023,78291343010,55468,POINT (-757426.18 -1044613.88),True,2022-05-01 09:13:51,20220430_OB_539309_UKSH.xml.zip,2022-05-01 09:13:51,,
SO.106693301,106693301,1,7,2021-12-30,2021-10-11,1,1.0,2.0,1,3,1,2,67.0,1,2674538,4145969,,1053,87283855010,55468,POINT (-757420.36 -1044750.3),False,2022-01-01 00:03:43,20211231_OB_539309_UKSH.xml.zip,2022-01-01 00:03:43,2022-03-01 00:08:16,change
SO.106693301,106693301,1,7,2021-12-30,2021-10-11,1,1.0,2.0,1,3,1,2,67.0,1,2674538,4222270,52329307010,1053,87283855010,55468,POINT (-757420.36 -1044750.3),True,2022-03-01 00:08:16,20220228_OB_539309_UKSH.xml.zip,2022-03-01 00:08:16,2026-02-01 00:00:48,change
SO.106693301,106693301,1,7,2026-01-08,2021-10-11,1,1.0,2.0,1,3,1,2,67.0,16,4852736,7496056,52329307010,1053,87283855010,55468,POINT (-757420.36 -1044750.3),True,2026-02-01 00:00:48,20260131_OB_539309_UKSH.xml.zip,2026-02-01 00:00:48,,
SO.106693361,106693361,1,7,2021-12-30,2021-10-11,1,1.0,2.0,1,3,1,2,66.0,1,2674538,4145969,,1054,87283856010,55468,POINT (-757404.16 -1044750.97),False,2022-01-01 00:03:43,20211231_OB_539309_UKSH.xml.zip,2022-01-01 00:03:43,2022-02-01 00:11:47,change
SO.106693361,106693361,1,7,2021-12-30,2021-10-11,1,1.0,2.0,1,3,1,2,66.0,1,2674538,4178237,52329308010,1054,87283856010,55468,POINT (-757404.16 -1044750.97),True,2022-02-01 00:11:47,20220131_OB_539309_UKSH.xml.zip,2022-02-01 00:11:47,2026-02-01 00:00:48,change
SO.106693361,106693361,1,7,2026-01-08,2021-10-11,1,1.0,2.0,1,3,1,2,66.0,16,4852736,7496056,52329308010,1054,87283856010,55468,POINT (-757404.16 -1044750.97),True,2026-02-01 00:00:48,20260131_OB_539309_UKSH.xml.zip,2026-02-01 00:00:48,,
SO.106693417,106693417,1,7,2021-12-30,2021-10-11,1,1.0,2.0,1,3,1,2,66.0,1,2674538,4145969,,1055,87283857010,55468,POINT (-757396.56 -1044750.97),False,2022-01-01 00:03:43,20211231_OB_539309_UKSH.xml.zip,2022-01-01 00:03:43,2022-03-01 00:08:16,change
SO.106693417,106693417,1,7,2021-12-30,2021-10-11,1,1.0,2.0,1,3,1,2,66.0,1,2674538,4222381,52329309010,1055,87283857010,55468,POINT (-757396.56 -1044750.97),True,2022-03-01 00:08:16,20220228_OB_539309_UKSH.xml.zip,2022-03-01 00:08:16,,
SO.106693433,106693433,1,7,2021-12-30,2021-10-11,1,1.0,2.0,1,3,1,2,60.0,1,2674538,4145969,,1056,87283858010,55468,POINT (-757381.6 -1044751.42),False,2022-01-01 00:03:43,20211231_OB_539309_UKSH.xml.zip,2022-01-01 00:03:43,2022-03-01 00:08:16,change
SO.106693433,106693433,1,7,2021-12-30,2021-10-11,1,1.0,2.0,1,3,1,2,60.0,1,2674538,4222271,52329310010,1056,87283858010,55468,POINT (-757381.6 -1044751.42),True,2022-03-01 00:08:16,20220228_OB_539309_UKSH.xml.zip,2022-03-01 00:08:16,2026-02-01 00:00:48,change
SO.106693433,106693433,1,7,2026-01-08,2021-10-11,1,1.0,2.0,1,3,1,2,60.0,16,4852736,7496056,52329310010,1056,87283858010,55468,POINT (-757381.6 -1044751.42),True,2026-02-01 00:00:48,20260131_OB_539309_UKSH.xml.zip,2026-02-01 00:00:48,,
SO.106693913,106693913,1,7,2021-12-30,2020-11-16,1,1.0,2.0,1,3,1,2,59.0,1,2674617,4146006,,1024,78291344010,55468,POINT (-757426.87 -1044620.35),False,2022-01-01 00:03:43,20211231_OB_539309_UKSH.xml.zip,2022-01-01 00:03:43,2022-05-01 09:13:51,change
SO.106693913,106693913,1,7,2021-12-30,2020-11-16,1,1.0,2.0,1,3,1,2,59.0,1,2674617,4305483,56930526010,1024,78291344010,55468,POINT (-757426.87 -1044620.35),True,2022-05-01 09:13:51,20220430_OB_539309_UKSH.xml.zip,2022-05-01 09:13:51,,
SO.106693972,106693972,1,7,2021-12-30,2019-10-08,1,1.0,2.0,1,3,1,2,59.0,1,2674667,4146014,,1045,86101107010,55468,POINT (-757393.97 -1044653.84),False,2022-01-01 00:03:43,20211231_OB_539309_UKSH.xml.zip,2022-01-01 00:03:43,2026-02-01 00:00:48,change
SO.106693972,106693972,1,7,2021-12-30,2019-10-08,1,1.0,2.0,1,3,1,2,59.0,1,2674667,7490583,63626077010,1045,86101107010,55468,POINT (-757393.97 -1044653.84),True,2026-02-01 00:00:48,20260131_OB_539309_UKSH.xml.zip,2026-02-01 00:00:48,,
SO.106694014,106694014,1,7,2021-12-30,2019-10-08,1,1.0,2.0,1,3,1,2,59.0,1,2674667,4146014,,1046,86101105010,55468,POINT (-757393.28 -1044639.53),False,2022-01-01 00:03:43,20211231_OB_539309_UKSH.xml.zip,2022-01-01 00:03:43,2026-02-01 00:00:48,change
SO.106694014,106694014,1,7,2021-12-30,2019-10-08,1,1.0,2.0,1,3,1,2,59.0,1,2674667,7490586,63626079010,1046,86101105010,55468,POINT (-757393.28 -1044639.53),True,2026-02-01 00:00:48,20260131_OB_539309_UKSH.xml.zip,2026-02-01 00:00:48,,
SO.106694057,106694057,1,7,2021-12-30,2018-06-27,1,1.0,2.0,1,3,1,2,65.0,1,2674673,4146018,,763,82473336010,55468,POINT (-757175.7 -1044591.83),False,2022-01-01 00:03:43,20211231_OB_539309_UKSH.xml.zip,2022-01-01 00:03:43,2024-04-01 00:00:37,change
SO.106694057,106694057,1,7,2021-12-30,2018-06-27,1,1.0,2.0,1,3,1,2,65.0,1,2674673,5415515,61914815010,763,82473336010,55468,POINT (-757175.7 -1044591.83),True,2024-04-01 00:00:37,20240331_OB_539309_UKSH.xml.zip,2024-04-01 00:00:37,,
SO.106694341,106694341,1,7,2021-12-30,2018-06-27,1,1.0,2.0,1,3,1,2,65.0,1,2674677,4146044,,760,82473333010,55468,POINT (-757201.88 -1044590.89),False,2022-01-01 00:03:43,20211231_OB_539309_UKSH.xml.zip,2022-01-01 00:03:43,2023-03-01 00:11:14,change
SO.106694341,106694341,1,7,2021-12-30,2018-06-27,1,1.0,2.0,1,3,1,2,65.0,1,2674677,4819696,60363306010,760,82473333010,55468,POINT (-757201.88 -1044590.89),True,2023-03-01 00:11:14,20230228_OB_539309_UKSH.xml.zip,2023-03-01 00:11:14,,
SO.106694499,106694499,1,7,2021-12-30,2018-06-27,1,1.0,2.0,1,3,1,2,65.0,1,2674673,4146018,,764,82473338010,55468,POINT (-757162.25 -1044591.43),False,2022-01-01 00:03:43,20211231_OB_539309_UKSH.xml.zip,2022-01-01 00:03:43,2024-04-01 00:00:37,change
SO.106694499,106694499,1,7,2021-12-30,2018-06-27,1,1.0,2.0,1,3,1,2,65.0,1,2674673,5415517,61914816010,764,82473338010,55468,POINT (-757162.25 -1044591.43),True,2024-04-01 00:00:37,20240331_OB_539309_UKSH.xml.zip,2024-04-01 00:00:37,,
SO.106694545,106694545,1,7,2021-12-30,2018-06-27,1,1.0,2.0,1,3,1,2,65.0,1,2674677,4146044,,761,82473335010,55468,POINT (-757189.38 -1044591.43),False,2022-01-01 00:03:43,20211231_OB_539309_UKSH.xml.zip,2022-01-01 00:03:43,2023-03-01 00:11:14,change
SO.106694545,106694545,1,7,2021-12-30,2018-06-27,1,1.0,2.0,1,3,1,2,65.0,1,2674677,4819698,60363307010,761,82473335010,55468,POINT (-757189.38 -1044591.43),True,2023-03-01 00:11:14,20230228_OB_539309_UKSH.xml.zip,2023-03-01 00:11:14,,
SO.106694570,106694570,1,7,2021-12-30,2018-06-27,1,1.0,2.0,1,3,1,2,65.0,1,2674705,4146051,,754,82473319010,55468,POINT (-757202.19 -1044562.85),False,2022-01-01 00:03:43,20211231_OB_539309_UKSH.xml.zip,2022-01-01 00:03:43,2022-12-01 00:05:50,change
SO.106694570,106694570,1,7,2022-11-08,2018-06-27,1,1.0,2.0,1,3,1,2,65.0,1,2915319,4639179,59987806010,754,82473319010,55468,POINT (-757202.07 -1044563.24),True,2022-12-01 00:05:50,20221130_OB_539309_UKSH.xml.zip,2022-12-01 00:05:50,,
SO.106694596,106694596,1,7,2021-12-30,2018-06-25,1,1.0,2.0,1,3,1,2,65.0,1,2674717,4146056,,812,82473349010,55468,POINT (-757187.86 -1044622.23),False,2022-01-01 00:03:43,20211231_OB_539309_UKSH.xml.zip,2022-01-01 00:03:43,2023-01-01 00:03:45,change
SO.106694596,106694596,1,7,2021-12-30,2018-06-25,1,1.0,2.0,1,3,1,2,65.0,1,2674717,4697916,60081210010,812,82473349010,55468,POINT (-757187.86 -1044622.23),True,2023-01-01 00:03:45,20221231_OB_539309_UKSH.xml.zip,2023-01-01 00:03:45,,
SO.106694634,106694634,1,7,2021-12-30,2018-06-25,1,1.0,2.0,1,3,1,2,65.0,1,2674727,4146059,,826,82473370010,55468,POINT (-757175.49 -1044682.09),False,2022-01-01 00:03:43,20211231_OB_539309_UKSH.xml.zip,2022-01-01 00:03:43,2024-07-01 00:00:35,change
SO.106694634,106694634,1,7,2021-12-30,2018-06-25,1,1.0,2.0,1,3,1,2,65.0,1,2674727,5643123,62185981010,826,82473370010,55468,POINT (-757175.49 -1044682.09),True,2024-07-01 00:00:35,20240630_OB_539309_UKSH.xml.zip,2024-07-01 00:00:35,,
SO.106694651,106694651,1,7,2021-12-30,2018-06-25,1,1.0,2.0,1,1,1,2,65.0,1,2674727,4146059,,827,82473372010,55468,POINT (-757162.71 -1044682.03),False,2022-01-01 00:03:43,20211231_OB_539309_UKSH.xml.zip,2022-01-01 00:03:43,2024-07-01 00:00:35,change
SO.106694651,106694651,1,7,2021-12-30,2018-06-25,1,1.0,2.0,1,1,1,2,65.0,1,2674727,5643121,62185983010,827,82473372010,55468,POINT (-757162.71 -1044682.03),True,2024-07-01 00:00:35,20240630_OB_539309_UKSH.xml.zip,2024-07-01 00:00:35,,
SO.106694847,106694847,1,7,2021-12-30,2018-06-27,1,1.0,2.0,1,3,1,2,65.0,1,2674705,4146051,,755,82473321010,55468,POINT (-757189.61 -1044563.24),False,2022-01-01 00:03:43,20211231_OB_539309_UKSH.xml.zip,2022-01-01 00:03:43,2022-12-01 00:05:50,change
SO.106694847,106694847,1,7,2022-11-08,2018-06-27,1,1.0,2.0,1,3,1,2,65.0,1,2915317,4639177,59987805010,755,82473321010,55468,POINT (-757189.52 -1044563.24),True,2022-12-01 00:05:50,20221130_OB_539309_UKSH.xml.zip,2022-12-01 00:05:50,,
SO.106694944,106694944,1,7,2021-12-30,2018-06-25,1,1.0,2.0,1,3,1,2,65.0,1,2674717,4146056,,811,82473347010,55468,POINT (-757200.75 -1044621.83),False,2022-01-01 00:03:43,20211231_OB_539309_UKSH.xml.zip,2022-01-01 00:03:43,2023-01-01 00:03:45,change
SO.106694944,106694944,1,7,2021-12-30,2018-06-25,1,1.0,2.0,1,3,1,2,65.0,1,2674717,4697917,60081208010,811,82473347010,55468,POINT (-757200.75 -1044621.83),True,2023-01-01 00:03:45,20221231_OB_539309_UKSH.xml.zip,2023-01-01 00:03:45,,
SO.107010615,107010615,1,7,2022-02-10,2021-11-23,1,1.0,1.0,1,3,1,2,120.0,1,2702168,4219142,54736332010,1066,86559159010,55468,POINT (-757062.88 -1044813.78),True,2022-03-01 00:08:16,20220228_OB_539309_UKSH.xml.zip,2022-03-01 00:08:16,2026-02-01 00:00:48,change
SO.107010615,107010615,1,7,2026-01-08,2021-11-23,1,1.0,1.0,1,3,1,2,120.0,16,4852736,7496056,54736332010,1066,86559159010,55468,POINT (-757062.88 -1044813.78),True,2026-02-01 00:00:48,20260131_OB_539309_UKSH.xml.zip,2026-02-01 00:00:48,,
SO.107135728,107135728,1,7,2022-02-21,2018-03-22,1,1.0,2.0,1,1,1,2,65.0,1,2708491,4232599,,852,86075287010,55468,POINT (-757390.83 -1044555.51),False,2022-03-01 00:08:16,20220228_OB_539309_UKSH.xml.zip,2022-03-01 00:08:16,2022-04-01 00:08:13,change
SO.107135728,107135728,1,7,2022-03-02,2018-03-22,1,1.0,2.0,1,1,1,2,65.0,1,2715095,4245657,55603333010,852,86075287010,55468,POINT (-757391.35 -1044555.58),True,2022-04-01 00:08:13,20220331_OB_539309_UKSH.xml.zip,2022-04-01 00:08:13,,
SO.107135744,107135744,1,7,2022-02-21,2018-03-22,1,1.0,2.0,1,1,1,2,65.0,1,2708491,4232599,,853,86075286010,55468,POINT (-757390.68 -1044547.19),False,2022-03-01 00:08:16,20220228_OB_539309_UKSH.xml.zip,2022-03-01 00:08:16,2022-04-01 00:08:13,change
SO.107135744,107135744,1,7,2022-03-02,2018-03-22,1,1.0,2.0,1,1,1,2,65.0,1,2715109,4245670,55603334010,853,86075286010,55468,POINT (-757391.21 -1044547.33),True,2022-04-01 00:08:13,20220331_OB_539309_UKSH.xml.zip,2022-04-01 00:08:13,,
SO.107163233,107163233,1,7,2022-02-24,2022-02-22,1,1.0,2.0,1,1,1,2,97.0,1,2711051,4237937,,1071,88359701010,55468,POINT (-757076.76 -1044711.51),False,2022-03-01 00:08:16,20220228_OB_539309_UKSH.xml.zip,2022-03-01 00:08:16,2022-04-01 00:08:13,change
SO.107163233,107163233,1,7,2022-02-24,2022-02-22,1,1.0,2.0,1,1,1,2,97.0,1,2711051,4255780,55849412010,1071,88359701010,55468,POINT (-757076.76 -1044711.51),True,2022-04-01 00:08:13,20220331_OB_539309_UKSH.xml.zip,2022-04-01 00:08:13,2026-02-01 00:00:48,change
SO.107163233,107163233,1,7,2026-01-08,2022-02-22,1,1.0,2.0,1,1,1,2,97.0,11,4852736,7496056,55849412010,1071,88359701010,55468,POINT (-757076.76 -1044711.51),True,2026-02-01 00:00:48,20260131_OB_539309_UKSH.xml.zip,2026-02-01 00:00:48,,
SO.107163373,107163373,1,7,2022-02-24,2022-02-01,1,1.0,2.0,1,1,1,2,96.0,1,2711051,4237937,,1072,88359702010,55468,POINT (-757069.3 -1044711.56),False,2022-03-01 00:08:16,20220228_OB_539309_UKSH.xml.zip,2022-03-01 00:08:16,2022-04-01 00:08:13,change
SO.107163373,107163373,1,7,2022-02-24,2022-02-01,1,1.0,2.0,1,1,1,2,96.0,1,2711051,4260560,55920318010,1072,88359702010,55468,POINT (-757069.3 -1044711.56),True,2022-04-01 00:08:13,20220331_OB_539309_UKSH.xml.zip,2022-04-01 00:08:13,2026-02-01 00:00:48,change
SO.107163373,107163373,1,7,2026-01-08,2022-02-01,1,1.0,2.0,1,1,1,2,96.0,11,4852736,7496056,55920318010,1072,88359702010,55468,POINT (-757069.3 -1044711.56),True,2026-02-01 00:00:48,20260131_OB_539309_UKSH.xml.zip,2026-02-01 00:00:48,,
SO.107163870,107163870,1,7,2022-02-24,2022-02-01,1,1.0,2.0,1,1,1,2,96.0,1,2711051,4237937,,1073,88359703010,55468,POINT (-757050.33 -1044712.47),False,2022-03-01 00:08:16,20220228_OB_539309_UKSH.xml.zip,2022-03-01 00:08:16,2022-04-01 00:08:13,change
SO.107163870,107163870,1,7,2022-02-24,2022-02-01,1,1.0,2.0,1,1,1,2,96.0,1,2711051,4255776,55849402010,1073,88359703010,55468,POINT (-757050.33 -1044712.47),True,2022-04-01 00:08:13,20220331_OB_539309_UKSH.xml.zip,2022-04-01 00:08:13,2026-02-01 00:00:48,change
SO.107163870,107163870,1,7,2026-01-08,2022-02-01,1,1.0,2.0,1,1,1,2,96.0,11,4852736,7496056,55849402010,1073,88359703010,55468,POINT (-757050.33 -1044712.47),True,2026-02-01 00:00:48,20260131_OB_539309_UKSH.xml.zip,2026-02-01 00:00:48,,
SO.107163985,107163985,1,7,2022-02-24,2022-02-01,1,1.0,2.0,1,1,1,2,96.0,1,2711051,4239643,55497421010,1074,88359704010,55468,POINT (-757043.88 -1044712.34),True,2022-03-01 00:08:16,20220228_OB_539309_UKSH.xml.zip,2022-03-01 00:08:16,2026-02-01 00:00:48,change
SO.107163985,107163985,1,7,2026-01-08,2022-02-01,1,1.0,2.0,1,1,1,2,96.0,11,4852736,7496056,55497421010,1074,88359704010,55468,POINT (-757043.88 -1044712.34),True,2026-02-01 00:00:48,20260131_OB_539309_UKSH.xml.zip,2026-02-01 00:00:48,,
SO.107164060,107164060,1,7,2022-02-24,2022-02-01,1,1.0,2.0,1,1,1,2,96.0,1,2711051,4239859,55515306010,1075,88359705010,55468,POINT (-757024.78 -1044712.82),True,2022-03-01 00:08:16,20220228_OB_539309_UKSH.xml.zip,2022-03-01 00:08:16,2026-02-01 00:00:48,change
SO.107164060,107164060,1,7,2026-01-08,2022-02-01,1,1.0,2.0,1,1,1,2,96.0,11,4852736,7496056,55515306010,1075,88359705010,55468,POINT (-757024.78 -1044712.82),True,2026-02-01 00:00:48,20260131_OB_539309_UKSH.xml.zip,2026-02-01 00:00:48,,
SO.107164400,107164400,1,7,2022-02-24,2022-02-01,1,1.0,2.0,1,1,1,2,103.0,1,2711051,4240028,55522311010,1076,88359706010,55468,POINT (-757016.84 -1044712.82),True,2022-03-01 00:08:16,20220228_OB_539309_UKSH.xml.zip,2022-03-01 00:08:16,2026-02-01 00:00:48,change
SO.107164400,107164400,1,7,2026-01-08,2022-02-01,1,1.0,2.0,1,1,1,2,103.0,11,4852736,7496056,55522311010,1076,88359706010,55468,POINT (-757016.84 -1044712.82),True,2026-02-01 00:00:48,20260131_OB_539309_UKSH.xml.zip,2026-02-01 00:00:48,,
SO.107164477,107164477,1,7,2022-02-24,2022-01-26,1,1.0,2.0,1,3,1,2,170.0,1,2711051,4239456,55492322010,1077,83829117010,55468,POINT (-756619.41 -1044372.56),True,2022-03-01 00:08:16,20220228_OB_539309_UKSH.xml.zip,2022-03-01 00:08:16,2026-02-01 00:00:48,change
SO.107164477,107164477,1,7,2026-01-08,2022-01-26,1,1.0,2.0,1,3,1,2,170.0,16,4852736,7496056,55492322010,1077,83829117010,55468,POINT (-756619.41 -1044372.56),True,2026-02-01 00:00:48,20260131_OB_539309_UKSH.xml.zip,2026-02-01 00:00:48,,
SO.107256207,107256207,1,7,2022-03-07,2022-02-23,1,1.0,2.0,1,3,1,2,66.0,1,2718506,4278743,56333625010,1059,87283861010,55468,POINT (-757334.64 -1044752.7),True,2022-04-01 00:08:13,20220331_OB_539309_UKSH.xml.zip,2022-04-01 00:08:13,2026-02-01 00:00:48,change
SO.107256207,107256207,1,7,2026-01-08,2022-02-23,1,1.0,2.0,1,3,1,2,66.0,16,4852736,7496056,56333625010,1059,87283861010,55468,POINT (-757334.64 -1044752.7),True,2026-02-01 00:00:48,20260131_OB_539309_UKSH.xml.zip,2026-02-01 00:00:48,,
SO.107256240,107256240,1,7,2022-03-07,2022-02-23,1,1.0,2.0,1,3,1,2,66.0,1,2718506,4278744,56333634010,1060,87283862010,55468,POINT (-757326.96 -1044752.85),True,2022-04-01 00:08:13,20220331_OB_539309_UKSH.xml.zip,2022-04-01 00:08:13,2026-02-01 00:00:48,change
SO.107256240,107256240,1,7,2026-01-08,2022-02-23,1,1.0,2.0,1,3,1,2,66.0,16,4852736,7496056,56333634010,1060,87283862010,55468,POINT (-757326.96 -1044752.85),True,2026-02-01 00:00:48,20260131_OB_539309_UKSH.xml.zip,2026-02-01 00:00:48,,
SO.107256339,107256339,1,7,2022-03-07,2022-02-23,1,1.0,2.0,1,3,1,2,67.0,1,2718506,4278745,56333636010,1061,87283863010,55468,POINT (-757312.65 -1044753.45),True,2022-04-01 00:08:13,20220331_OB_539309_UKSH.xml.zip,2022-04-01 00:08:13,2026-02-01 00:00:48,change
SO.107256339,107256339,1,7,2026-01-08,2022-02-23,1,1.0,2.0,1,3,1,2,67.0,16,4852736,7496056,56333636010,1061,87283863010,55468,POINT (-757312.65 -1044753.45),True,2026-02-01 00:00:48,20260131_OB_539309_UKSH.xml.zip,2026-02-01 00:00:48,,
SO.107256789,107256789,1,7,2022-03-07,2022-02-23,1,1.0,2.0,1,3,1,2,67.0,1,2718506,4278746,56333638010,1062,87283864010,55468,POINT (-757305.19 -1044753.53),True,2022-04-01 00:08:13,20220331_OB_539309_UKSH.xml.zip,2022-04-01 00:08:13,2026-02-01 00:00:48,change
SO.107256789,107256789,1,7,2026-01-08,2022-02-23,1,1.0,2.0,1,3,1,2,67.0,16,4852736,7496056,56333638010,1062,87283864010,55468,POINT (-757305.19 -1044753.53),True,2026-02-01 00:00:48,20260131_OB_539309_UKSH.xml.zip,2026-02-01 00:00:48,,
SO.107306522,107306522,1,7,2022-03-10,2022-02-17,1,1.0,2.0,1,1,1,2,298.0,1,2722295,4259669,,1078,87472758010,55468,POINT (-757486.51 -1043705.35),False,2022-04-01 00:08:13,20220331_OB_539309_UKSH.xml.zip,2022-04-01 00:08:13,2022-06-01 00:09:23,change
SO.107306522,107306522,1,7,2022-03-10,2022-02-17,1,1.0,2.0,1,1,1,2,298.0,1,2722295,4356557,57592665010,1078,87472758010,55468,POINT (-757486.51 -1043705.35),True,2022-06-01 00:09:23,20220531_OB_539309_UKSH.xml.zip,2022-06-01 00:09:23,2026-02-01 00:00:48,change
SO.107306522,107306522,1,7,2026-01-08,2022-02-17,1,1.0,2.0,1,1,1,2,298.0,16,4852736,7496056,57592665010,1078,87472758010,55468,POINT (-757486.51 -1043705.35),True,2026-02-01 00:00:48,20260131_OB_539309_UKSH.xml.zip,2026-02-01 00:00:48,,
SO.107406608,107406608,1,7,2022-03-21,2022-02-18,1,1.0,2.0,1,1,1,2,112.0,1,2730305,4280912,56402559010,1070,88359108010,55468,POINT (-757093.57 -1044710.3),True,2022-04-01 00:08:13,20220331_OB_539309_UKSH.xml.zip,2022-04-01 00:08:13,2026-02-01 00:00:48,change
SO.107406608,107406608,1,7,2026-01-08,2022-02-18,1,1.0,2.0,1,1,1,2,112.0,11,4852736,7496056,56402559010,1070,88359108010,55468,POINT (-757093.57 -1044710.3),True,2026-02-01 00:00:48,20260131_OB_539309_UKSH.xml.zip,2026-02-01 00:00:48,,
SO.107406799,107406799,1,7,2022-03-21,2022-02-18,1,1.0,2.0,1,1,1,2,112.0,1,2730305,4281617,56396512010,1069,88359109010,55468,POINT (-757103.39 -1044710.33),True,2022-04-01 00:08:13,20220331_OB_539309_UKSH.xml.zip,2022-04-01 00:08:13,2026-02-01 00:00:48,change
SO.107406799,107406799,1,7,2026-01-08,2022-02-18,1,1.0,2.0,1,1,1,2,112.0,11,4852736,7496056,56396512010,1069,88359109010,55468,POINT (-757103.39 -1044710.33),True,2026-02-01 00:00:48,20260131_OB_539309_UKSH.xml.zip,2026-02-01 00:00:48,,
SO.107649829,107649829,1,7,2022-04-21,2022-03-15,1,1.0,2.0,1,1,1,2,140.0,1,2752337,4325677,57169098010,1068,88351125010,55468,POINT (-757121.51 -1044716.98),True,2022-05-01 09:13:51,20220430_OB_539309_UKSH.xml.zip,2022-05-01 09:13:51,2026-02-01 00:00:48,change
SO.107649829,107649829,1,7,2026-01-08,2022-03-15,1,1.0,2.0,1,1,1,2,140.0,11,4852736,7496056,57169098010,1068,88351125010,55468,POINT (-757121.51 -1044716.98),True,2026-02-01 00:00:48,20260131_OB_539309_UKSH.xml.zip,2026-02-01 00:00:48,,
SO.107649853,107649853,1,7,2022-04-13,,6,1.0,2.0,1,3,1,2,86.0,1,2748019,4315234,57139552010,1080,89300988010,55468,POINT (-756834.91 -1044296.72),True,2022-05-01 09:13:51,20220430_OB_539309_UKSH.xml.zip,2022-05-01 09:13:51,2022-12-01 00:05:50,change
SO.107649853,107649853,1,7,2022-04-13,,6,1.0,2.0,1,3,1,2,86.0,1,2748019,4315234,57139552010,1080,89300988010,55468,POINT (-756834.91 -1044296.72),True,2022-12-01 00:05:50,20221130_OB_539309_UKSH.xml.zip,2022-12-01 00:05:50,2023-04-01 00:06:22,change
SO.107649853,107649853,1,7,2023-03-29,2023-03-13,6,1.0,2.0,1,3,1,2,86.0,1,3040865,4867949,57139552010,1080,89300988010,55468,POINT (-756834.91 -1044296.72),True,2023-04-01 00:06:22,20230331_OB_539309_UKSH.xml.zip,2023-04-01 00:06:22,2026-02-01 00:00:48,change
SO.107649853,107649853,1,7,2026-01-08,2023-03-13,62,1.0,2.0,1,3,1,2,86.0,16,4852736,7496056,57139552010,1080,89300988010,55468,POINT (-756834.91 -1044296.72),True,2026-02-01 00:00:48,20260131_OB_539309_UKSH.xml.zip,2026-02-01 00:00:48,,
SO.107649870,107649870,1,7,2022-04-13,2022-02-01,1,1.0,2.0,1,1,1,2,146.0,1,2748020,4313372,57137523010,1063,87891749010,55468,POINT (-757032.33 -1044734.53),True,2022-05-01 09:13:51,20220430_OB_539309_UKSH.xml.zip,2022-05-01 09:13:51,2026-02-01 00:00:48,change
SO.107649870,107649870,1,7,2026-01-08,2022-02-01,1,1.0,2.0,1,1,1,2,146.0,16,4852736,7496056,57137523010,1063,87891749010,55468,POINT (-757032.33 -1044734.53),True,2026-02-01 00:00:48,20260131_OB_539309_UKSH.xml.zip,2026-02-01 00:00:48,,
SO.107686473,107686473,1,7,2022-04-13,2022-03-01,6,1.0,2.0,1,1,1,2,93.0,1,2749237,4313181,,1067,89287854010,55468,POINT (-756719.67 -1044547.75),False,2022-05-01 09:13:51,20220430_OB_539309_UKSH.xml.zip,2022-05-01 09:13:51,2022-07-01 00:08:32,change
SO.107686473,107686473,1,7,2022-04-13,2022-03-01,6,1.0,2.0,1,1,1,2,93.0,1,2749237,4406771,58310667010,1067,89287854010,55468,POINT (-756719.67 -1044547.75),True,2022-07-01 00:08:32,20220630_OB_539309_UKSH.xml.zip,2022-07-01 00:08:32,2026-02-01 00:00:48,change
SO.107686473,107686473,1,7,2026-01-08,2022-03-01,6,1.0,2.0,1,1,1,2,93.0,16,4852736,7496056,58310667010,1067,89287854010,55468,POINT (-756719.67 -1044547.75),True,2026-02-01 00:00:48,20260131_OB_539309_UKSH.xml.zip,2026-02-01 00:00:48,,
SO.107686490,107686490,3,18,2022-04-13,2022-01-31,1,0.0,1.0,4,3,2,2,60.0,4,2749237,4313181,,,89331054010,,POINT (-756877.31 -1044008.19),False,2022-05-01 09:13:51,20220430_OB_539309_UKSH.xml.zip,2022-05-01 09:13:51,2022-06-01 00:09:23,change
SO.107686490,107686490,3,18,2022-04-13,2022-01-31,1,0.0,1.0,4,3,2,2,60.0,4,2749237,4361776,57635608010,,89331054010,,POINT (-756877.31 -1044008.19),True,2022-06-01 00:09:23,20220531_OB_539309_UKSH.xml.zip,2022-06-01 00:09:23,,
SO.107686511,107686511,1,7,2022-04-13,2022-02-01,1,1.0,1.0,1,1,1,2,159.0,1,2749237,4318373,57192598010,1081,86804299010,55468,POINT (-756837.37 -1044349.09),True,2022-05-01 09:13:51,20220430_OB_539309_UKSH.xml.zip,2022-05-01 09:13:51,2026-02-01 00:00:48,change
SO.107686511,107686511,1,7,2026-01-08,2022-02-01,1,1.0,1.0,1,1,1,2,159.0,11,4852736,7496056,57192598010,1081,86804299010,55468,POINT (-756837.37 -1044349.09),True,2026-02-01 00:00:48,20260131_OB_539309_UKSH.xml.zip,2026-02-01 00:00:48,,
SO.107722933,107722933,1,7,2022-04-21,2022-02-01,1,1.0,2.0,1,3,1,2,101.0,1,2752334,4319757,,1079,85853150010,55468,POINT (-756879.49 -1044349.42),False,2022-05-01 09:13:51,20220430_OB_539309_UKSH.xml.zip,2022-05-01 09:13:51,2022-08-01 00:03:03,change
SO.107722933,107722933,1,7,2022-04-21,2022-02-01,1,1.0,2.0,1,3,1,2,101.0,1,2752334,4475123,59045648010,1079,85853150010,55468,POINT (-756879.49 -1044349.42),True,2022-08-01 00:03:03,20220731_OB_539309_UKSH.xml.zip,2022-08-01 00:03:03,2026-02-01 00:00:48,change
SO.107722933,107722933,1,7,2026-01-08,2022-02-01,1,1.0,2.0,1,3,1,2,101.0,16,4852736,7496056,59045648010,1079,85853150010,55468,POINT (-756879.49 -1044349.42),True,2026-02-01 00:00:48,20260131_OB_539309_UKSH.xml.zip,2026-02-01 00:00:48,,
SO.107722950,107722950,1,7,2022-04-21,2022-03-01,1,1.0,2.0,1,3,1,2,66.0,1,2752335,4326883,57319609010,1082,89610355010,55468,POINT (-757547.45 -1044545.06),True,2022-05-01 09:13:51,20220430_OB_539309_UKSH.xml.zip,2022-05-01 09:13:51,2026-02-01 00:00:48,change
SO.107722950,107722950,1,7,2026-01-08,2022-03-01,1,1.0,2.0,1,3,1,2,66.0,16,4852736,7496056,57319609010,1082,89610355010,55468,POINT (-757547.45 -1044545.06),True,2026-02-01 00:00:48,20260131_OB_539309_UKSH.xml.zip,2026-02-01 00:00:48,,
SO.107722976,107722976,1,7,2022-04-21,2022-03-01,1,1.0,2.0,1,3,1,2,66.0,1,2752336,4326886,57319610010,1083,89610356010,55468,POINT (-757547.77 -1044552.93),True,2022-05-01 09:13:51,20220430_OB_539309_UKSH.xml.zip,2022-05-01 09:13:51,2026-02-01 00:00:48,change
SO.107722976,107722976,1,7,2026-01-08,2022-03-01,1,1.0,2.0,1,3,1,2,66.0,16,4852736,7496056,57319610010,1083,89610356010,55468,POINT (-757547.77 -1044552.93),True,2026-02-01 00:00:48,20260131_OB_539309_UKSH.xml.zip,2026-02-01 00:00:48,,
SO.107722992,107722992,1,7,2022-04-21,2022-03-01,1,1.0,2.0,1,3,1,2,66.0,1,2752336,4326884,57319607010,1084,89610357010,55468,POINT (-757518.25 -1044545.6),True,2022-05-01 09:13:51,20220430_OB_539309_UKSH.xml.zip,2022-05-01 09:13:51,2026-02-01 00:00:48,change
SO.107722992,107722992,1,7,2026-01-08,2022-03-01,1,1.0,2.0,1,3,1,2,66.0,16,4852736,7496056,57319607010,1084,89610357010,55468,POINT (-757518.25 -1044545.6),True,2026-02-01 00:00:48,20260131_OB_539309_UKSH.xml.zip,2026-02-01 00:00:48,,
SO.107723018,107723018,1,7,2022-04-21,2022-03-01,1,1.0,2.0,1,3,1,2,66.0,1,2752336,4326882,57319608010,1085,89610358010,55468,POINT (-757518.52 -1044553.52),True,2022-05-01 09:13:51,20220430_OB_539309_UKSH.xml.zip,2022-05-01 09:13:51,2026-02-01 00:00:48,change
SO.107723018,107723018,1,7,2026-01-08,2022-03-01,1,1.0,2.0,1,3,1,2,66.0,16,4852736,7496056,57319608010,1085,89610358010,55468,POINT (-757518.52 -1044553.52),True,2026-02-01 00:00:48,20260131_OB_539309_UKSH.xml.zip,2026-02-01 00:00:48,,
SO.108065995,108065995,3,19,2022-05-11,2022-05-03,1,0.0,1.0,4,3,2,2,33.0,1,2769795,4355689,,,86038585010,,POINT (-756174.05 -1043668.61),False,2022-06-01 00:09:23,20220531_OB_539309_UKSH.xml.zip,2022-06-01 00:09:23,2022-07-01 00:08:32,change
SO.108065995,108065995,3,19,2022-05-11,2022-05-03,1,0.0,1.0,4,3,2,2,33.0,1,2769795,4433991,58702616010,,86038585010,,POINT (-756174.05 -1043668.61),True,2022-07-01 00:08:32,20220630_OB_539309_UKSH.xml.zip,2022-07-01 00:08:32,2024-01-01 00:00:34,change
SO.108065995,108065995,3,19,2022-05-11,2022-05-03,1,0.0,1.0,4,3,2,2,33.0,1,2769795,4433991,58702616010,,86038585010,,POINT (-756174.05 -1043668.61),True,2024-01-01 00:00:34,20231231_OB_539309_UKSH.xml.zip,2024-01-01 00:00:34,,
SO.108067408,108067408,3,19,2022-05-11,2022-05-03,6,0.0,1.0,4,3,2,2,11.0,4,2769795,4355689,,,86038586010,,POINT (-756170.1 -1043685.05),False,2022-06-01 00:09:23,20220531_OB_539309_UKSH.xml.zip,2022-06-01 00:09:23,2022-07-01 00:08:32,change
SO.108067408,108067408,3,19,2022-05-11,2022-05-03,6,0.0,1.0,4,3,2,2,11.0,4,2769795,4433993,58702617010,,86038586010,,POINT (-756170.1 -1043685.05),True,2022-07-01 00:08:32,20220630_OB_539309_UKSH.xml.zip,2022-07-01 00:08:32,,
SO.108068943,108068943,3,18,2022-05-11,2022-02-17,1,0.0,1.0,4,3,2,2,46.0,4,2771129,4356558,57592667010,,87472759010,,POINT (-757465.02 -1043723.17),True,2022-06-01 00:09:23,20220531_OB_539309_UKSH.xml.zip,2022-06-01 00:09:23,,
SO.108107906,108107906,1,7,2022-05-16,2022-05-03,1,1.0,2.0,1,3,1,2,113.0,1,2774177,4364262,57652610010,1090,89476509010,55468,POINT (-756729.26 -1044292.51),True,2022-06-01 00:09:23,20220531_OB_539309_UKSH.xml.zip,2022-06-01 00:09:23,2026-02-01 00:00:48,change
SO.108107906,108107906,1,7,2026-01-08,2022-05-03,1,1.0,2.0,1,3,1,2,113.0,16,4852736,7496056,57652610010,1090,89476509010,55468,POINT (-756729.26 -1044292.51),True,2026-02-01 00:00:48,20260131_OB_539309_UKSH.xml.zip,2026-02-01 00:00:48,,
SO.108108724,108108724,1,7,2022-05-16,,1,1.0,2.0,1,3,1,2,192.0,1,2774269,4363186,57645631010,1086,89181064010,55468,POINT (-757571.66 -1044369.05),True,2022-06-01 00:09:23,20220531_OB_539309_UKSH.xml.zip,2022-06-01 00:09:23,2026-02-01 00:00:48,change
SO.108108724,108108724,1,7,2026-01-08,,1,1.0,2.0,1,3,1,2,192.0,16,4852736,7496056,57645631010,1086,89181064010,55468,POINT (-757571.66 -1044369.05),True,2026-02-01 00:00:48,20260131_OB_539309_UKSH.xml.zip,2026-02-01 00:00:48,,
SO.108118380,108118380,1,7,2022-05-17,2022-05-17,1,1.0,2.0,1,1,1,2,95.0,1,2775014,4364232,,1092,90160466010,55468,POINT (-757046.28 -1044742.71),False,2022-06-01 00:09:23,20220531_OB_539309_UKSH.xml.zip,2022-06-01 00:09:23,2022-07-01 00:08:32,change
SO.108118380,108118380,1,7,2022-05-17,2022-05-17,1,1.0,2.0,1,1,1,2,95.0,1,2775014,4401881,58258613010,1092,90160466010,55468,POINT (-757046.28 -1044742.71),True,2022-07-01 00:08:32,20220630_OB_539309_UKSH.xml.zip,2022-07-01 00:08:32,2026-02-01 00:00:48,change
SO.108118380,108118380,1,7,2026-01-08,2022-05-17,1,1.0,2.0,1,1,1,2,95.0,11,4852736,7496056,58258613010,1092,90160466010,55468,POINT (-757046.28 -1044742.71),True,2026-02-01 00:00:48,20260131_OB_539309_UKSH.xml.zip,2026-02-01 00:00:48,,
SO.111377528,111377528,1,7,2022-06-07,2022-05-10,1,1.0,2.0,1,1,1,2,138.0,1,2795578,4401527,936873210,1089,2460737210,55468,POINT (-757607.62 -1044302.55),True,2022-07-01 00:08:32,20220630_OB_539309_UKSH.xml.zip,2022-07-01 00:08:32,2022-11-01 00:06:54,change
SO.111377528,111377528,1,7,2022-06-07,2022-05-10,1,1.0,2.0,1,1,1,2,138.0,1,2795578,4401527,936873210,1089,2460737210,55468,POINT (-757607.62 -1044302.55),True,2022-11-01 00:06:54,20221031_OB_539309_UKSH.xml.zip,2022-11-01 00:06:54,,
SO.111480868,111480868,1,7,2022-06-07,,1,1.0,2.0,1,3,1,2,81.0,1,2795593,4412234,58408617010,1087,89094370010,55468,POINT (-757075.35 -1044774.77),True,2022-07-01 00:08:32,20220630_OB_539309_UKSH.xml.zip,2022-07-01 00:08:32,2023-05-01 00:00:46,change
SO.111480868,111480868,1,7,2023-04-17,2023-04-04,1,1.0,2.0,1,3,1,2,81.0,1,3054408,4894182,58408617010,1087,89094370010,55468,POINT (-757075.35 -1044774.77),True,2023-05-01 00:00:46,20230430_OB_539309_UKSH.xml.zip,2023-05-01 00:00:46,,
SO.113910835,113910835,1,7,2022-06-22,2021-06-21,1,1.0,4.0,1,1,1,2,180.0,1,2809308,4427907,,1050,80354224010,55468,POINT (-757588.49 -1043916.98),False,2022-07-01 00:08:32,20220630_OB_539309_UKSH.xml.zip,2022-07-01 00:08:32,2022-12-01 00:05:50,change
SO.113910835,113910835,1,7,2022-11-22,2021-06-21,1,1.0,4.0,1,1,1,2,180.0,1,2927090,4661876,60042277010,1050,80354224010,55468,POINT (-757588.81 -1043917.14),True,2022-12-01 00:05:50,20221130_OB_539309_UKSH.xml.zip,2022-12-01 00:05:50,2026-02-01 00:00:48,change
SO.113910835,113910835,1,7,2026-01-08,2021-06-21,1,1.0,4.0,1,1,1,2,180.0,11,4852736,7496056,60042277010,1050,80354224010,55468,POINT (-757588.81 -1043917.14),True,2026-02-01 00:00:48,20260131_OB_539309_UKSH.xml.zip,2026-02-01 00:00:48,,
SO.115189777,115189777,1,7,2022-07-14,2022-06-22,1,1.0,2.0,1,3,1,2,59.0,1,2830336,4464070,58948653010,1022,78291341010,55468,POINT (-757426.02 -1044590.79),True,2022-08-01 00:03:03,20220731_OB_539309_UKSH.xml.zip,2022-08-01 00:03:03,,
SO.115191364,115191364,1,7,2022-07-07,2022-06-22,1,1.0,2.0,1,3,1,2,59.0,1,2823595,4463743,58948652010,1021,78291340010,55468,POINT (-757425.16 -1044584.16),True,2022-08-01 00:03:03,20220731_OB_539309_UKSH.xml.zip,2022-08-01 00:03:03,,
SO.115191801,115191801,1,7,2022-07-07,2022-06-22,1,1.0,2.0,1,3,1,2,59.0,1,2823620,4453297,58879605010,1098,89610361010,55468,POINT (-757268.9 -1044773.14),True,2022-08-01 00:03:03,20220731_OB_539309_UKSH.xml.zip,2022-08-01 00:03:03,2026-02-01 00:00:48,change
SO.115191801,115191801,1,7,2026-01-08,2022-06-22,1,1.0,2.0,1,3,1,2,59.0,16,4852736,7496056,58879605010,1098,89610361010,55468,POINT (-757268.9 -1044773.14),True,2026-02-01 00:00:48,20260131_OB_539309_UKSH.xml.zip,2026-02-01 00:00:48,,
SO.115191836,115191836,1,7,2022-07-07,2022-06-22,1,1.0,2.0,1,3,1,2,58.0,1,2823620,4453294,58879604010,1097,89610360010,55468,POINT (-757269.16 -1044766.2),True,2022-08-01 00:03:03,20220731_OB_539309_UKSH.xml.zip,2022-08-01 00:03:03,2026-02-01 00:00:48,change
SO.115191836,115191836,1,7,2026-01-08,2022-06-22,1,1.0,2.0,1,3,1,2,58.0,16,4852736,7496056,58879604010,1097,89610360010,55468,POINT (-757269.16 -1044766.2),True,2026-02-01 00:00:48,20260131_OB_539309_UKSH.xml.zip,2026-02-01 00:00:48,,
SO.115191879,115191879,1,7,2022-07-07,2022-06-22,1,1.0,2.0,1,3,1,2,66.0,1,2823620,4453295,58879603010,1096,89610359010,55468,POINT (-757268.6 -1044758.87),True,2022-08-01 00:03:03,20220731_OB_539309_UKSH.xml.zip,2022-08-01 00:03:03,2026-02-01 00:00:48,change
SO.115191879,115191879,1,7,2026-01-08,2022-06-22,1,1.0,2.0,1,3,1,2,66.0,16,4852736,7496056,58879603010,1096,89610359010,55468,POINT (-757268.6 -1044758.87),True,2026-02-01 00:00:48,20260131_OB_539309_UKSH.xml.zip,2026-02-01 00:00:48,,
SO.115234691,115234691,1,7,2022-07-13,2022-07-12,1,1.0,2.0,1,1,1,2,178.0,1,2828216,4460373,,1088,90647254010,55468,POINT (-757483.75 -1044282.09),False,2022-08-01 00:03:03,20220731_OB_539309_UKSH.xml.zip,2022-08-01 00:03:03,2022-09-01 00:07:11,change
SO.115234691,115234691,1,7,2022-07-13,2022-07-12,1,1.0,2.0,1,1,1,2,178.0,1,2828216,4495764,59324600010,1088,90647254010,55468,POINT (-757483.75 -1044282.09),True,2022-09-01 00:07:11,20220831_OB_539309_UKSH.xml.zip,2022-09-01 00:07:11,2026-02-01 00:00:48,change
SO.115234691,115234691,1,7,2026-01-08,2022-07-12,1,1.0,2.0,1,1,1,2,178.0,11,4852736,7496056,59324600010,1088,90647254010,55468,POINT (-757483.75 -1044282.09),True,2026-02-01 00:00:48,20260131_OB_539309_UKSH.xml.zip,2026-02-01 00:00:48,,
SO.115341056,115341056,1,7,2022-07-25,2022-06-21,1,1.0,2.0,1,1,1,2,207.0,1,2836733,4476498,,1095,71342120010,55468,POINT (-757642.67 -1044094.91),False,2022-08-01 00:03:03,20220731_OB_539309_UKSH.xml.zip,2022-08-01 00:03:03,2022-09-01 00:07:11,change
SO.115341056,115341056,1,7,2022-07-25,2022-06-21,1,1.0,2.0,1,1,1,2,207.0,1,2836733,4493440,59308623010,1095,71342120010,55468,POINT (-757642.67 -1044094.91),True,2022-09-01 00:07:11,20220831_OB_539309_UKSH.xml.zip,2022-09-01 00:07:11,2026-02-01 00:00:48,change
SO.115341056,115341056,1,7,2026-01-08,2022-06-21,1,1.0,2.0,1,1,1,2,207.0,11,4852736,7496056,59308623010,1095,71342120010,55468,POINT (-757642.67 -1044094.91),True,2026-02-01 00:00:48,20260131_OB_539309_UKSH.xml.zip,2026-02-01 00:00:48,,
SO.115544038,115544038,1,7,2022-08-19,2022-07-18,1,1.0,2.0,1,3,1,2,83.0,1,2852190,4521892,59680605010,1093,90656593010,55468,POINT (-757010.33 -1044774.6),True,2022-09-01 00:07:11,20220831_OB_539309_UKSH.xml.zip,2022-09-01 00:07:11,2023-04-01 00:06:22,change
SO.115544038,115544038,1,7,2023-03-29,2023-03-22,1,1.0,2.0,1,3,1,2,83.0,1,3040833,4867901,59680605010,1093,90656593010,55468,POINT (-757010.33 -1044774.6),True,2023-04-01 00:06:22,20230331_OB_539309_UKSH.xml.zip,2023-04-01 00:06:22,,
SO.115748075,115748075,3,16,2022-11-02,2022-09-14,7,0.0,1.0,4,3,2,2,12.0,4,2910450,4628935,39646044010,,81021930010,,POINT (-757472.02 -1044631.55),True,2022-12-01 00:05:50,20221130_OB_539309_UKSH.xml.zip,2022-12-01 00:05:50,,
SO.115782494,115782494,3,18,2022-09-19,2022-09-12,1,0.0,1.0,4,3,2,2,24.0,4,2873175,4557973,59783739010,,91847648010,,POINT (-757566.73 -1044159.38),True,2022-10-01 00:06:55,20220930_OB_539309_UKSH.xml.zip,2022-10-01 00:06:55,,
SO.115877860,115877860,3,19,2022-09-27,1993-11-22,1,0.0,1.0,4,3,2,2,32.0,4,2879524,4568777,,,91865565010,,POINT (-757179.03 -1043894.73),False,2022-10-01 00:06:55,20220930_OB_539309_UKSH.xml.zip,2022-10-01 00:06:55,2022-11-01 00:06:54,change
SO.115877860,115877860,3,19,2022-09-27,1993-11-22,1,0.0,1.0,4,3,2,2,32.0,4,2879524,4623158,59934821010,,91865565010,,POINT (-757179.03 -1043894.73),True,2022-11-01 00:06:54,20221031_OB_539309_UKSH.xml.zip,2022-11-01 00:06:54,,
SO.115957332,115957332,1,7,2022-10-11,2022-10-03,1,1.0,1.0,1,3,1,2,173.0,1,2887267,4590214,59866759010,1117,91399454010,55468,POINT (-757028.6 -1044808.57),True,2022-11-01 00:06:54,20221031_OB_539309_UKSH.xml.zip,2022-11-01 00:06:54,,
SO.115957570,115957570,1,7,2022-10-11,2022-09-06,1,1.0,2.0,1,1,1,2,112.0,1,2887289,4599822,59879758010,1115,90705729010,55468,POINT (-756821.16 -1044287.87),True,2022-11-01 00:06:54,20221031_OB_539309_UKSH.xml.zip,2022-11-01 00:06:54,2026-02-01 00:00:48,change
SO.115957570,115957570,1,7,2026-01-08,2022-09-06,1,1.0,2.0,1,1,1,2,112.0,16,4852736,7496056,59879758010,1115,90705729010,55468,POINT (-756821.16 -1044287.87),True,2026-02-01 00:00:48,20260131_OB_539309_UKSH.xml.zip,2026-02-01 00:00:48,,
SO.116409568,116409568,1,7,2022-10-17,2022-06-21,1,1.0,2.0,1,3,1,2,171.0,1,2896120,4600974,,1110,89792389010,55468,POINT (-757937.84 -1043713.4),False,2022-11-01 00:06:54,20221031_OB_539309_UKSH.xml.zip,2022-11-01 00:06:54,2023-01-01 00:03:45,change
SO.116409568,116409568,1,7,2022-10-17,2022-06-21,1,1.0,2.0,1,3,1,2,171.0,1,2896120,4717199,60159232010,1110,89792389010,55468,POINT (-757937.84 -1043713.4),True,2023-01-01 00:03:45,20221231_OB_539309_UKSH.xml.zip,2023-01-01 00:03:45,2026-02-01 00:00:48,change
SO.116409568,116409568,1,7,2026-01-08,2022-06-21,1,1.0,2.0,1,3,1,2,171.0,15,4852736,7496056,60159232010,1110,89792389010,55468,POINT (-757937.84 -1043713.4),True,2026-02-01 00:00:48,20260131_OB_539309_UKSH.xml.zip,2026-02-01 00:00:48,,
SO.117362000,117362000,1,7,2022-10-31,2022-10-07,1,1.0,2.0,1,3,1,2,59.0,1,2907522,4622775,,1099,89610364010,55468,POINT (-757269.72 -1044803.09),False,2022-11-01 00:06:54,20221031_OB_539309_UKSH.xml.zip,2022-11-01 00:06:54,2022-12-01 00:05:50,change
SO.117362000,117362000,1,7,2022-10-31,2022-10-07,1,1.0,2.0,1,3,1,2,59.0,1,2907522,4660574,60042369010,1099,89610364010,55468,POINT (-757269.72 -1044803.09),True,2022-12-01 00:05:50,20221130_OB_539309_UKSH.xml.zip,2022-12-01 00:05:50,2026-02-01 00:00:48,change
SO.117362000,117362000,1,7,2026-01-08,2022-10-07,1,1.0,2.0,1,3,1,2,59.0,16,4852736,7496056,60042369010,1099,89610364010,55468,POINT (-757269.72 -1044803.09),True,2026-02-01 00:00:48,20260131_OB_539309_UKSH.xml.zip,2026-02-01 00:00:48,,
SO.117362379,117362379,1,7,2022-10-31,2022-10-07,1,1.0,2.0,1,3,1,2,58.0,1,2907522,4622775,,1100,89610363010,55468,POINT (-757270.32 -1044796.24),False,2022-11-01 00:06:54,20221031_OB_539309_UKSH.xml.zip,2022-11-01 00:06:54,2022-12-01 00:05:50,change
SO.117362379,117362379,1,7,2022-10-31,2022-10-07,1,1.0,2.0,1,3,1,2,58.0,1,2907522,4660575,60042367010,1100,89610363010,55468,POINT (-757270.32 -1044796.24),True,2022-12-01 00:05:50,20221130_OB_539309_UKSH.xml.zip,2022-12-01 00:05:50,2026-02-01 00:00:48,change
SO.117362379,117362379,1,7,2026-01-08,2022-10-07,1,1.0,2.0,1,3,1,2,58.0,16,4852736,7496056,60042367010,1100,89610363010,55468,POINT (-757270.32 -1044796.24),True,2026-02-01 00:00:48,20260131_OB_539309_UKSH.xml.zip,2026-02-01 00:00:48,,
SO.117362433,117362433,1,7,2022-10-31,2022-10-07,1,1.0,2.0,1,3,1,2,59.0,1,2907522,4622775,,1101,89610362010,55468,POINT (-757269.24 -1044789.51),False,2022-11-01 00:06:54,20221031_OB_539309_UKSH.xml.zip,2022-11-01 00:06:54,2022-12-01 00:05:50,change
SO.117362433,117362433,1,7,2022-10-31,2022-10-07,1,1.0,2.0,1,3,1,2,59.0,1,2907522,4660573,60042366010,1101,89610362010,55468,POINT (-757269.24 -1044789.51),True,2022-12-01 00:05:50,20221130_OB_539309_UKSH.xml.zip,2022-12-01 00:05:50,2026-02-01 00:00:48,change
SO.117362433,117362433,1,7,2026-01-08,2022-10-07,1,1.0,2.0,1,3,1,2,59.0,16,4852736,7496056,60042366010,1101,89610362010,55468,POINT (-757269.24 -1044789.51),True,2026-02-01 00:00:48,20260131_OB_539309_UKSH.xml.zip,2026-02-01 00:00:48,2026-04-01 00:02:58,change
SO.117362433,117362433,1,7,2026-01-08,2022-10-07,1,1.0,2.0,1,3,1,2,59.0,16,4852736,7496056,60042366010,1101,89610362010,55468,POINT (-757269.24 -1044789.51),True,2026-04-01 00:02:58,20260331_OB_539309_UKSH.xml.zip,2026-04-01 00:02:58,,
SO.117363421,117363421,3,18,2022-10-31,2022-10-26,1,0.0,1.0,4,3,2,2,68.0,4,2907574,4622803,,,92174320010,,POINT (-756931.4 -1044184.79),False,2022-11-01 00:06:54,20221031_OB_539309_UKSH.xml.zip,2022-11-01 00:06:54,2023-03-01 00:11:14,change
SO.117363421,117363421,3,18,2023-02-13,2022-10-26,1,0.0,1.0,4,3,2,2,68.0,4,3005317,4797213,60356406010,,92174320010,,POINT (-756930.68 -1044184.74),True,2023-03-01 00:11:14,20230228_OB_539309_UKSH.xml.zip,2023-03-01 00:11:14,2024-11-01 00:04:28,change
SO.117363421,117363421,3,19,2024-10-09,2022-10-26,1,0.0,1.0,4,3,2,2,68.0,4,3769082,6035133,60356406010,,92174320010,,POINT (-756930.68 -1044184.74),True,2024-11-01 00:04:28,20241031_OB_539309_UKSH.xml.zip,2024-11-01 00:04:28,,
SO.117364193,117364193,3,19,2022-10-31,2022-10-21,1,0.0,1.0,4,3,2,2,54.0,4,2907613,4623013,,,91895465010,,POINT (-757245.4 -1043860.92),False,2022-11-01 00:06:54,20221031_OB_539309_UKSH.xml.zip,2022-11-01 00:06:54,2022-12-01 00:05:50,change
SO.117364193,117364193,3,19,2022-10-31,2022-10-21,1,0.0,1.0,4,3,2,2,54.0,4,2907613,4658773,60042396010,,91895465010,,POINT (-757245.4 -1043860.92),True,2022-12-01 00:05:50,20221130_OB_539309_UKSH.xml.zip,2022-12-01 00:05:50,,
SO.117370088,117370088,1,7,2022-10-31,2022-09-13,1,1.0,2.0,1,1,1,2,120.0,1,2907798,4623268,,1094,90275847010,55468,POINT (-756909.89 -1044436.07),False,2022-11-01 00:06:54,20221031_OB_539309_UKSH.xml.zip,2022-11-01 00:06:54,2022-12-01 00:05:50,change
SO.117370088,117370088,1,7,2022-10-31,2022-09-13,1,1.0,2.0,1,1,1,2,120.0,1,2907798,4663935,60052196010,1094,90275847010,55468,POINT (-756909.89 -1044436.07),True,2022-12-01 00:05:50,20221130_OB_539309_UKSH.xml.zip,2022-12-01 00:05:50,2026-02-01 00:00:48,change
SO.117370088,117370088,1,7,2026-01-08,2022-09-13,1,1.0,2.0,1,1,1,2,120.0,11,4852736,7496056,60052196010,1094,90275847010,55468,POINT (-756909.89 -1044436.07),True,2026-02-01 00:00:48,20260131_OB_539309_UKSH.xml.zip,2026-02-01 00:00:48,,
SO.117562769,117562769,3,13,2022-11-03,2022-10-31,1,0.0,1.0,4,3,2,2,554.0,4,2911882,4641361,59996691010,,1304150210,,POINT (-756717.82 -1044083.44),True,2022-12-01 00:05:50,20221130_OB_539309_UKSH.xml.zip,2022-12-01 00:05:50,,
SO.117603805,117603805,3,18,2022-11-09,2000-12-27,1,0.0,1.0,4,3,2,2,29.0,4,2915957,4646476,60000875010,,92210254010,,POINT (-756954.39 -1044176.12),True,2022-12-01 00:05:50,20221130_OB_539309_UKSH.xml.zip,2022-12-01 00:05:50,,
SO.117782904,117782904,3,19,2022-11-16,2022-11-03,1,0.0,1.0,4,3,2,2,32.0,4,2922035,4652726,,,91809834010,,POINT (-756932.63 -1043880.58),False,2022-12-01 00:05:50,20221130_OB_539309_UKSH.xml.zip,2022-12-01 00:05:50,,
SO.118133144,118133144,1,15,2022-11-23,2022-11-15,7,0.0,1.0,3,3,1,2,92.0,3,2928598,4664750,,292,92532968010,55468,POINT (-757199.58 -1044259.02),False,2022-12-01 00:05:50,20221130_OB_539309_UKSH.xml.zip,2022-12-01 00:05:50,2023-06-01 00:14:42,change
SO.118133144,118133144,1,15,2022-11-23,2022-11-15,7,0.0,1.0,3,3,1,2,92.0,3,2928598,4953032,60774494010,292,92532968010,55468,POINT (-757199.58 -1044259.02),True,2023-06-01 00:14:42,20230531_OB_539309_UKSH.xml.zip,2023-06-01 00:14:42,,
SO.118141333,118141333,3,19,2022-11-24,2022-11-23,1,0.0,1.0,4,3,2,2,23.0,4,2929456,4666051,,,91889192010,,POINT (-757144.15 -1043836.79),False,2022-12-01 00:05:50,20221130_OB_539309_UKSH.xml.zip,2022-12-01 00:05:50,2023-02-01 00:07:01,change
SO.118141333,118141333,3,19,2022-11-24,2022-11-23,1,0.0,1.0,4,3,2,2,23.0,4,2929456,4738555,60218272010,,91889192010,,POINT (-757144.15 -1043836.79),True,2023-02-01 00:07:01,20230131_OB_539309_UKSH.xml.zip,2023-02-01 00:07:01,,
SO.118287095,118287095,1,7,2022-12-06,2022-11-24,1,1.0,2.0,1,3,1,2,59.0,1,2943973,4692325,60107211010,1104,91658912010,55468,POINT (-757270.8 -1044832.77),True,2023-01-01 00:03:45,20221231_OB_539309_UKSH.xml.zip,2023-01-01 00:03:45,2026-02-01 00:00:48,change
SO.118287095,118287095,1,7,2026-01-08,2022-11-24,1,1.0,2.0,1,3,1,2,59.0,16,4852736,7496056,60107211010,1104,91658912010,55468,POINT (-757270.8 -1044832.77),True,2026-02-01 00:00:48,20260131_OB_539309_UKSH.xml.zip,2026-02-01 00:00:48,,
SO.118287389,118287389,1,7,2022-12-06,2022-11-24,1,1.0,2.0,1,3,1,2,58.0,1,2943973,4692324,60107210010,1103,91658911010,55468,POINT (-757271.32 -1044825.9),True,2023-01-01 00:03:45,20221231_OB_539309_UKSH.xml.zip,2023-01-01 00:03:45,2026-02-01 00:00:48,change
SO.118287389,118287389,1,7,2026-01-08,2022-11-24,1,1.0,2.0,1,3,1,2,58.0,16,4852736,7496056,60107210010,1103,91658911010,55468,POINT (-757271.32 -1044825.9),True,2026-02-01 00:00:48,20260131_OB_539309_UKSH.xml.zip,2026-02-01 00:00:48,,
SO.118287451,118287451,1,7,2022-12-06,2022-11-24,1,1.0,2.0,1,3,1,2,59.0,1,2943973,4692323,60107209010,1102,91658910010,55468,POINT (-757270.19 -1044819.22),True,2023-01-01 00:03:45,20221231_OB_539309_UKSH.xml.zip,2023-01-01 00:03:45,2026-02-01 00:00:48,change
SO.118287451,118287451,1,7,2026-01-08,2022-11-24,1,1.0,2.0,1,3,1,2,59.0,16,4852736,7496056,60107209010,1102,91658910010,55468,POINT (-757270.19 -1044819.22),True,2026-02-01 00:00:48,20260131_OB_539309_UKSH.xml.zip,2026-02-01 00:00:48,,
SO.118288393,118288393,3,18,2022-12-06,2004-02-26,1,0.0,1.0,4,3,2,2,107.0,4,2944042,4689567,,,92092833010,,POINT (-756895.11 -1044163.29),False,2023-01-01 00:03:45,20221231_OB_539309_UKSH.xml.zip,2023-01-01 00:03:45,2023-02-01 00:07:01,change
SO.118288393,118288393,3,18,2022-12-06,2004-02-26,1,0.0,1.0,4,3,2,2,107.0,4,2944042,4754992,60265218010,,92092833010,,POINT (-756895.11 -1044163.29),True,2023-02-01 00:07:01,20230131_OB_539309_UKSH.xml.zip,2023-02-01 00:07:01,,
SO.118301543,118301543,3,19,2022-12-07,2010-02-14,7,0.0,1.0,4,3,2,2,43.0,4,2945361,4692040,,,42121734010,,POINT (-757254.34 -1043864.35),False,2023-01-01 00:03:45,20221231_OB_539309_UKSH.xml.zip,2023-01-01 00:03:45,2023-03-01 00:11:14,change
SO.118301543,118301543,3,19,2023-02-01,2010-02-14,7,0.0,1.0,4,3,2,2,43.0,4,2997253,4780431,60323266010,,42121734010,,POINT (-757254.48 -1043863.76),True,2023-03-01 00:11:14,20230228_OB_539309_UKSH.xml.zip,2023-03-01 00:11:14,,
SO.118333836,118333836,1,7,2022-12-12,2022-10-31,1,1.0,2.0,1,1,1,2,209.0,1,2948142,4698085,,1113,91317497010,55468,POINT (-756872.65 -1044335.02),False,2023-01-01 00:03:45,20221231_OB_539309_UKSH.xml.zip,2023-01-01 00:03:45,2023-03-01 00:11:14,change
SO.118333836,118333836,1,7,2022-12-12,2022-10-31,1,1.0,2.0,1,1,1,2,209.0,1,2948142,4795834,60368242010,1113,91317497010,55468,POINT (-756872.65 -1044335.02),True,2023-03-01 00:11:14,20230228_OB_539309_UKSH.xml.zip,2023-03-01 00:11:14,2024-07-01 00:00:35,change
SO.118333836,118333836,1,7,2024-06-12,2024-06-05,1,1.0,2.0,1,1,1,2,209.0,1,3482489,5657567,60368242010,1113,91317497010,55468,POINT (-756872.65 -1044335.02),True,2024-07-01 00:00:35,20240630_OB_539309_UKSH.xml.zip,2024-07-01 00:00:35,,
SO.118441876,118441876,3,18,2022-12-21,1985-06-15,1,0.0,1.0,4,3,2,2,26.0,4,2959221,4716130,,,92563232010,,POINT (-757086.67 -1043858.3),False,2023-01-01 00:03:45,20221231_OB_539309_UKSH.xml.zip,2023-01-01 00:03:45,2023-02-01 00:07:01,change
SO.118441876,118441876,3,18,2022-12-21,1985-06-15,1,0.0,1.0,4,3,2,2,26.0,4,2959221,4758371,60273261010,,92563232010,,POINT (-757086.67 -1043858.3),True,2023-02-01 00:07:01,20230131_OB_539309_UKSH.xml.zip,2023-02-01 00:07:01,,
SO.118505033,118505033,3,18,2023-01-02,1968-03-04,1,0.0,1.0,4,3,2,2,51.0,4,2967507,4734261,60204214010,,91848920010,,POINT (-756927.48 -1044204.92),True,2023-02-01 00:07:01,20230131_OB_539309_UKSH.xml.zip,2023-02-01 00:07:01,,
SO.118525107,118525107,3,18,2023-01-04,2022-11-04,1,0.0,1.0,4,3,2,2,40.0,4,2969701,4744591,60241258010,,67819177010,,POINT (-757616.13 -1044068.7),True,2023-02-01 00:07:01,20230131_OB_539309_UKSH.xml.zip,2023-02-01 00:07:01,,
SO.118588842,118588842,3,19,2023-01-11,2023-01-09,1,0.0,1.0,4,3,2,2,32.0,4,2975468,4770154,60300313010,,92930267010,,POINT (-757199.71 -1044022.83),True,2023-02-01 00:07:01,20230131_OB_539309_UKSH.xml.zip,2023-02-01 00:07:01,,
SO.118887459,118887459,1,7,2023-01-25,2023-01-25,1,1.0,2.0,1,3,1,2,60.0,1,2991101,4768372,,1105,91658913010,55468,POINT (-757270.48 -1044849.25),False,2023-02-01 00:07:01,20230131_OB_539309_UKSH.xml.zip,2023-02-01 00:07:01,2023-03-01 00:11:14,change
SO.118887459,118887459,1,7,2023-01-25,2023-01-25,1,1.0,2.0,1,3,1,2,60.0,1,2991101,4790123,60356207010,1105,91658913010,55468,POINT (-757270.48 -1044849.25),True,2023-03-01 00:11:14,20230228_OB_539309_UKSH.xml.zip,2023-03-01 00:11:14,2026-02-01 00:00:48,change
SO.118887459,118887459,1,7,2026-01-08,2023-01-25,1,1.0,2.0,1,3,1,2,60.0,16,4852736,7496056,60356207010,1105,91658913010,55468,POINT (-757270.48 -1044849.25),True,2026-02-01 00:00:48,20260131_OB_539309_UKSH.xml.zip,2026-02-01 00:00:48,,
SO.118887921,118887921,1,7,2023-01-25,2023-01-25,1,1.0,2.0,1,3,1,2,60.0,1,2991101,4768372,,1107,91658915010,55468,POINT (-757271.05 -1044862.84),False,2023-02-01 00:07:01,20230131_OB_539309_UKSH.xml.zip,2023-02-01 00:07:01,2023-03-01 00:11:14,change
SO.118887921,118887921,1,7,2023-01-25,2023-01-25,1,1.0,2.0,1,3,1,2,60.0,1,2991101,4790126,60356209010,1107,91658915010,55468,POINT (-757271.05 -1044862.84),True,2023-03-01 00:11:14,20230228_OB_539309_UKSH.xml.zip,2023-03-01 00:11:14,2026-02-01 00:00:48,change
SO.118887921,118887921,1,7,2026-01-08,2023-01-25,1,1.0,2.0,1,3,1,2,60.0,16,4852736,7496056,60356209010,1107,91658915010,55468,POINT (-757271.05 -1044862.84),True,2026-02-01 00:00:48,20260131_OB_539309_UKSH.xml.zip,2026-02-01 00:00:48,,
SO.118888838,118888838,1,7,2023-01-25,2023-01-25,1,1.0,2.0,1,3,1,2,59.0,1,2991101,4768372,,1106,91658914010,55468,POINT (-757272.1 -1044855.6),False,2023-02-01 00:07:01,20230131_OB_539309_UKSH.xml.zip,2023-02-01 00:07:01,2023-03-01 00:11:14,change
SO.118888838,118888838,1,7,2023-01-25,2023-01-25,1,1.0,2.0,1,3,1,2,59.0,1,2991101,4790125,60356208010,1106,91658914010,55468,POINT (-757272.1 -1044855.6),True,2023-03-01 00:11:14,20230228_OB_539309_UKSH.xml.zip,2023-03-01 00:11:14,2026-02-01 00:00:48,change
SO.118888838,118888838,1,7,2026-01-08,2023-01-25,1,1.0,2.0,1,3,1,2,59.0,16,4852736,7496056,60356208010,1106,91658914010,55468,POINT (-757272.1 -1044855.6),True,2026-02-01 00:00:48,20260131_OB_539309_UKSH.xml.zip,2026-02-01 00:00:48,,
SO.118889028,118889028,1,7,2023-01-25,2023-01-25,1,1.0,2.0,1,3,1,2,67.0,1,2991101,4768372,,1109,91658917010,55468,POINT (-757272.72 -1044886.97),False,2023-02-01 00:07:01,20230131_OB_539309_UKSH.xml.zip,2023-02-01 00:07:01,2023-03-01 00:11:14,change
SO.118889028,118889028,1,7,2023-01-25,2023-01-25,1,1.0,2.0,1,3,1,2,67.0,1,2991101,4790127,60356212010,1109,91658917010,55468,POINT (-757272.72 -1044886.97),True,2023-03-01 00:11:14,20230228_OB_539309_UKSH.xml.zip,2023-03-01 00:11:14,2026-02-01 00:00:48,change
SO.118889028,118889028,1,7,2026-01-08,2023-01-25,1,1.0,2.0,1,3,1,2,67.0,16,4852736,7496056,60356212010,1109,91658917010,55468,POINT (-757272.72 -1044886.97),True,2026-02-01 00:00:48,20260131_OB_539309_UKSH.xml.zip,2026-02-01 00:00:48,,
SO.118889338,118889338,1,7,2023-01-25,2023-01-25,1,1.0,2.0,1,3,1,2,67.0,1,2991101,4768372,,1108,91658916010,55468,POINT (-757271.79 -1044879.56),False,2023-02-01 00:07:01,20230131_OB_539309_UKSH.xml.zip,2023-02-01 00:07:01,2023-03-01 00:11:14,change
SO.118889338,118889338,1,7,2023-01-25,2023-01-25,1,1.0,2.0,1,3,1,2,67.0,1,2991101,4790124,60356210010,1108,91658916010,55468,POINT (-757271.79 -1044879.56),True,2023-03-01 00:11:14,20230228_OB_539309_UKSH.xml.zip,2023-03-01 00:11:14,2026-02-01 00:00:48,change
SO.118889338,118889338,1,7,2026-01-08,2023-01-25,1,1.0,2.0,1,3,1,2,67.0,16,4852736,7496056,60356210010,1108,91658916010,55468,POINT (-757271.79 -1044879.56),True,2026-02-01 00:00:48,20260131_OB_539309_UKSH.xml.zip,2026-02-01 00:00:48,,
SO.118999702,118999702,3,19,2023-02-08,1993-03-03,1,0.0,1.0,4,3,2,2,72.0,4,3001748,4791795,60359229010,,92760283010,,POINT (-757059.79 -1043898.32),True,2023-03-01 00:11:14,20230228_OB_539309_UKSH.xml.zip,2023-03-01 00:11:14,,
SO.119081016,119081016,3,18,2023-02-17,2023-02-14,1,0.0,1.0,4,3,2,2,33.0,4,3009168,4819929,60428282010,,93248172010,,POINT (-757723.83 -1044136.69),True,2023-03-01 00:11:14,20230228_OB_539309_UKSH.xml.zip,2023-03-01 00:11:14,,
SO.119122316,119122316,1,7,2023-02-28,2021-07-14,1,1.0,2.0,1,1,1,2,58.0,1,3012706,4822488,,732,51536011010,55468,POINT (-757271.37 -1044549.55),False,2023-03-01 00:11:14,20230228_OB_539309_UKSH.xml.zip,2023-03-01 00:11:14,,
SO.119260662,119260662,3,18,2023-03-13,2023-03-06,1,0.0,1.0,4,3,2,2,36.0,4,3024675,4839244,,,92148635010,,POINT (-756942.68 -1044133.23),False,2023-04-01 00:06:22,20230331_OB_539309_UKSH.xml.zip,2023-04-01 00:06:22,2024-01-01 00:00:34,change
SO.119260662,119260662,3,18,2023-03-13,2023-03-06,1,0.0,1.0,4,3,2,2,36.0,4,3024675,5257080,61547783010,,92148635010,,POINT (-756942.68 -1044133.23),True,2024-01-01 00:00:34,20231231_OB_539309_UKSH.xml.zip,2024-01-01 00:00:34,,
SO.119507021,119507021,1,7,2023-03-29,2023-03-22,1,1.0,1.0,1,1,1,2,101.0,1,3041044,4870379,60559432010,1116,92797978010,55468,POINT (-757111.71 -1044821.03),True,2023-04-01 00:06:22,20230331_OB_539309_UKSH.xml.zip,2023-04-01 00:06:22,2026-02-01 00:00:48,change
SO.119507021,119507021,1,7,2026-01-08,2023-03-22,1,1.0,1.0,1,1,1,2,101.0,11,4852736,7496056,60559432010,1116,92797978010,55468,POINT (-757111.71 -1044821.03),True,2026-02-01 00:00:48,20260131_OB_539309_UKSH.xml.zip,2026-02-01 00:00:48,,
SO.119650703,119650703,1,7,2023-04-14,2023-03-08,1,1.0,1.0,1,3,1,2,104.0,1,3053268,4900349,60640393010,1121,92080130010,55468,POINT (-757024.02 -1044762.28),True,2023-05-01 00:00:46,20230430_OB_539309_UKSH.xml.zip,2023-05-01 00:00:46,2026-02-01 00:00:48,change
SO.119650703,119650703,1,7,2026-01-08,2023-03-08,1,1.0,1.0,1,3,1,2,104.0,11,4852736,7496056,60640393010,1121,92080130010,55468,POINT (-757024.02 -1044762.28),True,2026-02-01 00:00:48,20260131_OB_539309_UKSH.xml.zip,2026-02-01 00:00:48,,
SO.119690063,119690063,1,7,2023-04-19,2023-03-13,6,1.0,1.0,1,1,1,2,143.0,1,3055903,4897433,,1112,91495070010,55468,POINT (-756877.09 -1044421.57),False,2023-05-01 00:00:46,20230430_OB_539309_UKSH.xml.zip,2023-05-01 00:00:46,2023-06-01 00:14:42,change
SO.119690063,119690063,1,7,2023-04-19,2023-03-13,6,1.0,1.0,1,1,1,2,143.0,1,3055903,4917881,60634420010,1112,91495070010,55468,POINT (-756877.09 -1044421.57),True,2023-06-01 00:14:42,20230531_OB_539309_UKSH.xml.zip,2023-06-01 00:14:42,2023-12-01 00:04:08,change
SO.119690063,119690063,1,7,2023-11-15,2023-07-26,6,1.0,1.0,1,1,1,2,143.0,1,3225245,5224040,60634420010,1112,91495070010,55468,POINT (-756877.09 -1044421.57),True,2023-12-01 00:04:08,20231130_OB_539309_UKSH.xml.zip,2023-12-01 00:04:08,2026-02-01 00:00:48,change
SO.119690063,119690063,1,7,2026-01-08,2023-07-26,62,1.0,1.0,1,1,1,2,143.0,16,4852736,7496056,60634420010,1112,91495070010,55468,POINT (-756877.09 -1044421.57),True,2026-02-01 00:00:48,20260131_OB_539309_UKSH.xml.zip,2026-02-01 00:00:48,,
SO.119788659,119788659,3,19,2023-04-28,2023-03-27,1,0.0,1.0,4,3,2,2,35.0,4,3063177,4913501,60562449010,,92950690010,,POINT (-756945.72 -1043881.47),True,2023-05-01 00:00:46,20230430_OB_539309_UKSH.xml.zip,2023-05-01 00:00:46,,
SO.119875748,119875748,1,7,2023-05-11,2023-04-18,1,1.0,2.0,1,1,1,2,149.0,1,3069499,4926798,,1122,93520845010,55468,POINT (-756638.75 -1044483.45),False,2023-06-01 00:14:42,20230531_OB_539309_UKSH.xml.zip,2023-06-01 00:14:42,2023-07-01 00:03:19,change
SO.119875748,119875748,1,7,2023-05-11,2023-04-18,1,1.0,2.0,1,1,1,2,149.0,1,3069499,4972012,60838522010,1122,93520845010,55468,POINT (-756638.75 -1044483.45),True,2023-07-01 00:03:19,20230630_OB_539309_UKSH.xml.zip,2023-07-01 00:03:19,2026-02-01 00:00:48,change
SO.119875748,119875748,1,7,2026-01-08,2023-04-18,1,1.0,2.0,1,1,1,2,149.0,11,4852736,7496056,60838522010,1122,93520845010,55468,POINT (-756638.75 -1044483.45),True,2026-02-01 00:00:48,20260131_OB_539309_UKSH.xml.zip,2026-02-01 00:00:48,,
SO.119979080,119979080,1,7,2023-05-22,2023-05-10,1,1.0,2.0,1,3,1,2,106.0,1,3076671,4942366,,1123,91743211010,55468,POINT (-757306.75 -1044882.79),False,2023-06-01 00:14:42,20230531_OB_539309_UKSH.xml.zip,2023-06-01 00:14:42,2023-08-01 00:03:49,change
SO.119979080,119979080,1,7,2023-05-22,2023-05-10,1,1.0,2.0,1,3,1,2,106.0,1,3076671,5026114,60934371010,1123,91743211010,55468,POINT (-757306.75 -1044882.79),True,2023-08-01 00:03:49,20230731_OB_539309_UKSH.xml.zip,2023-08-01 00:03:49,2026-02-01 00:00:48,change
SO.119979080,119979080,1,7,2026-01-08,2023-05-10,1,1.0,2.0,1,3,1,2,106.0,16,4852736,7496056,60934371010,1123,91743211010,55468,POINT (-757306.75 -1044882.79),True,2026-02-01 00:00:48,20260131_OB_539309_UKSH.xml.zip,2026-02-01 00:00:48,,
SO.119979497,119979497,3,18,2023-05-22,2023-05-10,1,0.0,1.0,4,3,2,2,44.0,4,3076671,4942366,,,91743212010,,POINT (-757309.65 -1044892.21),False,2023-06-01 00:14:42,20230531_OB_539309_UKSH.xml.zip,2023-06-01 00:14:42,2023-08-01 00:03:49,change
SO.119979497,119979497,3,18,2023-05-22,2023-05-10,1,0.0,1.0,4,3,2,2,44.0,4,3076671,5026115,60934374010,,91743212010,,POINT (-757309.65 -1044892.21),True,2023-08-01 00:03:49,20230731_OB_539309_UKSH.xml.zip,2023-08-01 00:03:49,,
SO.120097117,120097117,1,7,2023-06-02,2023-05-15,1,1.0,2.0,1,3,1,2,141.0,1,3086012,4964354,60818491010,1119,93574563010,55468,POINT (-757062.1 -1044761.56),True,2023-07-01 00:03:19,20230630_OB_539309_UKSH.xml.zip,2023-07-01 00:03:19,2023-09-01 00:02:20,change
SO.120097117,120097117,1,7,2023-08-23,2023-08-09,1,1.0,2.0,1,3,1,2,141.0,1,3158416,5094077,60818491010,1119,93574563010,55468,POINT (-757062.1 -1044761.56),True,2023-09-01 00:02:20,20230831_OB_539309_UKSH.xml.zip,2023-09-01 00:02:20,2026-02-01 00:00:48,change
SO.120097117,120097117,1,7,2026-01-08,2023-08-09,1,1.0,2.0,1,3,1,2,141.0,16,4852736,7496056,60818491010,1119,93574563010,55468,POINT (-757062.1 -1044761.56),True,2026-02-01 00:00:48,20260131_OB_539309_UKSH.xml.zip,2026-02-01 00:00:48,,
SO.120168731,120168731,3,19,2023-06-14,2023-04-28,1,0.0,1.0,4,3,2,2,58.0,4,3091476,4976369,,,86580375010,,POINT (-757065.63 -1044126.24),False,2023-07-01 00:03:19,20230630_OB_539309_UKSH.xml.zip,2023-07-01 00:03:19,2023-09-01 00:02:20,change
SO.120168731,120168731,3,19,2023-06-14,2023-04-28,1,0.0,1.0,4,3,2,2,58.0,4,3091476,5079548,61088516010,,86580375010,,POINT (-757065.63 -1044126.24),True,2023-09-01 00:02:20,20230831_OB_539309_UKSH.xml.zip,2023-09-01 00:02:20,,
SO.120770008,120770008,1,7,2023-08-14,2023-08-14,1,1.0,2.0,1,3,1,2,108.0,1,3150878,5082271,61094517010,1118,92993838010,55468,POINT (-757038.34 -1044829.26),True,2023-09-01 00:02:20,20230831_OB_539309_UKSH.xml.zip,2023-09-01 00:02:20,2026-02-01 00:00:48,change
SO.120770008,120770008,1,7,2026-01-08,2023-08-14,1,1.0,2.0,1,3,1,2,108.0,16,4852736,7496056,61094517010,1118,92993838010,55468,POINT (-757038.34 -1044829.26),True,2026-02-01 00:00:48,20260131_OB_539309_UKSH.xml.zip,2026-02-01 00:00:48,,
SO.120792087,120792087,1,7,2023-08-18,2023-07-25,1,1.0,2.0,1,1,1,2,239.0,1,3152950,5102280,61148488010,770,80781998010,55468,POINT (-757321.89 -1044135.76),True,2023-09-01 00:02:20,20230831_OB_539309_UKSH.xml.zip,2023-09-01 00:02:20,2026-02-01 00:00:48,change
SO.120792087,120792087,1,7,2026-01-08,2023-07-25,1,1.0,2.0,1,1,1,2,239.0,11,4852736,7496056,61148488010,770,80781998010,55468,POINT (-757321.89 -1044135.76),True,2026-02-01 00:00:48,20260131_OB_539309_UKSH.xml.zip,2026-02-01 00:00:48,,
SO.120792249,120792249,1,7,2023-08-18,2023-08-01,1,1.0,2.0,1,3,1,2,111.0,1,3152981,5097815,61136486010,1128,93670196010,55468,POINT (-756783.04 -1044310.9),True,2023-09-01 00:02:20,20230831_OB_539309_UKSH.xml.zip,2023-09-01 00:02:20,2026-02-01 00:00:48,change
SO.120792249,120792249,1,7,2026-01-08,2023-08-01,1,1.0,2.0,1,3,1,2,111.0,16,4852736,7496056,61136486010,1128,93670196010,55468,POINT (-756783.04 -1044310.9),True,2026-02-01 00:00:48,20260131_OB_539309_UKSH.xml.zip,2026-02-01 00:00:48,,
SO.120829584,120829584,3,18,2023-08-22,1976-01-01,1,0.0,1.0,4,3,2,2,17.0,4,3156538,5090541,,,93262773010,,POINT (-756874.31 -1044072.83),False,2023-09-01 00:02:20,20230831_OB_539309_UKSH.xml.zip,2023-09-01 00:02:20,,
SO.120988399,120988399,3,19,2023-09-13,2023-08-17,1,0.0,1.0,4,3,2,2,38.0,4,3172180,5123053,,,92225863010,,POINT (-757813.38 -1043981.86),False,2023-10-01 00:00:41,20230930_OB_539309_UKSH.xml.zip,2023-10-01 00:00:41,2024-01-01 00:00:34,change
SO.120988399,120988399,3,19,2023-09-13,2023-08-17,1,0.0,1.0,4,3,2,2,38.0,4,3172180,5253692,61535756010,,92225863010,,POINT (-757813.38 -1043981.86),True,2024-01-01 00:00:34,20231231_OB_539309_UKSH.xml.zip,2024-01-01 00:00:34,,
SO.121089606,121089606,2,15,2023-09-27,2023-09-01,7,0.0,1.0,1,1,1,2,429.0,3,3181391,5145857,61273767010,10,95186797010,55468,POINT (-757239.44 -1044844.97),True,2023-10-01 00:00:41,20230930_OB_539309_UKSH.xml.zip,2023-10-01 00:00:41,,
SO.121180581,121180581,1,7,2023-10-10,2023-10-09,1,1.0,1.0,1,1,1,2,125.0,1,3189683,5159865,,1114,90487350010,55468,POINT (-756947.92 -1043936.45),False,2023-11-01 00:02:56,20231031_OB_539309_UKSH.xml.zip,2023-11-01 00:02:56,2024-03-01 00:02:58,change
SO.121180581,121180581,1,7,2023-10-10,2023-10-09,1,1.0,1.0,1,1,1,2,125.0,1,3189683,5396821,61879755010,1114,90487350010,55468,POINT (-756947.92 -1043936.45),True,2024-03-01 00:02:58,20240229_OB_539309_UKSH.xml.zip,2024-03-01 00:02:58,2026-02-01 00:00:48,change
SO.121180581,121180581,1,7,2026-01-08,2023-10-09,1,1.0,1.0,1,1,1,2,125.0,11,4852736,7496056,61879755010,1114,90487350010,55468,POINT (-756947.92 -1043936.45),True,2026-02-01 00:00:48,20260131_OB_539309_UKSH.xml.zip,2026-02-01 00:00:48,,
SO.121305040,121305040,1,7,2023-10-25,2023-10-11,1,1.0,2.0,1,1,1,2,73.0,1,3205828,5191826,61392639010,1134,95239436010,55468,POINT (-756677.36 -1044461.57),True,2023-11-01 00:02:56,20231031_OB_539309_UKSH.xml.zip,2023-11-01 00:02:56,2025-04-01 00:03:10,change
SO.121305040,121305040,1,7,2023-10-25,2023-10-11,1,1.0,2.0,1,1,1,2,73.0,1,3205828,5191826,61392639010,1134,95239436010,55468,POINT (-756677.36 -1044461.57),True,2025-04-01 00:03:10,20250331_OB_539309_UKSH.xml.zip,2025-04-01 00:03:10,2026-02-01 00:00:48,change
SO.121305040,121305040,1,7,2026-01-08,2023-10-11,1,1.0,2.0,1,1,1,2,73.0,11,4852736,7496056,61392639010,1134,95239436010,55468,POINT (-756677.36 -1044461.57),True,2026-02-01 00:00:48,20260131_OB_539309_UKSH.xml.zip,2026-02-01 00:00:48,,
SO.121305139,121305139,1,7,2023-10-25,2023-10-10,1,1.0,2.0,1,1,1,2,73.0,1,3205828,5189082,61389744010,1137,95235848010,55468,POINT (-756701.3 -1044482.05),True,2023-11-01 00:02:56,20231031_OB_539309_UKSH.xml.zip,2023-11-01 00:02:56,2025-04-01 00:03:10,change
SO.121305139,121305139,1,7,2023-10-25,2023-10-10,1,1.0,2.0,1,1,1,2,73.0,1,3205828,5189082,61389744010,1137,95235848010,55468,POINT (-756701.3 -1044482.05),True,2025-04-01 00:03:10,20250331_OB_539309_UKSH.xml.zip,2025-04-01 00:03:10,2026-02-01 00:00:48,change
SO.121305139,121305139,1,7,2026-01-08,2023-10-10,1,1.0,2.0,1,1,1,2,73.0,11,4852736,7496056,61389744010,1137,95235848010,55468,POINT (-756701.3 -1044482.05),True,2026-02-01 00:00:48,20260131_OB_539309_UKSH.xml.zip,2026-02-01 00:00:48,,
SO.121305198,121305198,1,7,2023-10-25,2023-10-11,1,1.0,2.0,1,1,1,2,73.0,1,3205828,5189344,61389804010,1141,95272392010,55468,POINT (-756732.72 -1044506.7),True,2023-11-01 00:02:56,20231031_OB_539309_UKSH.xml.zip,2023-11-01 00:02:56,2026-01-01 00:01:24,change
SO.121305198,121305198,1,7,2023-10-25,2023-10-11,1,1.0,2.0,1,1,1,2,73.0,1,3205828,5189344,61389804010,1141,95272392010,55468,POINT (-756732.72 -1044506.7),True,2026-01-01 00:01:24,20251231_OB_539309_UKSH.xml.zip,2026-01-01 00:01:24,2026-02-01 00:00:48,change
SO.121305198,121305198,1,7,2026-01-08,2023-10-11,1,1.0,2.0,1,1,1,2,73.0,11,4852736,7496056,61389804010,1141,95272392010,55468,POINT (-756732.72 -1044506.7),True,2026-02-01 00:00:48,20260131_OB_539309_UKSH.xml.zip,2026-02-01 00:00:48,,
SO.121305252,121305252,1,7,2023-10-25,2023-10-11,1,1.0,2.0,1,1,1,2,74.0,1,3205828,5189086,61389750010,1140,95269848010,55468,POINT (-756719.8 -1044497.77),True,2023-11-01 00:02:56,20231031_OB_539309_UKSH.xml.zip,2023-11-01 00:02:56,2025-04-01 00:03:10,change
SO.121305252,121305252,1,7,2023-10-25,2023-10-11,1,1.0,2.0,1,1,1,2,74.0,1,3205828,5189086,61389750010,1140,95269848010,55468,POINT (-756719.8 -1044497.77),True,2025-04-01 00:03:10,20250331_OB_539309_UKSH.xml.zip,2025-04-01 00:03:10,2026-02-01 00:00:48,change
SO.121305252,121305252,1,7,2026-01-08,2023-10-11,1,1.0,2.0,1,1,1,2,74.0,11,4852736,7496056,61389750010,1140,95269848010,55468,POINT (-756719.8 -1044497.77),True,2026-02-01 00:00:48,20260131_OB_539309_UKSH.xml.zip,2026-02-01 00:00:48,,
SO.121545849,121545849,1,7,2023-11-22,2023-11-09,1,1.0,2.0,1,3,1,2,269.0,1,3230775,5247221,61525725010,1133,95455022010,55468,POINT (-756978.84 -1044830.73),True,2023-12-01 00:04:08,20231130_OB_539309_UKSH.xml.zip,2023-12-01 00:04:08,,
SO.121810160,121810160,1,7,2023-12-13,2023-11-01,1,1.0,3.0,1,3,1,2,120.0,1,3256023,5301149,61615778010,1130,91088251010,55468,POINT (-757062 -1044729.03),True,2024-01-01 00:00:34,20231231_OB_539309_UKSH.xml.zip,2024-01-01 00:00:34,2026-02-01 00:00:48,change
SO.121810160,121810160,1,7,2026-01-08,2023-11-01,1,1.0,3.0,1,3,1,2,120.0,16,4852736,7496056,61615778010,1130,91088251010,55468,POINT (-757062 -1044729.03),True,2026-02-01 00:00:48,20260131_OB_539309_UKSH.xml.zip,2026-02-01 00:00:48,,
SO.12681571,12681571,1,3,2013-11-20,,10,1.0,1.0,1,3,1,2,,1,456855,401004,381065210,48,1304159210,55468,POINT (-756813.67 -1044113.75),True,2015-09-01 00:22:16,20150831_OB_539309_UKSH.xml.gz,2015-09-01 00:22:16,2019-05-01 00:13:50,change
SO.12681571,12681571,1,3,2019-04-02,,10,1.0,1.0,1,3,1,2,,1,1981181,2814483,381065210,48,1304159210,55468,POINT (-756816.63 -1044113.68),True,2019-05-01 00:13:50,20190430_OB_539309_UKSH.xml.zip,2019-05-01 00:13:50,2022-06-01 00:09:23,change
SO.12681571,12681571,1,7,2022-05-30,,10,1.0,1.0,1,3,1,2,,1,2787538,4385805,381065210,48,1304159210,55468,POINT (-756816.63 -1044113.68),True,2022-06-01 00:09:23,20220531_OB_539309_UKSH.xml.zip,2022-06-01 00:09:23,2024-01-01 00:00:34,change
SO.12681571,12681571,1,7,2023-12-23,1945-12-31,10,1.0,1.0,1,3,1,2,128.0,1,3269822,5297922,381065210,48,1304159210,55468,POINT (-756816.63 -1044113.68),True,2024-01-01 00:00:34,20231231_OB_539309_UKSH.xml.zip,2024-01-01 00:00:34,,
SO.145982751,145982751,1,7,2024-01-22,2023-12-21,1,1.0,2.0,1,1,1,2,105.0,1,3293418,5342040,61748858010,1125,95776038010,55468,POINT (-757020.21 -1044836.04),True,2024-02-01 00:03:58,20240131_OB_539309_UKSH.xml.zip,2024-02-01 00:03:58,2026-02-01 00:00:48,change
SO.145982751,145982751,1,7,2026-01-08,2023-12-21,1,1.0,2.0,1,1,1,2,105.0,11,4852736,7496056,61748858010,1125,95776038010,55468,POINT (-757020.21 -1044836.04),True,2026-02-01 00:00:48,20260131_OB_539309_UKSH.xml.zip,2026-02-01 00:00:48,,
SO.145985008,145985008,1,7,2024-01-22,2023-12-07,1,1.0,2.0,1,1,1,2,136.0,1,3293575,5344513,61752874010,1131,96389347010,55468,POINT (-757042.11 -1044784.69),True,2024-02-01 00:03:58,20240131_OB_539309_UKSH.xml.zip,2024-02-01 00:03:58,2026-02-01 00:00:48,change
SO.145985008,145985008,1,7,2026-01-08,2023-12-07,1,1.0,2.0,1,1,1,2,136.0,16,4852736,7496056,61752874010,1131,96389347010,55468,POINT (-757042.11 -1044784.69),True,2026-02-01 00:00:48,20260131_OB_539309_UKSH.xml.zip,2026-02-01 00:00:48,,
SO.145985148,145985148,1,7,2024-01-22,2023-12-07,1,1.0,2.0,1,1,1,2,136.0,1,3293575,5345174,61752894010,1132,96389354010,55468,POINT (-757053.03 -1044796.37),True,2024-02-01 00:03:58,20240131_OB_539309_UKSH.xml.zip,2024-02-01 00:03:58,2026-02-01 00:00:48,change
SO.145985148,145985148,1,7,2026-01-08,2023-12-07,1,1.0,2.0,1,1,1,2,136.0,16,4852736,7496056,61752894010,1132,96389354010,55468,POINT (-757053.03 -1044796.37),True,2026-02-01 00:00:48,20260131_OB_539309_UKSH.xml.zip,2026-02-01 00:00:48,,
SO.147103355,147103355,3,13,2024-03-08,2019-07-24,6,0.0,1.0,4,3,2,2,42.0,4,3330826,5416150,61916749010,,96911338010,,POINT (-757330.61 -1044410.04),True,2024-04-01 00:00:37,20240331_OB_539309_UKSH.xml.zip,2024-04-01 00:00:37,,
SO.147284121,147284121,3,19,2024-03-21,2020-05-28,1,0.0,1.0,4,3,2,2,40.0,4,3339088,5436931,45581139010,,80577077010,,POINT (-756853.89 -1044176.91),True,2024-04-01 00:00:37,20240331_OB_539309_UKSH.xml.zip,2024-04-01 00:00:37,,
SO.147343445,147343445,3,18,2024-04-10,2014-07-18,1,0.0,1.0,4,3,2,2,37.0,4,3355494,5466456,21200257010,,41059348010,,POINT (-757045.19 -1044257.79),True,2024-05-01 00:03:20,20240430_OB_539309_UKSH.xml.zip,2024-05-01 00:03:20,,
SO.147519497,147519497,1,7,2024-04-08,2024-02-13,7,1.0,2.0,1,3,1,2,137.0,1,3352918,5461607,62041889010,1232,95198753010,55468,POINT (-756982.19 -1044729.52),True,2024-05-01 00:03:20,20240430_OB_539309_UKSH.xml.zip,2024-05-01 00:03:20,2026-02-01 00:00:48,change
SO.147519497,147519497,1,7,2026-01-08,2024-02-13,7,1.0,2.0,1,3,1,2,137.0,16,4852736,7496056,62041889010,1232,95198753010,55468,POINT (-756982.19 -1044729.52),True,2026-02-01 00:00:48,20260131_OB_539309_UKSH.xml.zip,2026-02-01 00:00:48,,
SO.147553547,147553547,3,12,2024-04-11,2023-04-11,11,0.0,1.0,1,3,1,2,1358.0,1,3356369,5468512,60724511010,,86082783010,,POINT (-756118.14 -1043898.67),True,2024-05-01 00:03:20,20240430_OB_539309_UKSH.xml.zip,2024-05-01 00:03:20,,
SO.147554616,147554616,3,16,2024-04-11,2011-10-19,7,0.0,1.0,4,3,2,2,5.0,4,3356466,5468608,21987823010,,2300501210,,POINT (-757855.5 -1043958.23),True,2024-05-01 00:03:20,20240430_OB_539309_UKSH.xml.zip,2024-05-01 00:03:20,,
SO.147566975,147566975,3,19,2024-04-15,2022-01-28,1,0.0,1.0,4,3,2,2,25.0,4,3364246,5478748,56050410010,,88606737010,,POINT (-757032.54 -1044036.62),True,2024-05-01 00:03:20,20240430_OB_539309_UKSH.xml.zip,2024-05-01 00:03:20,,
SO.147566991,147566991,3,16,2024-04-15,2015-05-04,7,0.0,1.0,4,3,2,2,9.0,4,3364237,5478739,58328665010,,90041395010,,POINT (-757007.15 -1044569.69),True,2024-05-01 00:03:20,20240430_OB_539309_UKSH.xml.zip,2024-05-01 00:03:20,,
SO.147567025,147567025,3,19,2024-04-12,2012-10-11,1,0.0,1.0,4,3,2,2,45.0,4,3357627,5471021,21935735010,,33266315010,,POINT (-757985.36 -1044016.59),True,2024-05-01 00:03:20,20240430_OB_539309_UKSH.xml.zip,2024-05-01 00:03:20,,
SO.147567815,147567815,3,19,2024-04-15,2017-11-29,1,0.0,1.0,1,3,1,2,119.0,3,3364252,5478754,22859603010,,36552171010,,POINT (-756909.17 -1043908.38),True,2024-05-01 00:03:20,20240430_OB_539309_UKSH.xml.zip,2024-05-01 00:03:20,,
SO.147581419,147581419,1,7,2024-04-15,2024-03-26,1,1.0,2.0,1,3,1,2,145.0,1,3364048,5482948,62067118010,1233,83616355010,55468,POINT (-757126.35 -1044290.37),True,2024-05-01 00:03:20,20240430_OB_539309_UKSH.xml.zip,2024-05-01 00:03:20,2026-02-01 00:00:48,change
SO.147581419,147581419,1,7,2026-01-08,2024-03-26,1,1.0,2.0,1,3,1,2,145.0,16,4852736,7496056,62067118010,1233,83616355010,55468,POINT (-757126.35 -1044290.37),True,2026-02-01 00:00:48,20260131_OB_539309_UKSH.xml.zip,2026-02-01 00:00:48,,
SO.147581516,147581516,1,7,2024-04-15,2024-03-26,1,1.0,1.0,1,3,1,2,272.0,1,3364048,5511122,62089723010,1234,83616354010,55468,POINT (-757117.16 -1044275.42),True,2024-05-01 00:03:20,20240430_OB_539309_UKSH.xml.zip,2024-05-01 00:03:20,2026-02-01 00:00:48,change
SO.147581516,147581516,1,7,2026-01-08,2024-03-26,1,1.0,1.0,1,3,1,2,272.0,16,4852736,7496056,62089723010,1234,83616354010,55468,POINT (-757117.16 -1044275.42),True,2026-02-01 00:00:48,20260131_OB_539309_UKSH.xml.zip,2026-02-01 00:00:48,,
SO.147678021,147678021,3,18,2024-04-24,2024-03-26,1,0.0,1.0,4,3,2,2,54.0,4,3373232,5511121,62089724010,,83616356010,,POINT (-757107.78 -1044297.67),True,2024-05-01 00:03:20,20240430_OB_539309_UKSH.xml.zip,2024-05-01 00:03:20,,
SO.147902983,147902983,1,7,2024-05-22,2024-05-06,1,1.0,2.0,1,3,1,2,103.0,1,3434699,5594586,62152899010,1184,97284562010,55468,POINT (-756761.75 -1044495.14),True,2024-06-01 00:02:47,20240531_OB_539309_UKSH.xml.zip,2024-06-01 00:02:47,2025-04-01 00:03:10,change
SO.147902983,147902983,1,7,2024-05-22,2024-05-06,1,1.0,2.0,1,3,1,2,103.0,1,3434699,5594586,62152899010,1184,97284562010,55468,POINT (-756761.75 -1044495.14),True,2025-04-01 00:03:10,20250331_OB_539309_UKSH.xml.zip,2025-04-01 00:03:10,2026-02-01 00:00:48,change
SO.147902983,147902983,1,7,2026-01-08,2024-05-06,1,1.0,2.0,1,3,1,2,103.0,16,4852736,7496056,62152899010,1184,97284562010,55468,POINT (-756761.75 -1044495.14),True,2026-02-01 00:00:48,20260131_OB_539309_UKSH.xml.zip,2026-02-01 00:00:48,,
SO.147908949,147908949,1,7,2024-05-22,2024-05-13,1,1.0,2.0,1,3,1,2,73.0,1,3435110,5603134,62160910010,1136,95249327010,55468,POINT (-756690.87 -1044471.67),True,2024-06-01 00:02:47,20240531_OB_539309_UKSH.xml.zip,2024-06-01 00:02:47,2025-04-01 00:03:10,change
SO.147908949,147908949,1,7,2024-05-22,2024-05-13,1,1.0,2.0,1,3,1,2,73.0,1,3435110,5603134,62160910010,1136,95249327010,55468,POINT (-756690.87 -1044471.67),True,2025-04-01 00:03:10,20250331_OB_539309_UKSH.xml.zip,2025-04-01 00:03:10,2026-02-01 00:00:48,change
SO.147908949,147908949,1,7,2026-01-08,2024-05-13,1,1.0,2.0,1,3,1,2,73.0,16,4852736,7496056,62160910010,1136,95249327010,55468,POINT (-756690.87 -1044471.67),True,2026-02-01 00:00:48,20260131_OB_539309_UKSH.xml.zip,2026-02-01 00:00:48,,
SO.148060935,148060935,1,7,2024-06-10,2024-05-13,1,1.0,2.0,1,3,1,2,163.0,1,3473837,5645592,,1235,97329261010,55468,POINT (-757779.63 -1044240.59),False,2024-07-01 00:00:35,20240630_OB_539309_UKSH.xml.zip,2024-07-01 00:00:35,2024-10-01 00:03:29,change
SO.148060935,148060935,1,7,2024-06-10,2024-05-13,1,1.0,2.0,1,3,1,2,163.0,1,3473837,5971641,62383296010,1235,97329261010,55468,POINT (-757779.63 -1044240.59),True,2024-10-01 00:03:29,20240930_OB_539309_UKSH.xml.zip,2024-10-01 00:03:29,,
SO.148108491,148108491,1,7,2024-06-13,2024-05-23,1,1.0,2.0,1,1,1,1,93.0,1,3487368,5663122,,1236,96642821010,55468,POINT (-756871.21 -1044401.61),False,2024-07-01 00:00:35,20240630_OB_539309_UKSH.xml.zip,2024-07-01 00:00:35,2025-01-01 13:01:03,change
SO.148108491,148108491,1,7,2024-06-13,2024-05-23,1,1.0,2.0,1,1,1,1,93.0,1,3487368,6289327,62579428010,1236,96642821010,55468,POINT (-756871.21 -1044401.61),True,2025-01-01 13:01:03,20241231_OB_539309_UKSH.xml.zip,2025-01-01 13:01:03,2026-02-01 00:00:48,change
SO.148108491,148108491,1,7,2026-01-08,2024-05-23,1,1.0,2.0,1,1,1,1,93.0,11,4852736,7496056,62579428010,1236,96642821010,55468,POINT (-756871.21 -1044401.61),True,2026-02-01 00:00:48,20260131_OB_539309_UKSH.xml.zip,2026-02-01 00:00:48,,
SO.148108717,148108717,3,19,2024-06-13,2024-04-12,1,0.0,1.0,4,3,2,2,27.0,4,3487386,5663134,,,92577289010,,POINT (-757581.06 -1044310.66),False,2024-07-01 00:00:35,20240630_OB_539309_UKSH.xml.zip,2024-07-01 00:00:35,,
SO.148163777,148163777,3,19,2024-06-19,2016-08-24,6,0.0,1.0,4,3,2,2,40.0,4,3500525,5681997,60405345010,,92732088010,,POINT (-757442.8 -1043787.37),True,2024-07-01 00:00:35,20240630_OB_539309_UKSH.xml.zip,2024-07-01 00:00:35,,
SO.148164218,148164218,3,16,2024-06-19,2013-11-13,7,0.0,1.0,4,3,2,2,7.0,4,3501391,5683092,16533858010,,33084793010,,POINT (-758183.54 -1044591.37),True,2024-07-01 00:00:35,20240630_OB_539309_UKSH.xml.zip,2024-07-01 00:00:35,,
SO.148164421,148164421,3,18,2024-06-19,2015-05-22,1,0.0,1.0,4,3,2,2,38.0,4,3500558,5682030,22333753010,,47066758010,,POINT (-757446.15 -1043940.46),True,2024-07-01 00:00:35,20240630_OB_539309_UKSH.xml.zip,2024-07-01 00:00:35,,
SO.148164510,148164510,3,18,2024-06-20,2017-02-23,1,0.0,1.0,4,3,2,2,63.0,4,3501629,5683334,26574468010,,56158713010,,POINT (-757665.18 -1044228.35),True,2024-07-01 00:00:35,20240630_OB_539309_UKSH.xml.zip,2024-07-01 00:00:35,,
SO.148164617,148164617,3,18,2024-06-19,2015-09-07,1,0.0,1.0,4,3,2,2,44.0,4,3501345,5683046,23017896010,,47999398010,,POINT (-757850.11 -1044170.07),True,2024-07-01 00:00:35,20240630_OB_539309_UKSH.xml.zip,2024-07-01 00:00:35,,
SO.148164668,148164668,3,19,2024-06-19,2013-12-03,1,0.0,1.0,4,3,2,2,22.0,4,3501346,5683047,20565391010,,23905056010,,POINT (-756248.97 -1043652.4),True,2024-07-01 00:00:35,20240630_OB_539309_UKSH.xml.zip,2024-07-01 00:00:35,,
SO.148164978,148164978,3,16,2024-06-19,2012-02-29,1,0.0,1.0,4,3,2,2,254.0,4,3501426,5683127,16533859010,,33084792010,,POINT (-758126.9 -1044616.55),True,2024-07-01 00:00:35,20240630_OB_539309_UKSH.xml.zip,2024-07-01 00:00:35,,
SO.148165443,148165443,3,18,2024-06-19,2010-12-09,1,0.0,1.0,4,3,2,2,42.0,4,3501365,5683066,15071813010,,22123306010,,POINT (-756993.49 -1044204.74),True,2024-07-01 00:00:35,20240630_OB_539309_UKSH.xml.zip,2024-07-01 00:00:35,,
SO.148166881,148166881,3,18,2024-06-19,2011-08-25,1,0.0,1.0,4,3,2,2,45.0,4,3501347,5683048,865282210,,2231655210,,POINT (-757040.16 -1044285.24),True,2024-07-01 00:00:35,20240630_OB_539309_UKSH.xml.zip,2024-07-01 00:00:35,,
SO.148166971,148166971,3,18,2024-06-20,2004-12-20,1,0.0,1.0,4,3,2,2,44.0,4,3504398,5687036,796364210,,2130199210,,POINT (-757255.76 -1044347.82),True,2024-07-01 00:00:35,20240630_OB_539309_UKSH.xml.zip,2024-07-01 00:00:35,,
SO.148167365,148167365,3,18,2025-03-24,2004-03-16,1,0.0,1.0,4,3,2,2,30.0,4,4166639,6550286,703536210,,1980710210,,POINT (-756193.33 -1043736.12),True,2025-04-01 00:03:10,20250331_OB_539309_UKSH.xml.zip,2025-04-01 00:03:10,,
SO.148167501,148167501,3,19,2024-06-20,2012-06-14,1,0.0,1.0,4,3,2,2,45.0,4,3504236,5687021,380936210,,1304294210,,POINT (-757228.63 -1043878.93),True,2024-07-01 00:00:35,20240630_OB_539309_UKSH.xml.zip,2024-07-01 00:00:35,,
SO.148167586,148167586,3,16,2024-06-19,2009-03-25,7,0.0,1.0,4,3,2,2,10.0,4,3501348,5683049,22359598010,,47084804010,,POINT (-757165.91 -1045061.3),True,2024-07-01 00:00:35,20240630_OB_539309_UKSH.xml.zip,2024-07-01 00:00:35,,
SO.148167624,148167624,3,19,2025-03-24,2013-01-03,7,0.0,1.0,4,3,2,2,126.0,4,4166640,6550287,22545602010,,48335366010,,POINT (-756240.76 -1043633.22),True,2025-04-01 00:03:10,20250331_OB_539309_UKSH.xml.zip,2025-04-01 00:03:10,,
SO.148167829,148167829,3,16,2024-06-19,2010-11-09,7,0.0,1.0,4,3,2,2,3.0,4,3501349,5683050,22493699010,,36493680010,,POINT (-756887.66 -1043906.6),True,2024-07-01 00:00:35,20240630_OB_539309_UKSH.xml.zip,2024-07-01 00:00:35,,
SO.148167942,148167942,3,18,2024-06-20,2015-03-03,1,0.0,1.0,4,3,2,2,45.0,4,3504399,5687037,21941120010,,47438656010,,POINT (-757395.44 -1043760.79),True,2024-07-01 00:00:35,20240630_OB_539309_UKSH.xml.zip,2024-07-01 00:00:35,,
SO.148171052,148171052,3,18,2024-06-20,2015-01-09,1,0.0,1.0,4,3,2,2,31.0,4,3504304,5687031,21783257010,,47197860010,,POINT (-757167.11 -1044360.7),True,2024-07-01 00:00:35,20240630_OB_539309_UKSH.xml.zip,2024-07-01 00:00:35,,
SO.148171141,148171141,3,19,2024-06-20,2017-06-12,1,0.0,1.0,4,3,2,2,80.0,4,3504226,5687018,21304992010,,22013139010,,POINT (-756868.73 -1044231.63),True,2024-07-01 00:00:35,20240630_OB_539309_UKSH.xml.zip,2024-07-01 00:00:35,,
SO.148171401,148171401,3,18,2024-06-20,2011-09-16,1,0.0,1.0,4,3,2,2,46.0,4,3504594,5687047,14907243010,,2573468210,,POINT (-757836.44 -1043993.95),True,2024-07-01 00:00:35,20240630_OB_539309_UKSH.xml.zip,2024-07-01 00:00:35,,
SO.148171435,148171435,3,16,2025-03-24,2020-05-13,7,0.0,1.0,4,3,1,2,1751.0,4,4165916,6549370,60104295010,,92533944010,,POINT (-757183.86 -1044931.2),True,2025-04-01 00:03:10,20250331_OB_539309_UKSH.xml.zip,2025-04-01 00:03:10,,
SO.148171567,148171567,3,19,2024-06-20,2004-03-24,1,0.0,1.0,4,3,2,2,25.0,4,3504533,5687044,60001823010,,91940851010,,POINT (-757139.13 -1044338.16),True,2024-07-01 00:00:35,20240630_OB_539309_UKSH.xml.zip,2024-07-01 00:00:35,,
SO.148171761,148171761,3,18,2024-06-20,2020-12-02,7,0.0,1.0,4,3,2,2,94.0,4,3504281,5687028,59525667010,,81271639010,,POINT (-757585.47 -1044099.01),True,2024-07-01 00:00:35,20240630_OB_539309_UKSH.xml.zip,2024-07-01 00:00:35,,
SO.148171940,148171940,3,10,2024-06-20,2015-11-06,1,0.0,1.0,4,3,2,2,27.0,4,3504344,5687033,59864865010,,52003959010,,POINT (-756091.38 -1044027.63),True,2024-07-01 00:00:35,20240630_OB_539309_UKSH.xml.zip,2024-07-01 00:00:35,,
SO.148172016,148172016,3,18,2024-06-20,2013-07-01,1,0.0,1.0,4,3,2,2,41.0,4,3504400,5687038,59630714010,,29359828010,,POINT (-757596.19 -1044212.08),True,2024-07-01 00:00:35,20240630_OB_539309_UKSH.xml.zip,2024-07-01 00:00:35,,
SO.148172059,148172059,3,18,2024-06-20,2013-08-12,1,0.0,1.0,4,3,2,2,42.0,4,3504352,5687034,59579619010,,21874233010,,POINT (-757860.21 -1044306.9),True,2024-07-01 00:00:35,20240630_OB_539309_UKSH.xml.zip,2024-07-01 00:00:35,,
SO.148363466,148363466,1,7,2024-07-12,2024-06-25,1,1.0,2.0,1,3,1,2,105.0,1,3570793,5803400,62292289010,1294,91743207010,55468,POINT (-757463.32 -1044747.52),True,2024-08-01 00:02:59,20240731_OB_539309_UKSH.xml.zip,2024-08-01 00:02:59,2026-02-01 00:00:48,change
SO.148363466,148363466,1,7,2026-01-08,2024-06-25,1,1.0,2.0,1,3,1,2,105.0,16,4852736,7496056,62292289010,1294,91743207010,55468,POINT (-757463.32 -1044747.52),True,2026-02-01 00:00:48,20260131_OB_539309_UKSH.xml.zip,2026-02-01 00:00:48,,
SO.148363580,148363580,3,18,2024-07-12,2024-06-25,1,0.0,1.0,4,3,2,2,41.0,4,3570793,5803402,62292290010,,91743208010,,POINT (-757460.33 -1044756.67),True,2024-08-01 00:02:59,20240731_OB_539309_UKSH.xml.zip,2024-08-01 00:02:59,,
SO.148363938,148363938,1,7,2024-07-12,2024-06-25,1,1.0,2.0,1,3,1,2,105.0,1,3570946,5803399,62292291010,1295,91743210010,55468,POINT (-757464.32 -1044771.63),True,2024-08-01 00:02:59,20240731_OB_539309_UKSH.xml.zip,2024-08-01 00:02:59,2026-02-01 00:00:48,change
SO.148363938,148363938,1,7,2026-01-08,2024-06-25,1,1.0,2.0,1,3,1,2,105.0,16,4852736,7496056,62292291010,1295,91743210010,55468,POINT (-757464.32 -1044771.63),True,2026-02-01 00:00:48,20260131_OB_539309_UKSH.xml.zip,2026-02-01 00:00:48,,
SO.148363997,148363997,3,18,2024-07-12,2024-06-25,1,0.0,1.0,4,3,2,2,42.0,4,3570946,5803401,62292292010,,91743209010,,POINT (-757460.96 -1044762.25),True,2024-08-01 00:02:59,20240731_OB_539309_UKSH.xml.zip,2024-08-01 00:02:59,,
SO.149299559,149299559,2,19,2024-10-31,2024-08-01,7,0.0,2.0,1,3,1,2,40.0,1,3793621,6108519,,13,96497729010,55468,POINT (-757265.79 -1044648.38),False,2024-11-01 00:04:28,20241031_OB_539309_UKSH.xml.zip,2024-11-01 00:04:28,,
SO.149568371,149568371,3,19,2024-11-20,2024-11-15,10,0.0,2.0,4,3,2,2,39.0,4,3881081,6180766,,,98275650010,,POINT (-756757.58 -1044209.85),False,2024-12-01 00:02:37,20241130_OB_539309_UKSH.xml.zip,2024-12-01 00:02:37,2025-01-01 13:01:03,change
SO.149568371,149568371,3,19,2024-11-20,2024-11-15,10,0.0,2.0,4,3,2,2,39.0,4,3881081,6222641,62553176010,,98275650010,,POINT (-756757.58 -1044209.85),True,2025-01-01 13:01:03,20241231_OB_539309_UKSH.xml.zip,2025-01-01 13:01:03,,
SO.149629664,149629664,1,7,2024-11-27,2024-11-14,1,1.0,2.0,1,3,1,2,186.0,1,3901210,6211493,62550704010,1237,98840894010,55468,POINT (-757918.02 -1043785.46),False,2024-12-01 00:02:37,20241130_OB_539309_UKSH.xml.zip,2024-12-01 00:02:37,2026-02-01 00:00:48,change
SO.149629664,149629664,1,7,2026-01-08,2024-11-14,1,1.0,2.0,1,3,1,2,186.0,16,4852736,7496056,62550704010,1237,98840894010,55468,POINT (-757918.02 -1043785.46),False,2026-02-01 00:00:48,20260131_OB_539309_UKSH.xml.zip,2026-02-01 00:00:48,,
SO.150421362,150421362,1,7,2025-02-19,2025-01-10,62,1.0,2.0,1,1,1,2,88.0,16,4084774,6450783,62720471010,1239,95138665010,55468,POINT (-756983.43 -1044790.53),True,2025-03-01 00:03:14,20250228_OB_539309_UKSH.xml.zip,2025-03-01 00:03:14,,
SO.150477635,150477635,1,7,2025-02-26,2025-02-18,41,1.0,2.0,1,3,1,2,101.0,16,4093396,6467927,,1240,99076076010,55468,POINT (-757010.88 -1044443.08),False,2025-03-01 00:03:14,20250228_OB_539309_UKSH.xml.zip,2025-03-01 00:03:14,2025-04-01 00:03:10,change
SO.150477635,150477635,1,7,2025-02-26,2025-02-18,41,1.0,2.0,1,3,1,2,101.0,16,4093396,6483193,62760420010,1240,99076076010,55468,POINT (-757010.88 -1044443.08),True,2025-04-01 00:03:10,20250331_OB_539309_UKSH.xml.zip,2025-04-01 00:03:10,,
SO.150521804,150521804,1,7,2025-03-05,2025-02-24,1,1.0,2.0,1,3,1,2,104.0,16,4115596,6490191,62766339010,1190,99095144010,55468,POINT (-756758.13 -1044487.57),True,2025-04-01 00:03:10,20250331_OB_539309_UKSH.xml.zip,2025-04-01 00:03:10,,
SO.150522452,150522452,1,7,2025-03-07,2025-02-25,1,1.0,2.0,1,3,1,2,72.0,16,4123788,6496049,62766344010,1139,95269786010,55468,POINT (-756714.49 -1044491.01),True,2025-04-01 00:03:10,20250331_OB_539309_UKSH.xml.zip,2025-04-01 00:03:10,,
SO.150522916,150522916,1,7,2025-03-05,2025-02-21,1,1.0,2.0,1,3,1,2,107.0,16,4115831,6553205,62815487010,1129,96415798010,55468,POINT (-757816.66 -1043707.76),True,2025-04-01 00:03:10,20250331_OB_539309_UKSH.xml.zip,2025-04-01 00:03:10,,
SO.150523122,150523122,3,18,2025-03-05,2025-02-21,1,0.0,1.0,4,3,2,2,33.0,4,4115831,6553204,62815488010,,96415799010,,POINT (-757812.25 -1043732.15),True,2025-04-01 00:03:10,20250331_OB_539309_UKSH.xml.zip,2025-04-01 00:03:10,,
SO.150541457,150541457,1,7,2025-03-07,2025-02-26,1,1.0,2.0,1,3,1,2,103.0,16,4120494,6494374,62770280010,1198,99030109010,55468,POINT (-756729.34 -1044450.17),True,2025-04-01 00:03:10,20250331_OB_539309_UKSH.xml.zip,2025-04-01 00:03:10,2025-09-01 00:00:28,change
SO.150541457,150541457,1,7,2025-03-07,2025-02-26,1,1.0,2.0,1,3,1,2,103.0,16,4120494,6494374,62770280010,1198,99030109010,55468,POINT (-756729.34 -1044450.17),True,2025-09-01 00:00:28,20250831_OB_539309_UKSH.xml.zip,2025-09-01 00:00:28,,
SO.150542631,150542631,1,7,2025-03-14,2025-03-04,1,1.0,2.0,1,3,1,2,72.0,16,4143873,6520297,62797191010,1138,95249442010,55468,POINT (-756709.42 -1044484.75),True,2025-04-01 00:03:10,20250331_OB_539309_UKSH.xml.zip,2025-04-01 00:03:10,,
SO.150598009,150598009,1,7,2025-03-18,2025-03-07,1,1.0,2.0,1,3,1,2,72.0,16,4150211,6529055,62803246010,1135,95247279010,55468,POINT (-756685.3 -1044464.03),True,2025-04-01 00:03:10,20250331_OB_539309_UKSH.xml.zip,2025-04-01 00:03:10,,
SO.150735146,150735146,3,18,2025-03-26,2025-03-21,43,0.0,1.0,4,3,2,2,43.0,4,4172514,6557706,,,99531953010,,POINT (-757271.09 -1044813.9),False,2025-04-01 00:03:10,20250331_OB_539309_UKSH.xml.zip,2025-04-01 00:03:10,2025-05-01 00:07:36,change
SO.150735146,150735146,3,18,2025-03-26,2025-03-21,43,0.0,1.0,4,3,2,2,43.0,4,4172514,6571464,62824326010,,99531953010,,POINT (-757271.09 -1044813.9),True,2025-05-01 00:07:36,20250430_OB_539309_UKSH.xml.zip,2025-05-01 00:07:36,,
SO.150748914,150748914,3,16,2025-03-27,2025-03-06,7,0.0,1.0,4,3,1,2,35.0,4,4176526,6563651,62794219010,,99412253010,,POINT (-756373.5 -1043807.45),False,2025-04-01 00:03:10,20250331_OB_539309_UKSH.xml.zip,2025-04-01 00:03:10,,
SO.150913346,150913346,3,18,2025-04-17,2025-04-04,1,0.0,1.0,4,3,2,2,35.0,4,4225233,6630005,,,99750358010,,POINT (-757414.57 -1044750.15),False,2025-05-01 00:07:36,20250430_OB_539309_UKSH.xml.zip,2025-05-01 00:07:36,2025-08-01 00:01:38,change
SO.150913346,150913346,3,18,2025-04-17,2025-04-04,1,0.0,1.0,4,3,2,2,35.0,4,4225233,6913576,63055053010,,99750358010,,POINT (-757414.57 -1044750.15),True,2025-08-01 00:01:38,20250731_OB_539309_UKSH.xml.zip,2025-08-01 00:01:38,,
SO.151079323,151079323,3,16,2025-05-15,2019-11-12,7,0.0,1.0,4,3,2,2,5.0,4,4285934,6707515,,,91299409010,,POINT (-756882.16 -1044733.57),False,2025-06-01 00:00:44,20250531_OB_539309_UKSH.xml.zip,2025-06-01 00:00:44,2026-03-01 00:00:24,change
SO.151079323,151079323,3,16,2026-02-17,2019-11-12,7,0.0,1.0,4,3,2,2,5.0,4,4939973,7614476,63749339010,,91299409010,,POINT (-756882.21 -1044733.75),True,2026-03-01 00:00:24,20260228_OB_539309_UKSH.xml.zip,2026-03-01 00:00:24,,
SO.151136971,151136971,1,7,2025-05-23,2025-05-05,41,1.0,2.0,1,1,1,2,96.0,11,4308904,6738229,,1238,97940937010,55468,POINT (-757129.65 -1044820.49),False,2025-06-01 00:00:44,20250531_OB_539309_UKSH.xml.zip,2025-06-01 00:00:44,2025-10-01 00:04:10,change
SO.151136971,151136971,1,7,2025-05-23,2025-05-05,41,1.0,2.0,1,1,1,2,96.0,11,4308904,7150049,63219056010,1238,97940937010,55468,POINT (-757129.65 -1044820.49),True,2025-10-01 00:04:10,20250930_OB_539309_UKSH.xml.zip,2025-10-01 00:04:10,,
SO.151285136,151285136,1,7,2025-06-09,2025-04-04,1,1.0,2.0,1,3,1,2,179.0,16,4342031,6784884,,1030,99402005010,55468,POINT (-757135.41 -1044049.73),False,2025-07-01 00:03:00,20250630_OB_539309_UKSH.xml.zip,2025-07-01 00:03:00,2026-05-01 00:02:56,change
SO.151285136,151285136,1,7,2025-06-09,2025-04-04,1,1.0,2.0,1,3,1,2,179.0,16,4342031,7829834,63923484010,1030,99402005010,55468,POINT (-757135.41 -1044049.73),True,2026-05-01 00:02:56,20260430_OB_539309_UKSH.xml.zip,2026-05-01 00:02:56,,
SO.151349398,151349398,1,7,2025-06-16,2025-06-04,1,1.0,2.0,1,3,1,2,105.0,16,4358056,6828410,63027773010,1291,91743218010,55468,POINT (-757274.29 -1044921.77),True,2025-07-01 00:03:00,20250630_OB_539309_UKSH.xml.zip,2025-07-01 00:03:00,,
SO.151349436,151349436,3,18,2025-06-16,2025-06-04,1,0.0,1.0,4,3,2,2,42.0,4,4358056,6828409,63027778010,,91743217010,,POINT (-757283.85 -1044918.92),True,2025-07-01 00:03:00,20250630_OB_539309_UKSH.xml.zip,2025-07-01 00:03:00,,
SO.151349509,151349509,1,7,2025-06-16,2025-06-04,1,1.0,2.0,1,3,1,2,105.0,16,4358056,6828411,63027780010,1293,91743222010,55468,POINT (-757231.41 -1044922.9),True,2025-07-01 00:03:00,20250630_OB_539309_UKSH.xml.zip,2025-07-01 00:03:00,,
SO.151349762,151349762,3,18,2025-06-16,2025-06-04,1,0.0,1.0,4,3,2,2,42.0,4,4358056,6828413,63027782010,,91743221010,,POINT (-757240.93 -1044919.96),True,2025-07-01 00:03:00,20250630_OB_539309_UKSH.xml.zip,2025-07-01 00:03:00,,
SO.151627932,151627932,3,19,2025-11-07,2024-11-01,1,0.0,1.0,4,3,2,2,54.0,4,4708750,7307584,63056328010,,97611750010,,POINT (-756736.3 -1044182.58),True,2025-12-01 00:00:29,20251130_OB_539309_UKSH.xml.zip,2025-12-01 00:00:29,,
SO.151868093,151868093,1,7,2025-08-19,2025-07-16,1,1.0,2.0,1,3,1,2,104.0,16,4509065,7050182,63111352010,1196,99030479010,55468,POINT (-756734.51 -1044456.22),True,2025-09-01 00:00:28,20250831_OB_539309_UKSH.xml.zip,2025-09-01 00:00:28,,
SO.151868115,151868115,1,7,2025-08-19,2025-07-16,1,1.0,2.0,1,3,1,2,103.0,16,4509065,7052144,63111249010,1194,99086237010,55468,POINT (-756746.94 -1044465.85),True,2025-09-01 00:00:28,20250831_OB_539309_UKSH.xml.zip,2025-09-01 00:00:28,,
SO.151879079,151879079,3,15,2025-08-21,2025-07-17,7,0.0,1.0,4,3,2,2,97.0,4,4512331,7048692,,,101216191010,,POINT (-756322.57 -1044169.79),False,2025-09-01 00:00:28,20250831_OB_539309_UKSH.xml.zip,2025-09-01 00:00:28,2025-10-01 00:04:10,change
SO.151879079,151879079,3,15,2025-08-21,2025-07-17,7,0.0,1.0,4,3,2,2,97.0,4,4512331,7086937,63163006010,,101216191010,,POINT (-756322.57 -1044169.79),True,2025-10-01 00:04:10,20250930_OB_539309_UKSH.xml.zip,2025-10-01 00:04:10,,
SO.151879338,151879338,1,15,2025-08-21,2025-07-17,41,0.0,4.0,1,3,1,1,6171.0,16,4512331,7048692,,1111,101216190010,55468,POINT (-756331.39 -1044218.02),False,2025-09-01 00:00:28,20250831_OB_539309_UKSH.xml.zip,2025-09-01 00:00:28,2025-10-01 00:04:10,change
SO.151879338,151879338,1,15,2025-08-21,2025-07-17,41,0.0,4.0,1,3,1,1,6171.0,16,4512331,7086940,63163007010,1111,101216190010,55468,POINT (-756331.39 -1044218.02),True,2025-10-01 00:04:10,20250930_OB_539309_UKSH.xml.zip,2025-10-01 00:04:10,,
SO.151879567,151879567,3,15,2025-08-21,2025-07-17,7,0.0,1.0,4,3,2,2,35.0,4,4512331,7048692,,,101216193010,,POINT (-756321.05 -1044323.97),False,2025-09-01 00:00:28,20250831_OB_539309_UKSH.xml.zip,2025-09-01 00:00:28,2025-10-01 00:04:10,change
SO.151879567,151879567,3,15,2025-08-21,2025-07-17,7,0.0,1.0,4,3,2,2,35.0,4,4512331,7086939,63163008010,,101216193010,,POINT (-756321.05 -1044323.97),True,2025-10-01 00:04:10,20250930_OB_539309_UKSH.xml.zip,2025-10-01 00:04:10,,
SO.151881138,151881138,3,15,2025-08-21,2025-07-17,41,0.0,1.0,1,3,1,2,644.0,26,4512331,7048692,,,101216192010,,POINT (-756287.53 -1044381.81),False,2025-09-01 00:00:28,20250831_OB_539309_UKSH.xml.zip,2025-09-01 00:00:28,2025-10-01 00:04:10,change
SO.151881138,151881138,3,15,2025-08-21,2025-07-17,41,0.0,1.0,1,3,1,2,644.0,26,4512331,7086938,63163009010,,101216192010,,POINT (-756287.53 -1044381.81),True,2025-10-01 00:04:10,20250930_OB_539309_UKSH.xml.zip,2025-10-01 00:04:10,,
SO.151908184,151908184,1,7,2025-08-27,2025-07-24,1,1.0,2.0,1,3,1,2,105.0,16,4522273,7061432,,1289,91743214010,55468,POINT (-757318.17 -1044920.14),False,2025-09-01 00:00:28,20250831_OB_539309_UKSH.xml.zip,2025-09-01 00:00:28,2025-10-01 00:04:10,change
SO.151908184,151908184,1,7,2025-08-27,2025-07-24,1,1.0,2.0,1,3,1,2,105.0,16,4522273,7085800,63154963010,1289,91743214010,55468,POINT (-757318.17 -1044920.14),True,2025-10-01 00:04:10,20250930_OB_539309_UKSH.xml.zip,2025-10-01 00:04:10,,
SO.151908672,151908672,3,18,2025-08-27,2025-07-24,1,0.0,1.0,4,3,2,2,42.0,4,4522273,7061432,,,91743213010,,POINT (-757327.46 -1044917.51),False,2025-09-01 00:00:28,20250831_OB_539309_UKSH.xml.zip,2025-09-01 00:00:28,2025-10-01 00:04:10,change
SO.151908672,151908672,3,18,2025-08-27,2025-07-24,1,0.0,1.0,4,3,2,2,42.0,4,4522273,7085801,63154964010,,91743213010,,POINT (-757327.46 -1044917.51),True,2025-10-01 00:04:10,20250930_OB_539309_UKSH.xml.zip,2025-10-01 00:04:10,,
SO.151909016,151909016,1,7,2025-08-27,2025-07-25,1,1.0,2.0,1,3,1,2,106.0,16,4522273,7061432,,1290,91743216010,55468,POINT (-757295.82 -1044920.91),False,2025-09-01 00:00:28,20250831_OB_539309_UKSH.xml.zip,2025-09-01 00:00:28,2025-10-01 00:04:10,change
SO.151909016,151909016,1,7,2025-08-27,2025-07-25,1,1.0,2.0,1,3,1,2,106.0,16,4522273,7085799,63154965010,1290,91743216010,55468,POINT (-757295.82 -1044920.91),True,2025-10-01 00:04:10,20250930_OB_539309_UKSH.xml.zip,2025-10-01 00:04:10,,
SO.151909032,151909032,3,18,2025-08-27,2025-07-25,1,0.0,1.0,4,3,2,2,44.0,4,4522273,7061432,,,91743215010,,POINT (-757304.66 -1044918.33),False,2025-09-01 00:00:28,20250831_OB_539309_UKSH.xml.zip,2025-09-01 00:00:28,2025-10-01 00:04:10,change
SO.151909032,151909032,3,18,2025-08-27,2025-07-25,1,0.0,1.0,4,3,2,2,44.0,4,4522273,7085798,63154966010,,91743215010,,POINT (-757304.66 -1044918.33),True,2025-10-01 00:04:10,20250930_OB_539309_UKSH.xml.zip,2025-10-01 00:04:10,,
SO.151909059,151909059,1,7,2025-08-27,2025-07-25,1,1.0,2.0,1,3,1,2,107.0,16,4522273,7061432,,1292,91743220010,55468,POINT (-757252.81 -1044922.31),False,2025-09-01 00:00:28,20250831_OB_539309_UKSH.xml.zip,2025-09-01 00:00:28,2025-10-01 00:04:10,change
SO.151909059,151909059,1,7,2025-08-27,2025-07-25,1,1.0,2.0,1,3,1,2,107.0,16,4522273,7085802,63154967010,1292,91743220010,55468,POINT (-757252.81 -1044922.31),True,2025-10-01 00:04:10,20250930_OB_539309_UKSH.xml.zip,2025-10-01 00:04:10,,
SO.151909091,151909091,3,18,2025-08-27,2025-07-25,1,0.0,1.0,4,3,2,2,44.0,4,4522273,7061432,,,91743219010,,POINT (-757262.42 -1044919.41),False,2025-09-01 00:00:28,20250831_OB_539309_UKSH.xml.zip,2025-09-01 00:00:28,2025-10-01 00:04:10,change
SO.151909091,151909091,3,18,2025-08-27,2025-07-25,1,0.0,1.0,4,3,2,2,44.0,4,4522273,7085797,63154968010,,91743219010,,POINT (-757262.42 -1044919.41),True,2025-10-01 00:04:10,20250930_OB_539309_UKSH.xml.zip,2025-10-01 00:04:10,,
SO.152262610,152262610,3,18,2025-10-22,2025-10-13,1,0.0,2.0,1,3,1,2,54.0,4,4660328,7246118,,,98741751010,,POINT (-757621.93 -1044000.78),False,2025-11-01 00:06:17,20251031_OB_539309_UKSH.xml.zip,2025-11-01 00:06:17,2026-01-01 00:01:24,change
SO.152262610,152262610,3,18,2025-10-22,2025-10-13,1,0.0,2.0,1,3,1,2,54.0,4,4660328,7431548,63590536010,,98741751010,,POINT (-757621.93 -1044000.78),True,2026-01-01 00:01:24,20251231_OB_539309_UKSH.xml.zip,2026-01-01 00:01:24,,
SO.152738266,152738266,1,7,2025-12-11,2025-11-14,1,1.0,2.0,1,3,1,2,97.0,16,4803146,7431931,63587529010,1182,95272569010,55468,POINT (-756737.69 -1044515.56),True,2026-01-01 00:01:24,20251231_OB_539309_UKSH.xml.zip,2026-01-01 00:01:24,,
SO.154043877,154043877,1,7,2026-01-15,2025-12-18,42,1.0,2.0,1,3,1,2,95.0,16,4865077,7538933,63668305010,1331,102931567010,55468,POINT (-757481.91 -1044149.97),True,2026-02-01 00:00:48,20260131_OB_539309_UKSH.xml.zip,2026-02-01 00:00:48,,
SO.155483501,155483501,1,7,2026-02-27,2026-02-02,1,1.0,2.0,1,3,1,2,151.0,16,4964308,7647969,,1211,102649359010,55468,POINT (-756801.27 -1044419.34),False,2026-03-01 00:00:24,20260228_OB_539309_UKSH.xml.zip,2026-03-01 00:00:24,2026-05-01 00:02:56,change
SO.155483501,155483501,1,7,2026-02-27,2026-02-02,1,1.0,2.0,1,3,1,2,151.0,16,4964308,7783376,63773154010,1211,102649359010,55468,POINT (-756801.27 -1044419.34),True,2026-05-01 00:02:56,20260430_OB_539309_UKSH.xml.zip,2026-05-01 00:02:56,,
SO.155690159,155690159,3,18,2026-04-07,2025-09-10,1,0.0,1.0,4,3,2,2,25.0,4,5069629,7781241,63870481010,,101481463010,,POINT (-757270.09 -1044784.26),True,2026-05-01 00:02:56,20260430_OB_539309_UKSH.xml.zip,2026-05-01 00:02:56,,
SO.155882201,155882201,1,7,2026-04-29,2026-04-01,1,1.0,2.0,1,3,1,2,240.0,16,5139025,7875953,63938859010,1124,100968176010,55468,POINT (-756978.43 -1044714.35),True,2026-05-01 00:02:56,20260430_OB_539309_UKSH.xml.zip,2026-05-01 00:02:56,,
SO.155959352,155959352,1,7,2026-05-13,2026-04-23,1,1.0,2.0,1,3,1,2,120.0,16,5177714,7957176,63996200010,1221,101480764010,55468,POINT (-756880.14 -1044463.54),True,2026-06-01 00:00:27,20260531_OB_539309_UKSH.xml.zip,2026-06-01 00:00:27,,
SO.18047521,18047521,1,5,2013-11-20,1999-01-01,10,1.0,1.0,1,3,1,2,,1,456855,401004,381209210,200,1304272210,55468,POINT (-757082.8 -1043958.21),True,2015-09-01 00:22:16,20150831_OB_539309_UKSH.xml.gz,2015-09-01 00:22:16,2018-04-01 00:06:07,change
SO.18047521,18047521,1,5,2018-03-02,1999-01-01,10,,2.0,1,3,1,2,,1,1710707,2335578,381209210,200,1304272210,55468,POINT (-757082.8 -1043958.21),True,2018-04-01 00:06:07,20180331_OB_539309_UKSH.xml.gz,2018-04-01 00:06:07,2019-09-01 00:05:16,change
SO.18047521,18047521,1,5,2019-08-12,1999-01-01,10,,2.0,1,3,1,2,,1,2063416,2980186,381209210,200,1304272210,55468,POINT (-757086.2 -1043959.6),True,2019-09-01 00:05:16,20190831_OB_539309_UKSH.xml.zip,2019-09-01 00:05:16,2024-01-01 00:00:34,change
SO.18047521,18047521,1,5,2023-12-23,1999-01-01,10,0.0,2.0,1,3,1,2,291.0,1,3269822,5297922,381209210,200,1304272210,55468,POINT (-757086.2 -1043959.6),True,2024-01-01 00:00:34,20231231_OB_539309_UKSH.xml.zip,2024-01-01 00:00:34,,
SO.25001639,25001639,1,7,2013-11-20,,4,1.0,2.0,1,3,1,2,115.0,1,456855,401004,422920210,199,1449742210,55468,POINT (-757084.91 -1044423.07),True,2015-09-01 00:22:16,20150831_OB_539309_UKSH.xml.gz,2015-09-01 00:22:16,2024-01-01 00:00:34,change
SO.25001639,25001639,1,7,2023-12-23,2001-12-31,4,1.0,2.0,1,3,1,2,106.0,1,3269822,5297922,422920210,199,1449742210,55468,POINT (-757084.91 -1044423.07),True,2024-01-01 00:00:34,20231231_OB_539309_UKSH.xml.zip,2024-01-01 00:00:34,,
SO.25001647,25001647,1,,2011-07-01,1999-04-01,,1.0,,,,,,,,0,0,,196,,55468,POINT (-756998.88 -1044299.69),False,2015-09-01 00:22:16,20150831_OB_539309_UKSH.xml.gz,2015-09-01 00:22:16,2025-02-01 00:03:27,change
SO.25001647,25001647,1,7,2025-01-16,1999-05-25,1,1.0,3.0,1,1,1,2,172.0,11,4011536,6344942,381152210,196,1304382210,55468,POINT (-757003.79 -1044302.75),True,2025-02-01 00:03:27,20250131_OB_539309_UKSH.xml.zip,2025-02-01 00:03:27,,
SO.25001655,25001655,1,3,2011-07-01,1999-11-30,6,1.0,3.0,3,3,1,2,195.0,1,0,0,381155210,202,1304392210,55468,POINT (-757181.99 -1044372.06),True,2015-09-01 00:22:16,20150831_OB_539309_UKSH.xml.gz,2015-09-01 00:22:16,2022-08-01 00:03:03,change
SO.25001655,25001655,1,7,2022-07-12,1999-11-30,6,1.0,3.0,3,3,1,2,195.0,1,2827324,4458529,381155210,202,1304392210,55468,POINT (-757181.99 -1044372.06),True,2022-08-01 00:03:03,20220731_OB_539309_UKSH.xml.zip,2022-08-01 00:03:03,,
SO.25001663,25001663,1,3,2013-11-20,2000-01-05,4,1.0,2.0,3,2,1,2,135.0,1,456855,401004,381153210,204,1304394210,55468,POINT (-756963.67 -1044328.89),True,2015-09-01 00:22:16,20150831_OB_539309_UKSH.xml.gz,2015-09-01 00:22:16,2022-06-01 00:09:23,change
SO.25001663,25001663,1,7,2022-05-30,2000-01-05,4,1.0,2.0,3,2,1,2,135.0,1,2787538,4385805,381153210,204,1304394210,55468,POINT (-756963.67 -1044328.89),True,2022-06-01 00:09:23,20220531_OB_539309_UKSH.xml.zip,2022-06-01 00:09:23,2024-01-01 00:00:34,change
SO.25001663,25001663,1,7,2023-12-23,2000-01-05,4,1.0,2.0,3,1,1,2,138.0,1,3269822,5297922,381153210,204,1304394210,55468,POINT (-756963.67 -1044328.89),True,2024-01-01 00:00:34,20231231_OB_539309_UKSH.xml.zip,2024-01-01 00:00:34,,
SO.25001671,25001671,1,7,2013-11-20,1999-12-22,10,1.0,3.0,3,2,1,2,176.0,1,456855,401004,381109210,205,1304387210,55468,POINT (-757259.64 -1043908.11),True,2015-09-01 00:22:16,20150831_OB_539309_UKSH.xml.gz,2015-09-01 00:22:16,2024-01-01 00:00:34,change
SO.25001671,25001671,1,7,2023-12-23,1999-12-22,10,1.0,3.0,3,1,1,2,178.0,1,3269822,5297922,381109210,205,1304387210,55468,POINT (-757259.64 -1043908.11),True,2024-01-01 00:00:34,20231231_OB_539309_UKSH.xml.zip,2024-01-01 00:00:34,,
SO.25001680,25001680,1,7,2013-11-20,2001-07-16,10,1.0,2.0,1,1,1,2,119.0,1,456855,401004,422921210,211,1449743210,55468,POINT (-757053.2 -1044410.44),True,2015-09-01 00:22:16,20150831_OB_539309_UKSH.xml.gz,2015-09-01 00:22:16,2024-01-01 00:00:34,change
SO.25001680,25001680,1,7,2023-12-23,2001-07-16,10,1.0,2.0,1,1,1,2,109.0,1,3269822,5297922,422921210,211,1449743210,55468,POINT (-757053.2 -1044410.44),True,2024-01-01 00:00:34,20231231_OB_539309_UKSH.xml.zip,2024-01-01 00:00:34,,
SO.25183184,25183184,1,7,2013-11-20,2002-06-04,10,1.0,1.0,1,3,9,2,,1,456855,401004,423120210,207,1450022210,55468,POINT (-757202.62 -1043958.68),True,2015-09-01 00:22:16,20150831_OB_539309_UKSH.xml.gz,2015-09-01 00:22:16,2024-01-01 00:00:34,change
SO.25183184,25183184,1,7,2023-12-23,2002-06-04,10,1.0,3.0,1,3,1,2,86.0,1,3269822,5297922,423120210,207,1450022210,55468,POINT (-757202.62 -1043958.68),True,2024-01-01 00:00:34,20231231_OB_539309_UKSH.xml.zip,2024-01-01 00:00:34,,
SO.25249479,25249479,1,7,2013-11-20,2002-07-17,10,1.0,3.0,1,1,1,2,226.0,1,456855,401004,456648210,215,1533701210,55468,POINT (-757005.23 -1044281.64),True,2015-09-01 00:22:16,20150831_OB_539309_UKSH.xml.gz,2015-09-01 00:22:16,2022-12-01 00:05:50,change
SO.25249479,25249479,1,7,2013-11-20,2002-07-17,10,1.0,3.0,1,1,1,2,226.0,1,456855,401004,456648210,215,1533701210,55468,POINT (-757005.23 -1044281.64),True,2022-12-01 00:05:50,20221130_OB_539309_UKSH.xml.zip,2022-12-01 00:05:50,2024-01-01 00:00:34,change
SO.25249479,25249479,1,7,2023-12-23,2002-07-17,10,2.0,3.0,1,1,1,2,218.0,3,3269822,5297922,456648210,215,1533701210,55468,POINT (-757005.23 -1044281.64),True,2024-01-01 00:00:34,20231231_OB_539309_UKSH.xml.zip,2024-01-01 00:00:34,,
SO.25249487,25249487,1,7,2013-11-20,2002-12-18,10,1.0,2.0,1,1,1,2,106.0,1,456855,401004,537180210,220,1699460210,55468,POINT (-756557.08 -1044059.82),True,2015-09-01 00:22:16,20150831_OB_539309_UKSH.xml.gz,2015-09-01 00:22:16,2024-01-01 00:00:34,change
SO.25249487,25249487,1,7,2023-12-23,2002-12-18,10,1.0,2.0,1,1,1,2,82.0,1,3269822,5297922,537180210,220,1699460210,55468,POINT (-756557.08 -1044059.82),True,2024-01-01 00:00:34,20231231_OB_539309_UKSH.xml.zip,2024-01-01 00:00:34,,
SO.25249495,25249495,1,7,2013-11-20,2003-03-03,,1.0,3.0,1,1,1,2,174.0,1,456855,401004,421741210,274,1446923210,55468,POINT (-757107.13 -1044421.16),True,2015-09-01 00:22:16,20150831_OB_539309_UKSH.xml.gz,2015-09-01 00:22:16,2024-01-01 00:00:34,change
SO.25249495,25249495,1,7,2023-12-23,2003-03-03,,1.0,3.0,1,1,1,2,140.0,1,3269822,5297922,421741210,274,1446923210,55468,POINT (-757107.13 -1044421.16),True,2024-01-01 00:00:34,20231231_OB_539309_UKSH.xml.zip,2024-01-01 00:00:34,,
SO.25365355,25365355,1,7,2013-11-20,,10,1.0,2.0,1,1,1,2,160.0,1,456855,401004,733419210,294,2028335210,55468,POINT (-757056.64 -1044203.24),True,2015-09-01 00:22:16,20150831_OB_539309_UKSH.xml.gz,2015-09-01 00:22:16,2024-01-01 00:00:34,change
SO.25365355,25365355,1,7,2023-12-23,2006-12-31,10,1.0,2.0,1,1,1,2,160.0,1,3269822,5297922,733419210,294,2028335210,55468,POINT (-757056.64 -1044203.24),True,2024-01-01 00:00:34,20231231_OB_539309_UKSH.xml.zip,2024-01-01 00:00:34,,
SO.25366092,25366092,1,7,2012-04-27,2011-06-20,1,1.0,2.0,1,1,1,2,186.0,1,34981,298572,894793210,246,2328361210,55468,POINT (-756963.65 -1044375.14),True,2015-09-01 00:22:16,20150831_OB_539309_UKSH.xml.gz,2015-09-01 00:22:16,,
SO.25366548,25366548,1,7,2013-11-20,,4,1.0,2.0,1,1,1,2,93.0,1,456855,401004,870647210,254,2248183210,55468,POINT (-757480.9 -1043893.6),True,2015-09-01 00:22:16,20150831_OB_539309_UKSH.xml.gz,2015-09-01 00:22:16,2024-01-01 00:00:34,change
SO.25366548,25366548,1,7,2023-12-23,2007-12-31,4,1.0,2.0,1,1,1,2,96.0,1,3269822,5297922,870647210,254,2248183210,55468,POINT (-757480.9 -1043893.6),True,2024-01-01 00:00:34,20231231_OB_539309_UKSH.xml.zip,2024-01-01 00:00:34,,
SO.25366742,25366742,1,7,2013-11-20,,10,1.0,2.0,1,1,1,2,138.0,1,456855,401004,853415210,291,2209561210,55468,POINT (-757345.15 -1043946.08),True,2015-09-01 00:22:16,20150831_OB_539309_UKSH.xml.gz,2015-09-01 00:22:16,2024-01-01 00:00:34,change
SO.25366742,25366742,1,7,2023-12-23,2005-12-31,10,1.0,2.0,1,1,1,2,138.0,1,3269822,5297922,853415210,291,2209561210,55468,POINT (-757345.15 -1043946.08),True,2024-01-01 00:00:34,20231231_OB_539309_UKSH.xml.zip,2024-01-01 00:00:34,,
SO.25367854,25367854,1,7,2013-11-20,,4,1.0,2.0,1,1,1,2,93.0,1,456855,401004,870643210,250,2248179210,55468,POINT (-757550.61 -1043907.66),True,2015-09-01 00:22:16,20150831_OB_539309_UKSH.xml.gz,2015-09-01 00:22:16,2024-01-01 00:00:34,change
SO.25367854,25367854,1,7,2023-12-23,2007-12-31,4,1.0,2.0,1,1,1,2,96.0,1,3269822,5297922,870643210,250,2248179210,55468,POINT (-757550.61 -1043907.66),True,2024-01-01 00:00:34,20231231_OB_539309_UKSH.xml.zip,2024-01-01 00:00:34,,
SO.25368079,25368079,1,7,2013-11-20,,10,1.0,,1,3,1,2,,1,456855,401004,381093210,290,1304112210,55468,POINT (-756634.94 -1043884.11),True,2015-09-01 00:22:16,20150831_OB_539309_UKSH.xml.gz,2015-09-01 00:22:16,2024-01-01 00:00:34,change
SO.25368079,25368079,1,7,2023-12-23,2005-12-31,10,1.0,1.0,1,3,1,2,335.0,1,3269822,5297922,381093210,290,1304112210,55468,POINT (-756634.94 -1043884.11),True,2024-01-01 00:00:34,20231231_OB_539309_UKSH.xml.zip,2024-01-01 00:00:34,,
SO.25368516,25368516,1,7,2013-11-20,,4,1.0,2.0,1,1,1,2,92.0,1,456855,401004,870645210,252,2248181210,55468,POINT (-757515.38 -1043899.73),True,2015-09-01 00:22:16,20150831_OB_539309_UKSH.xml.gz,2015-09-01 00:22:16,2024-01-01 00:00:34,change
SO.25368516,25368516,1,7,2023-12-23,2007-12-31,4,1.0,2.0,1,1,1,2,96.0,1,3269822,5297922,870645210,252,2248181210,55468,POINT (-757515.38 -1043899.73),True,2024-01-01 00:00:34,20231231_OB_539309_UKSH.xml.zip,2024-01-01 00:00:34,,
SO.25370707,25370707,1,,2011-07-01,,,1.0,2.0,1,1,1,,212.0,1,0,0,,278,,55468,POINT (-756968 -1044294),False,2015-09-01 00:22:16,20150831_OB_539309_UKSH.xml.gz,2015-09-01 00:22:16,2017-02-01 00:17:13,change
SO.25370707,25370707,1,7,2017-01-26,,,1.0,2.0,1,1,1,,212.0,1,1272691,1704049,428240210,278,1462440210,55468,POINT (-756967.86 -1044293.63),True,2017-02-01 00:17:13,20170131_OB_539309_UKSH.xml.gz,2017-02-01 00:17:13,2021-06-02 00:00:04,change
SO.25370707,25370707,1,7,2017-01-26,,,1.0,2.0,1,1,1,,212.0,1,1272691,1704049,428240210,278,1462440210,55468,POINT (-756967.86 -1044293.63),True,2021-06-02 00:00:04,20210601_OB_539309_UKSH.xml.zip,2021-06-02 00:00:04,2024-01-01 00:00:34,change
SO.25370707,25370707,1,7,2023-12-23,2003-12-31,10,1.0,2.0,1,1,1,2,212.0,1,3269822,5297922,428240210,278,1462440210,55468,POINT (-756967.86 -1044293.63),True,2024-01-01 00:00:34,20231231_OB_539309_UKSH.xml.zip,2024-01-01 00:00:34,,
SO.25371495,25371495,1,7,2012-04-27,2011-04-04,1,1.0,2.0,1,1,1,2,93.0,1,34995,0,14794935010,237,2543774210,55468,POINT (-757729.62 -1044133.37),True,2015-09-01 00:22:16,20150831_OB_539309_UKSH.xml.gz,2015-09-01 00:22:16,2023-03-01 00:11:14,change
SO.25371495,25371495,1,7,2023-02-27,2011-04-04,1,1.0,2.0,1,1,1,2,117.0,1,3017484,4820161,14794935010,237,2543774210,55468,POINT (-757729.62 -1044133.23),True,2023-03-01 00:11:14,20230228_OB_539309_UKSH.xml.zip,2023-03-01 00:11:14,,
SO.25372734,25372734,1,7,2013-11-20,,6,1.0,2.0,1,1,1,2,71.0,1,456855,401004,877685210,261,2273538210,55468,POINT (-757490.64 -1043949.29),True,2015-09-01 00:22:16,20150831_OB_539309_UKSH.xml.gz,2015-09-01 00:22:16,2024-01-01 00:00:34,change
SO.25372734,25372734,1,7,2023-12-23,2007-12-31,6,1.0,2.0,1,1,1,2,73.0,1,3269822,5297922,877685210,261,2273538210,55468,POINT (-757490.64 -1043949.29),True,2024-01-01 00:00:34,20231231_OB_539309_UKSH.xml.zip,2024-01-01 00:00:34,2026-03-01 00:00:24,change
SO.25372734,25372734,1,7,2026-02-26,2007-12-31,1,1.0,2.0,1,1,1,2,81.0,11,4962880,7645931,877685210,261,2273538210,55468,POINT (-757490.64 -1043949.29),True,2026-03-01 00:00:24,20260228_OB_539309_UKSH.xml.zip,2026-03-01 00:00:24,,
SO.25373463,25373463,1,7,2013-11-20,,10,1.0,3.0,1,1,1,2,103.0,1,456855,401004,796324210,276,2130139210,55468,POINT (-756986.48 -1043940.38),True,2015-09-01 00:22:16,20150831_OB_539309_UKSH.xml.gz,2015-09-01 00:22:16,2024-01-01 00:00:34,change
SO.25373463,25373463,1,7,2023-12-23,2005-12-31,10,1.0,3.0,1,1,1,2,103.0,1,3269822,5297922,796324210,276,2130139210,55468,POINT (-756986.48 -1043940.38),True,2024-01-01 00:00:34,20231231_OB_539309_UKSH.xml.zip,2024-01-01 00:00:34,,
SO.25374141,25374141,1,7,2013-11-20,,9,1.0,1.0,1,1,1,9,123.0,1,456855,401004,665654210,282,1923385210,55468,POINT (-756845.19 -1044084.55),True,2015-09-01 00:22:16,20150831_OB_539309_UKSH.xml.gz,2015-09-01 00:22:16,2016-10-01 00:21:34,change
SO.25374141,25374141,1,7,2016-09-28,,9,1.0,1.0,1,1,1,9,123.0,1,1093891,1468166,665654210,282,1923385210,55468,POINT (-756849.89 -1044085.34),True,2016-10-01 00:21:34,20160930_OB_539309_UKSH.xml.gz,2016-10-01 00:21:34,2024-01-01 00:00:34,change
SO.25374141,25374141,1,7,2023-12-23,2005-12-31,9,1.0,1.0,1,1,1,2,120.0,1,3269822,5297922,665654210,282,1923385210,55468,POINT (-756849.89 -1044085.34),True,2024-01-01 00:00:34,20231231_OB_539309_UKSH.xml.zip,2024-01-01 00:00:34,,
SO.25376705,25376705,1,19,2011-07-01,,,0.0,,,,,,,,0,0,729360210,292,2022036210,55468,POINT (-757198.76 -1044258.46),True,2015-09-01 00:22:16,20150831_OB_539309_UKSH.xml.gz,2015-09-01 00:22:16,2022-09-01 00:07:11,removed
SO.25377671,25377671,1,7,2013-11-20,,4,1.0,2.0,1,1,1,2,70.0,1,456855,401004,877683210,258,2273542210,55468,POINT (-757441.16 -1043939.9),True,2015-09-01 00:22:16,20150831_OB_539309_UKSH.xml.gz,2015-09-01 00:22:16,2024-01-01 00:00:34,change
SO.25377671,25377671,1,7,2023-12-23,2007-12-31,4,1.0,2.0,1,1,1,2,73.0,1,3269822,5297922,877683210,258,2273542210,55468,POINT (-757441.16 -1043939.9),True,2024-01-01 00:00:34,20231231_OB_539309_UKSH.xml.zip,2024-01-01 00:00:34,,
SO.25378627,25378627,1,7,2013-11-20,,10,1.0,3.0,1,1,1,2,293.0,1,456855,401004,910342210,269,2388300210,55468,POINT (-757369.57 -1044130.74),True,2015-09-01 00:22:16,20150831_OB_539309_UKSH.xml.gz,2015-09-01 00:22:16,2024-01-01 00:00:34,change
SO.25378627,25378627,1,7,2023-12-23,2008-12-31,10,1.0,3.0,1,1,1,2,293.0,4,3269822,5297922,910342210,269,2388300210,55468,POINT (-757369.57 -1044130.74),True,2024-01-01 00:00:34,20231231_OB_539309_UKSH.xml.zip,2024-01-01 00:00:34,,
SO.25378856,25378856,1,7,2013-11-20,,10,1.0,2.0,1,1,1,2,135.0,1,456855,401004,894598210,298,2324628210,55468,POINT (-757694.32 -1044476.67),True,2015-09-01 00:22:16,20150831_OB_539309_UKSH.xml.gz,2015-09-01 00:22:16,2024-01-01 00:00:34,change
SO.25378856,25378856,1,7,2023-12-23,2009-12-31,10,1.0,2.0,1,1,1,2,130.0,1,3269822,5297922,894598210,298,2324628210,55468,POINT (-757694.32 -1044476.67),True,2024-01-01 00:00:34,20231231_OB_539309_UKSH.xml.zip,2024-01-01 00:00:34,,
SO.25380109,25380109,1,,2014-02-20,,,,,,,,,,,537976,863134,868685210,241,2241840210,55468,POINT (-757443.05 -1044070.03),True,2015-09-01 00:22:16,20150831_OB_539309_UKSH.xml.gz,2015-09-01 00:22:16,2016-11-01 00:31:45,change
SO.25380109,25380109,1,7,2016-10-12,,,,,,,,,,,1111553,1491749,868685210,241,2241840210,55468,POINT (-757443.05 -1044070.03),True,2016-11-01 00:31:45,20161031_OB_539309_UKSH.xml.gz,2016-11-01 00:31:45,2024-01-01 00:00:34,change
SO.25380109,25380109,1,7,2023-12-23,2014-12-31,,1.0,,,3,1,2,201.0,3,3269822,5297922,868685210,241,2241840210,55468,POINT (-757443.05 -1044070.03),True,2024-01-01 00:00:34,20231231_OB_539309_UKSH.xml.zip,2024-01-01 00:00:34,,
SO.25381067,25381067,1,7,2013-11-20,,10,1.0,3.0,1,1,1,2,242.0,1,456855,401004,776703210,289,2100147210,55468,POINT (-757259.39 -1043989.41),True,2015-09-01 00:22:16,20150831_OB_539309_UKSH.xml.gz,2015-09-01 00:22:16,2024-01-01 00:00:34,change
SO.25381067,25381067,1,7,2023-12-23,2004-12-31,10,1.0,3.0,1,1,1,2,224.0,1,3269822,5297922,776703210,289,2100147210,55468,POINT (-757259.39 -1043989.41),True,2024-01-01 00:00:34,20231231_OB_539309_UKSH.xml.zip,2024-01-01 00:00:34,,
SO.25382853,25382853,1,,2011-07-01,,,,,,,,,,,0,0,,284,,55468,,False,2015-09-01 00:22:16,20150831_OB_539309_UKSH.xml.gz,2015-09-01 00:22:16,2018-04-01 00:06:07,removed
SO.25384007,25384007,1,7,2013-11-20,,6,1.0,2.0,1,1,1,2,71.0,1,456855,401004,877784210,264,2262539210,55468,POINT (-757523.94 -1043955.03),True,2015-09-01 00:22:16,20150831_OB_539309_UKSH.xml.gz,2015-09-01 00:22:16,2024-01-01 00:00:34,change
SO.25384007,25384007,1,7,2023-12-23,2008-12-31,6,1.0,2.0,1,1,1,2,73.0,1,3269822,5297922,877784210,264,2262539210,55468,POINT (-757523.94 -1043955.03),True,2024-01-01 00:00:34,20231231_OB_539309_UKSH.xml.zip,2024-01-01 00:00:34,,
SO.25385852,25385852,1,7,2013-11-20,,10,2.0,2.0,1,1,1,2,199.0,1,456855,401004,864736210,297,2228614210,55468,POINT (-756886.66 -1044242.75),True,2015-09-01 00:22:16,20150831_OB_539309_UKSH.xml.gz,2015-09-01 00:22:16,2022-12-01 00:05:50,change
SO.25385852,25385852,1,7,2013-11-20,,10,2.0,2.0,1,1,1,2,199.0,1,456855,401004,864736210,297,2228614210,55468,POINT (-756886.66 -1044242.75),True,2022-12-01 00:05:50,20221130_OB_539309_UKSH.xml.zip,2022-12-01 00:05:50,2024-01-01 00:00:34,change
SO.25385852,25385852,1,7,2023-12-23,2006-12-31,10,2.0,2.0,1,1,1,2,199.0,3,3269822,5297922,864736210,297,2228614210,55468,POINT (-756886.66 -1044242.75),True,2024-01-01 00:00:34,20231231_OB_539309_UKSH.xml.zip,2024-01-01 00:00:34,,
SO.25387561,25387561,1,7,2013-11-20,,10,1.0,2.0,1,1,1,2,170.0,1,456855,401004,866164210,267,2234518210,55468,POINT (-757727.72 -1044249.55),True,2015-09-01 00:22:16,20150831_OB_539309_UKSH.xml.gz,2015-09-01 00:22:16,2024-01-01 00:00:34,change
SO.25387561,25387561,1,7,2023-12-23,2008-12-31,10,1.0,2.0,1,1,1,2,195.0,1,3269822,5297922,866164210,267,2234518210,55468,POINT (-757727.72 -1044249.55),True,2024-01-01 00:00:34,20231231_OB_539309_UKSH.xml.zip,2024-01-01 00:00:34,,
SO.25387758,25387758,1,7,2013-11-20,,4,1.0,2.0,1,1,1,2,71.0,1,456855,401004,877783210,263,2262538210,55468,POINT (-757542.43 -1043959.09),True,2015-09-01 00:22:16,20150831_OB_539309_UKSH.xml.gz,2015-09-01 00:22:16,2024-01-01 00:00:34,change
SO.25387758,25387758,1,7,2023-12-23,2007-12-31,4,1.0,2.0,1,1,1,2,73.0,1,3269822,5297922,877783210,263,2262538210,55468,POINT (-757542.43 -1043959.09),True,2024-01-01 00:00:34,20231231_OB_539309_UKSH.xml.zip,2024-01-01 00:00:34,,
SO.25387855,25387855,1,7,2013-11-20,,1,1.0,2.0,1,3,1,2,110.0,1,456855,401004,906670210,240,2374466210,55468,POINT (-757314 -1043933),True,2015-09-01 00:22:16,20150831_OB_539309_UKSH.xml.gz,2015-09-01 00:22:16,2024-01-01 00:00:34,change
SO.25387855,25387855,1,7,2023-12-23,2010-12-31,1,1.0,2.0,1,3,1,2,110.0,1,3269822,5297922,906670210,240,2374466210,55468,POINT (-757314 -1043933),True,2024-01-01 00:00:34,20231231_OB_539309_UKSH.xml.zip,2024-01-01 00:00:34,,
SO.25388274,25388274,1,7,2013-11-20,,7,1.0,2.0,1,1,1,2,167.0,1,456855,401004,867697210,236,2236934210,55468,POINT (-757812 -1044224),True,2015-09-01 00:22:16,20150831_OB_539309_UKSH.xml.gz,2015-09-01 00:22:16,2024-01-01 00:00:34,change
SO.25388274,25388274,1,7,2023-12-23,2008-12-31,7,1.0,2.0,1,1,1,2,160.0,1,3269822,5297922,867697210,236,2236934210,55468,POINT (-757812 -1044224),True,2024-01-01 00:00:34,20231231_OB_539309_UKSH.xml.zip,2024-01-01 00:00:34,,
SO.25389904,25389904,1,7,2013-11-20,,10,1.0,2.0,1,1,1,2,323.0,1,456855,401004,517699210,281,1650397210,55468,POINT (-756611.5 -1044131.89),True,2015-09-01 00:22:16,20150831_OB_539309_UKSH.xml.gz,2015-09-01 00:22:16,2024-01-01 00:00:34,change
SO.25389904,25389904,1,7,2023-12-23,2003-12-31,10,1.0,2.0,1,1,1,2,188.0,1,3269822,5297922,517699210,281,1650397210,55468,POINT (-756611.5 -1044131.89),True,2024-01-01 00:00:34,20231231_OB_539309_UKSH.xml.zip,2024-01-01 00:00:34,,
SO.25391038,25391038,1,7,2013-11-20,,10,1.0,3.0,1,1,1,2,217.0,1,456855,401004,421740210,293,1446922210,55468,POINT (-757128.47 -1044432.31),True,2015-09-01 00:22:16,20150831_OB_539309_UKSH.xml.gz,2015-09-01 00:22:16,2024-01-01 00:00:34,change
SO.25391038,25391038,1,7,2023-12-23,2005-12-31,10,1.0,3.0,1,1,1,2,217.0,1,3269822,5297922,421740210,293,1446922210,55468,POINT (-757128.47 -1044432.31),True,2024-01-01 00:00:34,20231231_OB_539309_UKSH.xml.zip,2024-01-01 00:00:34,,
SO.25392115,25392115,1,7,2013-11-20,,7,1.0,2.0,1,1,1,2,147.0,1,456855,401004,902617210,239,2329955210,55468,POINT (-757383.87 -1043797.05),True,2015-09-01 00:22:16,20150831_OB_539309_UKSH.xml.gz,2015-09-01 00:22:16,2022-12-01 00:05:50,change
SO.25392115,25392115,1,7,2013-11-20,,7,1.0,2.0,1,1,1,2,147.0,1,456855,401004,902617210,239,2329955210,55468,POINT (-757383.87 -1043797.05),True,2022-12-01 00:05:50,20221130_OB_539309_UKSH.xml.zip,2022-12-01 00:05:50,2024-01-01 00:00:34,change
SO.25392115,25392115,1,7,2023-12-23,2008-12-31,7,1.0,2.0,1,1,1,2,147.0,1,3269822,5297922,902617210,239,2329955210,55468,POINT (-757383.87 -1043797.05),True,2024-01-01 00:00:34,20231231_OB_539309_UKSH.xml.zip,2024-01-01 00:00:34,,
SO.25393570,25393570,1,7,2013-11-20,,10,1.0,2.0,1,1,1,2,164.0,1,456855,401004,630912210,300,1868881210,55468,POINT (-757352.94 -1043887.53),True,2015-09-01 00:22:16,20150831_OB_539309_UKSH.xml.gz,2015-09-01 00:22:16,2024-01-01 00:00:34,change
SO.25393570,25393570,1,7,2023-12-23,2003-12-31,10,1.0,2.0,1,1,1,2,164.0,1,3269822,5297922,630912210,300,1868881210,55468,POINT (-757352.94 -1043887.53),True,2024-01-01 00:00:34,20231231_OB_539309_UKSH.xml.zip,2024-01-01 00:00:34,,
SO.25393804,25393804,1,7,2013-11-20,,6,1.0,2.0,1,1,1,2,71.0,1,456855,401004,877681210,260,2273540210,55468,POINT (-757474.9 -1043946.3),True,2015-09-01 00:22:16,20150831_OB_539309_UKSH.xml.gz,2015-09-01 00:22:16,2024-01-01 00:00:34,change
SO.25393804,25393804,1,7,2023-12-23,2007-12-31,6,1.0,2.0,1,1,1,2,73.0,1,3269822,5297922,877681210,260,2273540210,55468,POINT (-757474.9 -1043946.3),True,2024-01-01 00:00:34,20231231_OB_539309_UKSH.xml.zip,2024-01-01 00:00:34,,
SO.25393847,25393847,1,7,2013-11-20,,10,1.0,3.0,1,1,1,9,123.0,1,456855,401004,647154210,279,1893506210,55468,POINT (-756998.73 -1044367.45),True,2015-09-01 00:22:16,20150831_OB_539309_UKSH.xml.gz,2015-09-01 00:22:16,2024-01-01 00:00:34,change
SO.25393847,25393847,1,7,2023-12-23,2004-12-31,10,1.0,3.0,1,1,1,2,109.0,1,3269822,5297922,647154210,279,1893506210,55468,POINT (-756998.73 -1044367.45),True,2024-01-01 00:00:34,20231231_OB_539309_UKSH.xml.zip,2024-01-01 00:00:34,,
SO.25394355,25394355,1,7,2013-11-20,,10,1.0,2.0,1,1,1,2,177.0,1,456855,401004,883489210,232,2273271210,55468,POINT (-757045.1 -1043906.26),True,2015-09-01 00:22:16,20150831_OB_539309_UKSH.xml.gz,2015-09-01 00:22:16,2024-01-01 00:00:34,change
SO.25394355,25394355,1,7,2023-12-23,2008-12-31,10,1.0,2.0,1,1,1,2,142.0,1,3269822,5297922,883489210,232,2273271210,55468,POINT (-757045.1 -1043906.26),True,2024-01-01 00:00:34,20231231_OB_539309_UKSH.xml.zip,2024-01-01 00:00:34,,
SO.25394371,25394371,1,7,2013-11-20,,10,1.0,2.0,1,1,1,2,99.0,1,456855,401004,899491210,266,2328374210,55468,POINT (-757976.66 -1043833.64),True,2015-09-01 00:22:16,20150831_OB_539309_UKSH.xml.gz,2015-09-01 00:22:16,2024-01-01 00:00:34,change
SO.25394371,25394371,1,7,2023-12-23,2008-12-31,10,1.0,2.0,1,1,1,2,96.0,1,3269822,5297922,899491210,266,2328374210,55468,POINT (-757976.66 -1043833.64),True,2024-01-01 00:00:34,20231231_OB_539309_UKSH.xml.zip,2024-01-01 00:00:34,,
SO.25394941,25394941,1,7,2013-11-20,,6,1.0,2.0,1,1,1,2,96.0,1,456855,401004,870641210,249,2248177210,55468,POINT (-757569.62 -1043911.37),True,2015-09-01 00:22:16,20150831_OB_539309_UKSH.xml.gz,2015-09-01 00:22:16,2022-11-01 00:06:54,change
SO.25394941,25394941,1,7,2013-11-20,,6,1.0,2.0,1,1,1,2,96.0,1,456855,401004,870641210,249,2248177210,55468,POINT (-757569.62 -1043911.37),True,2022-11-01 00:06:54,20221031_OB_539309_UKSH.xml.zip,2022-11-01 00:06:54,2024-01-01 00:00:34,change
SO.25394941,25394941,1,7,2023-12-23,2007-12-31,6,1.0,2.0,1,1,1,2,96.0,1,3269822,5297922,870641210,249,2248177210,55468,POINT (-757569.62 -1043911.37),True,2024-01-01 00:00:34,20231231_OB_539309_UKSH.xml.zip,2024-01-01 00:00:34,2024-06-01 00:02:47,change
SO.25394941,25394941,1,7,2024-05-24,2007-12-31,6,1.0,2.0,1,1,1,2,100.0,1,3440697,5598511,870641210,249,2248177210,55468,POINT (-757569.62 -1043911.37),True,2024-06-01 00:02:47,20240531_OB_539309_UKSH.xml.zip,2024-06-01 00:02:47,2025-02-01 00:03:27,change
SO.25394941,25394941,1,7,2025-01-24,2007-12-31,6,1.0,2.0,1,1,1,2,100.0,1,4040381,6380236,870641210,249,2248177210,55468,POINT (-757567.67 -1043911.04),True,2025-02-01 00:03:27,20250131_OB_539309_UKSH.xml.zip,2025-02-01 00:03:27,,
SO.25395483,25395483,1,7,2013-11-20,,10,1.0,2.0,1,1,1,2,149.0,1,456855,401004,690755210,233,1960926210,55468,POINT (-757428.6 -1043740.44),True,2015-09-01 00:22:16,20150831_OB_539309_UKSH.xml.gz,2015-09-01 00:22:16,2022-12-01 00:05:50,change
SO.25395483,25395483,1,7,2013-11-20,,10,1.0,2.0,1,1,1,2,149.0,1,456855,401004,690755210,233,1960926210,55468,POINT (-757428.6 -1043740.44),True,2022-12-01 00:05:50,20221130_OB_539309_UKSH.xml.zip,2022-12-01 00:05:50,2024-01-01 00:00:34,change
SO.25395483,25395483,1,7,2023-12-23,2007-12-31,10,1.0,2.0,1,1,1,2,169.0,1,3269822,5297922,690755210,233,1960926210,55468,POINT (-757428.6 -1043740.44),True,2024-01-01 00:00:34,20231231_OB_539309_UKSH.xml.zip,2024-01-01 00:00:34,,
SO.25397966,25397966,1,7,2013-11-20,,10,1.0,2.0,1,1,1,2,140.0,1,456855,401004,550249210,283,1724186210,55468,POINT (-757170.93 -1044319.16),True,2015-09-01 00:22:16,20150831_OB_539309_UKSH.xml.gz,2015-09-01 00:22:16,2024-01-01 00:00:34,change
SO.25397966,25397966,1,7,2023-12-23,2008-12-31,10,1.0,2.0,1,1,1,2,133.0,1,3269822,5297922,550249210,283,1724186210,55468,POINT (-757170.93 -1044319.16),True,2024-01-01 00:00:34,20231231_OB_539309_UKSH.xml.zip,2024-01-01 00:00:34,,
SO.25397991,25397991,1,7,2013-11-20,,10,1.0,2.0,1,1,1,2,247.0,1,456855,401004,517758210,280,1650495210,55468,POINT (-756645.56 -1044125.59),True,2015-09-01 00:22:16,20150831_OB_539309_UKSH.xml.gz,2015-09-01 00:22:16,2024-01-01 00:00:34,change
SO.25397991,25397991,1,7,2023-12-23,2003-12-31,10,1.0,2.0,1,1,1,2,191.0,1,3269822,5297922,517758210,280,1650495210,55468,POINT (-756645.56 -1044125.59),True,2024-01-01 00:00:34,20231231_OB_539309_UKSH.xml.zip,2024-01-01 00:00:34,,
SO.25398288,25398288,1,7,2013-11-20,,10,1.0,3.0,1,1,1,2,170.0,1,456855,401004,381198210,287,1304397210,55468,POINT (-757399.89 -1044067.6),True,2015-09-01 00:22:16,20150831_OB_539309_UKSH.xml.gz,2015-09-01 00:22:16,2024-01-01 00:00:34,change
SO.25398288,25398288,1,7,2023-12-23,2004-12-31,10,1.0,3.0,1,1,1,2,170.0,1,3269822,5297922,381198210,287,1304397210,55468,POINT (-757399.89 -1044067.6),True,2024-01-01 00:00:34,20231231_OB_539309_UKSH.xml.zip,2024-01-01 00:00:34,,
SO.25398687,25398687,1,7,2013-11-20,,10,1.0,2.0,1,1,1,2,81.0,1,456855,401004,907845210,234,2324630210,55468,POINT (-757071.56 -1044308.96),True,2015-09-01 00:22:16,20150831_OB_539309_UKSH.xml.gz,2015-09-01 00:22:16,2023-03-01 00:11:14,change
SO.25398687,25398687,1,7,2013-11-20,,10,1.0,2.0,1,1,1,2,81.0,1,456855,401004,907845210,234,2324630210,55468,POINT (-757071.56 -1044308.96),True,2023-03-01 00:11:14,20230228_OB_539309_UKSH.xml.zip,2023-03-01 00:11:14,2024-01-01 00:00:34,change
SO.25398687,25398687,1,7,2023-12-23,2008-12-31,10,1.0,2.0,1,1,1,2,121.0,1,3269822,5297922,907845210,234,2324630210,55468,POINT (-757071.56 -1044308.96),True,2024-01-01 00:00:34,20231231_OB_539309_UKSH.xml.zip,2024-01-01 00:00:34,,
SO.25399691,25399691,1,7,2012-04-27,2011-09-16,1,1.0,3.0,1,1,1,2,189.0,1,35143,32751,15290003010,271,2568682210,55468,POINT (-757109.1 -1044340.31),True,2015-09-01 00:22:16,20150831_OB_539309_UKSH.xml.gz,2015-09-01 00:22:16,,
SO.25399721,25399721,1,7,2013-11-20,,1,1.0,2.0,1,1,1,9,169.0,9,456855,401004,908013210,242,2377847210,55468,POINT (-757791.85 -1044074.05),True,2015-09-01 00:22:16,20150831_OB_539309_UKSH.xml.gz,2015-09-01 00:22:16,2024-01-01 00:00:34,change
SO.25399721,25399721,1,7,2023-12-23,2010-12-31,1,1.0,2.0,1,1,1,2,169.0,1,3269822,5297922,908013210,242,2377847210,55468,POINT (-757791.85 -1044074.05),True,2024-01-01 00:00:34,20231231_OB_539309_UKSH.xml.zip,2024-01-01 00:00:34,,
SO.25400061,25400061,1,7,2013-11-20,,6,1.0,3.0,1,1,1,2,93.0,1,456855,401004,870644210,251,2248180210,55468,POINT (-757532.79 -1043903.69),True,2015-09-01 00:22:16,20150831_OB_539309_UKSH.xml.gz,2015-09-01 00:22:16,2024-01-01 00:00:34,change
SO.25400061,25400061,1,7,2023-12-23,2008-12-31,6,1.0,3.0,1,1,1,2,96.0,1,3269822,5297922,870644210,251,2248180210,55468,POINT (-757532.79 -1043903.69),True,2024-01-01 00:00:34,20231231_OB_539309_UKSH.xml.zip,2024-01-01 00:00:34,,
SO.25401980,25401980,1,,2014-02-20,,,,,,,,,,,537538,529162,887564210,244,2288651210,55468,POINT (-757375.66 -1043846.58),True,2015-09-01 00:22:16,20150831_OB_539309_UKSH.xml.gz,2015-09-01 00:22:16,2016-11-01 00:31:45,change
SO.25401980,25401980,1,7,2016-10-12,,,,,,,,,,,1111553,1491749,887564210,244,2288651210,55468,POINT (-757375.66 -1043846.58),True,2016-11-01 00:31:45,20161031_OB_539309_UKSH.xml.gz,2016-11-01 00:31:45,2019-07-01 00:07:42,change
SO.25401980,25401980,1,7,2019-06-26,2011-10-04,,1.0,,,,,,,,2033254,2920570,887564210,244,2288651210,55468,POINT (-757375.66 -1043846.58),True,2019-07-01 00:07:42,20190630_OB_539309_UKSH.xml.zip,2019-07-01 00:07:42,2020-09-01 00:10:15,change
SO.25401980,25401980,1,7,2020-08-10,2011-10-04,1,1.0,2.0,1,9,1,2,,1,2309979,3462674,887564210,244,2288651210,55468,POINT (-757375.66 -1043846.58),True,2020-09-01 00:10:15,20200831_OB_539309_UKSH.xml.zip,2020-09-01 00:10:15,2022-12-01 00:05:50,change
SO.25401980,25401980,1,7,2022-11-16,2011-10-04,1,1.0,2.0,1,9,1,2,,1,2922930,4654127,887564210,244,2288651210,55468,POINT (-757370.29 -1043845),True,2022-12-01 00:05:50,20221130_OB_539309_UKSH.xml.zip,2022-12-01 00:05:50,2024-01-01 00:00:34,change
SO.25401980,25401980,1,7,2023-12-23,2011-10-04,1,1.0,2.0,1,9,1,2,114.0,1,3269822,5297922,887564210,244,2288651210,55468,POINT (-757370.29 -1043845),True,2024-01-01 00:00:34,20231231_OB_539309_UKSH.xml.zip,2024-01-01 00:00:34,,
SO.25402021,25402021,1,7,2012-04-27,2011-07-04,1,1.0,3.0,1,1,1,2,131.0,1,34974,0,14439316010,248,2568658210,55468,POINT (-757959.35 -1044061.66),True,2015-09-01 00:22:16,20150831_OB_539309_UKSH.xml.gz,2015-09-01 00:22:16,,
SO.25402170,25402170,1,7,2013-11-20,,6,0.0,1.0,1,9,9,2,,1,456855,401004,870648210,255,2248184210,55468,POINT (-757463 -1043890),True,2015-09-01 00:22:16,20150831_OB_539309_UKSH.xml.gz,2015-09-01 00:22:16,2024-01-01 00:00:34,change
SO.25402170,25402170,1,7,2023-12-23,2003-12-31,6,1.0,2.0,1,1,1,2,96.0,1,3269822,5297922,870648210,255,2248184210,55468,POINT (-757463 -1043890),True,2024-01-01 00:00:34,20231231_OB_539309_UKSH.xml.zip,2024-01-01 00:00:34,,
SO.25402668,25402668,1,,2011-07-01,,,,,,,,,,,0,0,,272,,55468,,False,2015-09-01 00:22:16,20150831_OB_539309_UKSH.xml.gz,2015-09-01 00:22:16,2017-10-01 00:06:28,change
SO.25402668,25402668,1,7,2017-09-27,2017-09-08,1,1.0,2.0,1,9,1,2,155.0,1,1503945,2045163,,272,2501537210,55468,POINT (-756926.53 -1044260.4),False,2017-10-01 00:06:28,20170930_OB_539309_UKSH.xml.gz,2017-10-01 00:06:28,2017-11-01 00:41:04,change
SO.25402668,25402668,1,7,2017-10-02,2017-09-08,1,1.0,2.0,1,9,1,2,155.0,1,1507041,2049314,962371210,272,2501537210,55468,POINT (-756926.7 -1044260.17),True,2017-11-01 00:41:04,20171031_OB_539309_UKSH.xml.gz,2017-11-01 00:41:04,,
SO.25403648,25403648,1,7,2013-11-20,,10,1.0,2.0,1,1,1,2,96.0,1,456855,401004,870649210,256,2248185210,55468,POINT (-757445.72 -1043886.8),True,2015-09-01 00:22:16,20150831_OB_539309_UKSH.xml.gz,2015-09-01 00:22:16,2024-01-01 00:00:34,change
SO.25403648,25403648,1,7,2023-12-23,2007-12-31,10,1.0,2.0,1,1,1,2,96.0,1,3269822,5297922,870649210,256,2248185210,55468,POINT (-757445.72 -1043886.8),True,2024-01-01 00:00:34,20231231_OB_539309_UKSH.xml.zip,2024-01-01 00:00:34,,
SO.25404857,25404857,1,,2014-02-20,,,,,,,,,,,538518,530192,936497210,247,2458909210,55468,POINT (-757825.05 -1044289.74),True,2015-09-01 00:22:16,20150831_OB_539309_UKSH.xml.gz,2015-09-01 00:22:16,2016-11-01 00:31:45,change
SO.25404857,25404857,1,7,2016-10-12,,,,,,,,,,,1111553,1491749,936497210,247,2458909210,55468,POINT (-757825.05 -1044289.74),True,2016-11-01 00:31:45,20161031_OB_539309_UKSH.xml.gz,2016-11-01 00:31:45,2024-01-01 00:00:34,change
SO.25404857,25404857,1,7,2023-12-23,2011-12-31,1,1.0,1.0,1,1,1,2,101.0,1,3269822,5297922,936497210,247,2458909210,55468,POINT (-757825.05 -1044289.74),True,2024-01-01 00:00:34,20231231_OB_539309_UKSH.xml.zip,2024-01-01 00:00:34,,
SO.25406981,25406981,1,7,2013-11-20,,10,1.0,2.0,1,1,1,2,129.0,1,456855,401004,577368210,288,1775126210,55468,POINT (-757139.01 -1044388.2),True,2015-09-01 00:22:16,20150831_OB_539309_UKSH.xml.gz,2015-09-01 00:22:16,2024-01-01 00:00:34,change
SO.25406981,25406981,1,7,2023-12-23,2004-12-31,10,1.0,2.0,1,1,1,2,129.0,1,3269822,5297922,577368210,288,1775126210,55468,POINT (-757139.01 -1044388.2),True,2024-01-01 00:00:34,20231231_OB_539309_UKSH.xml.zip,2024-01-01 00:00:34,,
SO.25407490,25407490,1,7,2013-11-20,,10,1.0,1.0,1,1,1,2,,1,456855,401004,538060210,299,1304287210,55468,POINT (-757231.86 -1044063.12),True,2015-09-01 00:22:16,20150831_OB_539309_UKSH.xml.gz,2015-09-01 00:22:16,2024-01-01 00:00:34,change
SO.25407490,25407490,1,7,2023-12-23,2005-12-31,10,1.0,2.0,1,1,1,2,106.0,1,3269822,5297922,538060210,299,1304287210,55468,POINT (-757231.86 -1044063.12),True,2024-01-01 00:00:34,20231231_OB_539309_UKSH.xml.zip,2024-01-01 00:00:34,,
SO.25408259,25408259,1,7,2013-11-20,,6,1.0,2.0,1,1,1,9,71.0,1,456855,401004,877682210,259,2273541210,55468,POINT (-757456.45 -1043942.84),True,2015-09-01 00:22:16,20150831_OB_539309_UKSH.xml.gz,2015-09-01 00:22:16,2024-01-01 00:00:34,change
SO.25408259,25408259,1,7,2023-12-23,2007-12-31,6,1.0,2.0,1,1,1,2,73.0,1,3269822,5297922,877682210,259,2273541210,55468,POINT (-757456.45 -1043942.84),True,2024-01-01 00:00:34,20231231_OB_539309_UKSH.xml.zip,2024-01-01 00:00:34,,
SO.25408267,25408267,1,,2014-02-20,,,,,,,,,,,537950,529601,972218210,238,2539509210,55468,POINT (-757370.25 -1044058.01),True,2015-09-01 00:22:16,20150831_OB_539309_UKSH.xml.gz,2015-09-01 00:22:16,2016-11-01 00:31:45,change
SO.25408267,25408267,1,7,2016-10-12,,,,,,,,,,,1111553,1491749,972218210,238,2539509210,55468,POINT (-757370.25 -1044058.01),True,2016-11-01 00:31:45,20161031_OB_539309_UKSH.xml.gz,2016-11-01 00:31:45,2024-01-01 00:00:34,change
SO.25408267,25408267,1,7,2023-12-23,2011-12-31,4,1.0,1.0,1,1,1,2,100.0,1,3269822,5297922,972218210,238,2539509210,55468,POINT (-757370.25 -1044058.01),True,2024-01-01 00:00:34,20231231_OB_539309_UKSH.xml.zip,2024-01-01 00:00:34,,
SO.25409557,25409557,1,7,2013-11-20,,10,1.0,3.0,1,1,1,2,114.0,1,456855,401004,888103210,235,2286611210,55468,POINT (-757411.92 -1043810.89),True,2015-09-01 00:22:16,20150831_OB_539309_UKSH.xml.gz,2015-09-01 00:22:16,2024-01-01 00:00:34,change
SO.25409557,25409557,1,7,2023-12-23,2008-12-31,10,1.0,3.0,1,1,1,2,114.0,1,3269822,5297922,888103210,235,2286611210,55468,POINT (-757411.92 -1043810.89),True,2024-01-01 00:00:34,20231231_OB_539309_UKSH.xml.zip,2024-01-01 00:00:34,,
SO.25410580,25410580,1,7,2013-11-20,,10,1.0,2.0,1,1,1,2,119.0,1,456855,401004,544539210,286,1713458210,55468,POINT (-756965.95 -1044352.74),True,2015-09-01 00:22:16,20150831_OB_539309_UKSH.xml.gz,2015-09-01 00:22:16,2024-01-01 00:00:34,change
SO.25410580,25410580,1,7,2023-12-23,2004-12-31,10,1.0,2.0,1,1,1,2,119.0,1,3269822,5297922,544539210,286,1713458210,55468,POINT (-756965.95 -1044352.74),True,2024-01-01 00:00:34,20231231_OB_539309_UKSH.xml.zip,2024-01-01 00:00:34,,
SO.25411641,25411641,1,7,2013-11-20,,4,1.0,2.0,1,1,1,2,93.0,1,456855,401004,870646210,253,2248182210,55468,POINT (-757497.3 -1043896.03),True,2015-09-01 00:22:16,20150831_OB_539309_UKSH.xml.gz,2015-09-01 00:22:16,2024-01-01 00:00:34,change
SO.25411641,25411641,1,7,2023-12-23,2007-12-31,4,1.0,2.0,1,1,1,2,96.0,1,3269822,5297922,870646210,253,2248182210,55468,POINT (-757497.3 -1043896.03),True,2024-01-01 00:00:34,20231231_OB_539309_UKSH.xml.zip,2024-01-01 00:00:34,,
SO.25412698,25412698,1,7,2013-11-20,,7,1.0,1.0,1,1,1,2,161.0,1,456855,401004,861856210,296,2220371210,55468,POINT (-757118.67 -1044252.08),True,2015-09-01 00:22:16,20150831_OB_539309_UKSH.xml.gz,2015-09-01 00:22:16,2024-01-01 00:00:34,change
SO.25412698,25412698,1,7,2023-12-23,2005-12-31,7,1.0,1.0,1,1,1,2,161.0,1,3269822,5297922,861856210,296,2220371210,55468,POINT (-757118.67 -1044252.08),True,2024-01-01 00:00:34,20231231_OB_539309_UKSH.xml.zip,2024-01-01 00:00:34,,
SO.25413503,25413503,1,7,2013-11-20,,1,1.0,2.0,1,1,1,2,154.0,1,456855,401004,920623210,231,2419532210,55468,POINT (-757795 -1043758),True,2015-09-01 00:22:16,20150831_OB_539309_UKSH.xml.gz,2015-09-01 00:22:16,2024-01-01 00:00:34,change
SO.25413503,25413503,1,7,2023-12-23,2010-12-31,1,1.0,2.0,1,1,1,2,154.0,1,3269822,5297922,920623210,231,2419532210,55468,POINT (-757795 -1043758),True,2024-01-01 00:00:34,20231231_OB_539309_UKSH.xml.zip,2024-01-01 00:00:34,,
SO.25413775,25413775,1,7,2013-11-20,,10,1.0,2.0,1,1,1,2,167.0,1,456855,401004,890633210,243,2314457210,55468,POINT (-757400.09 -1043707.39),True,2015-09-01 00:22:16,20150831_OB_539309_UKSH.xml.gz,2015-09-01 00:22:16,2024-01-01 00:00:34,change
SO.25413775,25413775,1,7,2023-12-23,2008-12-31,10,1.0,2.0,1,1,1,2,168.0,1,3269822,5297922,890633210,243,2314457210,55468,POINT (-757400.09 -1043707.39),True,2024-01-01 00:00:34,20231231_OB_539309_UKSH.xml.zip,2024-01-01 00:00:34,,
SO.25413988,25413988,1,7,2013-11-20,,10,1.0,2.0,1,1,1,9,72.0,1,456855,401004,875777210,265,2266287210,55468,POINT (-757669.25 -1044202.66),False,2015-09-01 00:22:16,20150831_OB_539309_UKSH.xml.gz,2015-09-01 00:22:16,2024-01-01 00:00:34,change
SO.25413988,25413988,1,7,2023-12-23,2008-12-31,10,1.0,2.0,1,1,1,2,104.0,1,3269822,5297922,875777210,265,2266287210,55468,POINT (-757669.25 -1044202.66),False,2024-01-01 00:00:34,20231231_OB_539309_UKSH.xml.zip,2024-01-01 00:00:34,,
SO.25414097,25414097,1,7,2013-11-20,,4,1.0,2.0,1,1,1,2,70.0,1,456855,401004,877782210,257,2262537210,55468,POINT (-757558.22 -1043962.13),True,2015-09-01 00:22:16,20150831_OB_539309_UKSH.xml.gz,2015-09-01 00:22:16,2024-01-01 00:00:34,change
SO.25414097,25414097,1,7,2023-12-23,2007-12-31,4,1.0,2.0,1,1,1,2,73.0,1,3269822,5297922,877782210,257,2262537210,55468,POINT (-757558.22 -1043962.13),True,2024-01-01 00:00:34,20231231_OB_539309_UKSH.xml.zip,2024-01-01 00:00:34,,
SO.25414551,25414551,1,7,2013-11-20,,6,1.0,2.0,1,1,1,9,142.0,1,456855,401004,817746210,295,2158532210,55468,POINT (-757606.73 -1044230.1),True,2015-09-01 00:22:16,20150831_OB_539309_UKSH.xml.gz,2015-09-01 00:22:16,2024-01-01 00:00:34,change
SO.25414551,25414551,1,7,2023-12-23,2007-12-31,6,1.0,2.0,1,1,1,2,142.0,1,3269822,5297922,817746210,295,2158532210,55468,POINT (-757606.73 -1044230.1),True,2024-01-01 00:00:34,20231231_OB_539309_UKSH.xml.zip,2024-01-01 00:00:34,,
SO.25415531,25415531,1,7,2013-11-20,,10,1.0,1.0,1,1,1,2,,1,456855,401004,540719210,273,1706258210,55468,POINT (-757108.58 -1044222.68),True,2015-09-01 00:22:16,20150831_OB_539309_UKSH.xml.gz,2015-09-01 00:22:16,2024-01-01 00:00:34,change
SO.25415531,25415531,1,7,2023-12-23,2004-12-31,10,1.0,2.0,1,1,1,2,166.0,1,3269822,5297922,540719210,273,1706258210,55468,POINT (-757108.58 -1044222.68),True,2024-01-01 00:00:34,20231231_OB_539309_UKSH.xml.zip,2024-01-01 00:00:34,,
SO.25416448,25416448,1,7,2013-11-20,,10,1.0,1.0,1,1,1,2,276.0,1,456855,401004,911530210,270,2324922210,55468,POINT (-757604.41 -1044365.28),True,2015-09-01 00:22:16,20150831_OB_539309_UKSH.xml.gz,2015-09-01 00:22:16,2024-01-01 00:00:34,change
SO.25416448,25416448,1,7,2023-12-23,2008-12-31,10,1.0,2.0,1,1,1,2,103.0,1,3269822,5297922,911530210,270,2324922210,55468,POINT (-757604.41 -1044365.28),True,2024-01-01 00:00:34,20231231_OB_539309_UKSH.xml.zip,2024-01-01 00:00:34,,
SO.25416782,25416782,1,7,2013-11-20,,10,1.0,2.0,1,1,1,2,97.0,1,456855,401004,869402210,285,2239106210,55468,POINT (-757242.02 -1043873.7),True,2015-09-01 00:22:16,20150831_OB_539309_UKSH.xml.gz,2015-09-01 00:22:16,2024-01-01 00:00:34,change
SO.25416782,25416782,1,7,2023-12-23,2006-12-31,10,1.0,2.0,1,1,1,2,97.0,1,3269822,5297922,869402210,285,2239106210,55468,POINT (-757242.02 -1043873.7),True,2024-01-01 00:00:34,20231231_OB_539309_UKSH.xml.zip,2024-01-01 00:00:34,,
SO.25417061,25417061,1,7,2013-11-20,,10,1.0,2.0,1,1,1,2,126.0,1,456855,401004,915650210,268,2370994210,55468,POINT (-757621.52 -1044201.23),True,2015-09-01 00:22:16,20150831_OB_539309_UKSH.xml.gz,2015-09-01 00:22:16,2022-11-01 00:06:54,change
SO.25417061,25417061,1,7,2013-11-20,,10,1.0,2.0,1,1,1,2,126.0,1,456855,401004,915650210,268,2370994210,55468,POINT (-757621.52 -1044201.23),True,2022-11-01 00:06:54,20221031_OB_539309_UKSH.xml.zip,2022-11-01 00:06:54,2024-01-01 00:00:34,change
SO.25417061,25417061,1,7,2023-12-23,2008-12-31,10,1.0,2.0,1,1,1,2,120.0,1,3269822,5297922,915650210,268,2370994210,55468,POINT (-757621.52 -1044201.23),True,2024-01-01 00:00:34,20231231_OB_539309_UKSH.xml.zip,2024-01-01 00:00:34,,
SO.25417681,25417681,1,7,2013-11-20,,4,1.0,2.0,1,1,1,2,71.0,1,456855,401004,874392210,262,2262540210,55468,POINT (-757508.15 -1043952.47),True,2015-09-01 00:22:16,20150831_OB_539309_UKSH.xml.gz,2015-09-01 00:22:16,2024-01-01 00:00:34,change
SO.25417681,25417681,1,7,2023-12-23,2007-12-31,4,1.0,2.0,1,1,1,2,73.0,1,3269822,5297922,874392210,262,2262540210,55468,POINT (-757508.15 -1043952.47),True,2024-01-01 00:00:34,20231231_OB_539309_UKSH.xml.zip,2024-01-01 00:00:34,,
SO.25490630,25490630,1,3,2013-11-20,,10,1.0,2.0,3,2,1,2,125.0,1,456855,401004,381196210,201,1304395210,55468,POINT (-757348.5 -1044011.59),True,2015-09-01 00:22:16,20150831_OB_539309_UKSH.xml.gz,2015-09-01 00:22:16,2022-06-01 00:09:23,change
SO.25490630,25490630,1,7,2022-05-30,,10,1.0,2.0,3,2,1,2,125.0,1,2787538,4385805,381196210,201,1304395210,55468,POINT (-757348.5 -1044011.59),True,2022-06-01 00:09:23,20220531_OB_539309_UKSH.xml.zip,2022-06-01 00:09:23,2024-01-01 00:00:34,change
SO.25490630,25490630,1,7,2023-12-23,2000-12-31,10,1.0,2.0,3,1,1,2,128.0,1,3269822,5297922,381196210,201,1304395210,55468,POINT (-757348.5 -1044011.59),True,2024-01-01 00:00:34,20231231_OB_539309_UKSH.xml.zip,2024-01-01 00:00:34,,
SO.25490648,25490648,1,3,2011-07-01,,6,1.0,2.0,3,3,1,2,145.0,1,0,0,381154210,203,1304393210,55468,POINT (-757242.88 -1044358.38),True,2015-09-01 00:22:16,20150831_OB_539309_UKSH.xml.gz,2015-09-01 00:22:16,2022-06-01 00:09:23,change
SO.25490648,25490648,1,7,2022-05-30,,6,1.0,2.0,3,3,1,2,145.0,1,2787538,4385805,381154210,203,1304393210,55468,POINT (-757242.88 -1044358.38),True,2022-06-01 00:09:23,20220531_OB_539309_UKSH.xml.zip,2022-06-01 00:09:23,2024-01-01 00:00:34,change
SO.25490648,25490648,1,7,2023-12-23,2000-12-31,6,1.0,2.0,3,3,1,2,112.0,1,3269822,5297922,381154210,203,1304393210,55468,POINT (-757242.88 -1044358.38),True,2024-01-01 00:00:34,20231231_OB_539309_UKSH.xml.zip,2024-01-01 00:00:34,,
SO.25490664,25490664,1,7,2013-11-20,,10,1.0,3.0,1,3,1,2,250.0,1,456855,401004,421720210,212,1446901210,55468,POINT (-757070.45 -1044391.08),True,2015-09-01 00:22:16,20150831_OB_539309_UKSH.xml.gz,2015-09-01 00:22:16,2024-01-01 00:00:34,change
SO.25490664,25490664,1,7,2023-12-23,2002-12-31,10,1.0,3.0,1,1,1,2,224.0,1,3269822,5297922,421720210,212,1446901210,55468,POINT (-757070.45 -1044391.08),True,2024-01-01 00:00:34,20231231_OB_539309_UKSH.xml.zip,2024-01-01 00:00:34,,
SO.25490672,25490672,1,7,2013-11-20,,10,1.0,1.0,1,3,1,2,,9,456855,401004,430240210,213,1467186210,55468,POINT (-757346.45 -1043923.35),True,2015-09-01 00:22:16,20150831_OB_539309_UKSH.xml.gz,2015-09-01 00:22:16,2024-01-01 00:00:34,change
SO.25490672,25490672,1,7,2023-12-23,2002-12-31,10,1.0,2.0,1,3,1,2,103.0,1,3269822,5297922,430240210,213,1467186210,55468,POINT (-757346.45 -1043923.35),True,2024-01-01 00:00:34,20231231_OB_539309_UKSH.xml.zip,2024-01-01 00:00:34,,
SO.25490681,25490681,1,7,2013-11-20,,9,1.0,1.0,9,9,9,9,,9,456855,401004,906312210,214,2377201210,55468,POINT (-757270.69 -1043830.22),True,2015-09-01 00:22:16,20150831_OB_539309_UKSH.xml.gz,2015-09-01 00:22:16,2024-01-01 00:00:34,change
SO.25490681,25490681,1,7,2023-12-23,2008-12-31,9,1.0,1.0,9,1,1,2,175.0,1,3269822,5297922,906312210,214,2377201210,55468,POINT (-757270.69 -1043830.22),True,2024-01-01 00:00:34,20231231_OB_539309_UKSH.xml.zip,2024-01-01 00:00:34,,
SO.25490699,25490699,1,7,2013-11-20,,10,1.0,1.0,1,1,1,2,,1,456855,401004,512598210,216,1641434210,55468,POINT (-757007.16 -1044392.78),True,2015-09-01 00:22:16,20150831_OB_539309_UKSH.xml.gz,2015-09-01 00:22:16,2022-08-01 00:03:03,change
SO.25490699,25490699,1,7,2013-11-20,,10,1.0,1.0,1,1,1,2,,1,456855,401004,512598210,216,1641434210,55468,POINT (-757007.16 -1044392.78),True,2022-08-01 00:03:03,20220731_OB_539309_UKSH.xml.zip,2022-08-01 00:03:03,2024-01-01 00:00:34,change
SO.25490699,25490699,1,7,2023-12-23,2002-12-31,10,1.0,1.0,1,1,1,2,142.0,1,3269822,5297922,512598210,216,1641434210,55468,POINT (-757007.16 -1044392.78),True,2024-01-01 00:00:34,20231231_OB_539309_UKSH.xml.zip,2024-01-01 00:00:34,,
SO.25490702,25490702,1,,2011-07-01,,,1.0,,,,,,,,0,0,,218,,55468,POINT (-757193 -1043963),False,2015-09-01 00:22:16,20150831_OB_539309_UKSH.xml.gz,2015-09-01 00:22:16,2025-05-01 00:07:36,change
SO.25490702,25490702,1,7,2025-04-08,2025-02-27,1,1.0,3.0,1,3,1,2,86.0,15,4198079,6594183,423121210,218,1450023210,55468,POINT (-757192.62 -1043963.36),True,2025-05-01 00:07:36,20250430_OB_539309_UKSH.xml.zip,2025-05-01 00:07:36,,
SO.25490711,25490711,1,7,2013-11-20,,10,1.0,2.0,1,1,1,2,154.0,1,456855,401004,891548210,219,2284306210,55468,POINT (-757203.68 -1044332.55),True,2015-09-01 00:22:16,20150831_OB_539309_UKSH.xml.gz,2015-09-01 00:22:16,2024-01-01 00:00:34,change
SO.25490711,25490711,1,7,2023-12-23,2007-12-31,10,1.0,2.0,1,1,1,2,189.0,1,3269822,5297922,891548210,219,2284306210,55468,POINT (-757203.68 -1044332.55),True,2024-01-01 00:00:34,20231231_OB_539309_UKSH.xml.zip,2024-01-01 00:00:34,,
SO.25490729,25490729,1,7,2013-11-20,,10,1.0,3.0,1,1,1,2,133.0,1,456855,401004,381199210,275,1304398210,55468,POINT (-756968.74 -1043940.21),True,2015-09-01 00:22:16,20150831_OB_539309_UKSH.xml.gz,2015-09-01 00:22:16,2024-01-01 00:00:34,change
SO.25490729,25490729,1,7,2023-12-23,2003-12-31,10,1.0,3.0,1,1,1,2,133.0,1,3269822,5297922,381199210,275,1304398210,55468,POINT (-756968.74 -1043940.21),True,2024-01-01 00:00:34,20231231_OB_539309_UKSH.xml.zip,2024-01-01 00:00:34,,
SO.25490737,25490737,1,7,2013-11-20,,10,1.0,3.0,1,1,1,2,170.0,1,456855,401004,609451210,277,1834741210,55468,POINT (-757109.26 -1044319.94),True,2015-09-01 00:22:16,20150831_OB_539309_UKSH.xml.gz,2015-09-01 00:22:16,2024-01-01 00:00:34,change
SO.25490737,25490737,1,7,2023-12-23,2003-12-31,10,1.0,3.0,1,1,1,2,170.0,1,3269822,5297922,609451210,277,1834741210,55468,POINT (-757109.26 -1044319.94),True,2024-01-01 00:00:34,20231231_OB_539309_UKSH.xml.zip,2024-01-01 00:00:34,,
SO.25710079,25710079,1,3,2013-11-20,,10,1.0,1.0,2,1,1,2,,1,456855,401004,381157210,198,1304385210,55468,POINT (-757240.83 -1044391.47),True,2015-09-01 00:22:16,20150831_OB_539309_UKSH.xml.gz,2015-09-01 00:22:16,2022-06-01 00:09:23,change
SO.25710079,25710079,1,7,2022-05-30,,10,1.0,1.0,2,1,1,2,,1,2787538,4385805,381157210,198,1304385210,55468,POINT (-757240.83 -1044391.47),True,2022-06-01 00:09:23,20220531_OB_539309_UKSH.xml.zip,2022-06-01 00:09:23,2024-01-01 00:00:34,change
SO.25710079,25710079,1,7,2023-12-23,2000-12-31,10,1.0,2.0,2,1,1,2,135.0,1,3269822,5297922,381157210,198,1304385210,55468,POINT (-757240.83 -1044391.47),True,2024-01-01 00:00:34,20231231_OB_539309_UKSH.xml.zip,2024-01-01 00:00:34,,
SO.25758993,25758993,1,6,2013-11-20,,6,8.0,3.0,1,1,1,2,205.0,3,456855,401004,859198210,311,2215983210,55468,POINT (-758031.61 -1044136.77),True,2015-09-01 00:22:16,20150831_OB_539309_UKSH.xml.gz,2015-09-01 00:22:16,2024-01-01 00:00:34,change
SO.25758993,25758993,1,6,2023-12-23,2005-12-31,6,8.0,3.0,1,1,1,2,204.0,3,3269822,5297922,859198210,311,2215983210,55468,POINT (-758031.61 -1044136.77),True,2024-01-01 00:00:34,20231231_OB_539309_UKSH.xml.zip,2024-01-01 00:00:34,,
SO.25759001,25759001,1,6,2013-11-20,,6,8.0,3.0,1,1,1,2,205.0,3,456855,401004,859200210,312,2215984210,55468,POINT (-758023.14 -1044152.09),True,2015-09-01 00:22:16,20150831_OB_539309_UKSH.xml.gz,2015-09-01 00:22:16,2024-01-01 00:00:34,change
SO.25759001,25759001,1,6,2023-12-23,2005-12-31,6,8.0,3.0,1,1,1,2,205.0,3,3269822,5297922,859200210,312,2215984210,55468,POINT (-758023.14 -1044152.09),True,2024-01-01 00:00:34,20231231_OB_539309_UKSH.xml.zip,2024-01-01 00:00:34,,
SO.25759019,25759019,1,6,2013-11-20,,6,8.0,3.0,1,1,1,2,205.0,3,456855,401004,859199210,313,2215985210,55468,POINT (-758022.2 -1044169.05),True,2015-09-01 00:22:16,20150831_OB_539309_UKSH.xml.gz,2015-09-01 00:22:16,2024-01-01 00:00:34,change
SO.25759019,25759019,1,6,2023-12-23,2005-12-31,6,8.0,3.0,1,1,1,2,205.0,3,3269822,5297922,859199210,313,2215985210,55468,POINT (-758022.2 -1044169.05),True,2024-01-01 00:00:34,20231231_OB_539309_UKSH.xml.zip,2024-01-01 00:00:34,,
SO.25759027,25759027,1,6,2013-11-20,,6,8.0,3.0,1,1,1,2,205.0,3,456855,401004,861341210,314,2218703210,55468,POINT (-758013.1 -1044183.76),True,2015-09-01 00:22:16,20150831_OB_539309_UKSH.xml.gz,2015-09-01 00:22:16,2024-01-01 00:00:34,change
SO.25759027,25759027,1,6,2023-12-23,2005-12-31,6,7.0,3.0,1,1,1,2,205.0,3,3269822,5297922,861341210,314,2218703210,55468,POINT (-758013.1 -1044183.76),True,2024-01-01 00:00:34,20231231_OB_539309_UKSH.xml.zip,2024-01-01 00:00:34,,
SO.25759035,25759035,1,6,2013-11-20,,6,1.0,3.0,1,1,1,2,79.0,1,456855,401004,861340210,315,2218704210,55468,POINT (-757999.96 -1044199.55),True,2015-09-01 00:22:16,20150831_OB_539309_UKSH.xml.gz,2015-09-01 00:22:16,2019-07-01 00:07:42,change
SO.25759035,25759035,1,6,2019-06-11,2019-06-10,6,8.0,3.0,1,1,1,2,205.0,1,2022107,2898570,861340210,315,2218704210,55468,POINT (-757999.96 -1044199.55),True,2019-07-01 00:07:42,20190630_OB_539309_UKSH.xml.zip,2019-07-01 00:07:42,,
SO.25759043,25759043,1,6,2013-11-20,,6,8.0,3.0,1,1,1,9,205.0,3,456855,401004,861339210,316,2218705210,55468,POINT (-757991.69 -1044214.07),True,2015-09-01 00:22:16,20150831_OB_539309_UKSH.xml.gz,2015-09-01 00:22:16,2024-01-01 00:00:34,change
SO.25759043,25759043,1,6,2023-12-23,2005-12-31,6,7.0,3.0,1,1,1,2,206.0,3,3269822,5297922,861339210,316,2218705210,55468,POINT (-757991.69 -1044214.07),True,2024-01-01 00:00:34,20231231_OB_539309_UKSH.xml.zip,2024-01-01 00:00:34,,
SO.25759051,25759051,1,6,2013-11-20,,6,8.0,3.0,1,1,1,2,205.0,3,456855,401004,861676210,317,2219745210,55468,POINT (-757976.8 -1044224.48),True,2015-09-01 00:22:16,20150831_OB_539309_UKSH.xml.gz,2015-09-01 00:22:16,2024-01-01 00:00:34,change
SO.25759051,25759051,1,6,2023-12-23,2005-12-31,6,6.0,3.0,1,1,1,2,204.0,3,3269822,5297922,861676210,317,2219745210,55468,POINT (-757976.8 -1044224.48),True,2024-01-01 00:00:34,20231231_OB_539309_UKSH.xml.zip,2024-01-01 00:00:34,,
SO.25759060,25759060,1,6,2013-11-20,,6,8.0,3.0,1,1,1,9,205.0,3,456855,401004,861675210,318,2219811210,55468,POINT (-757968.23 -1044240.33),True,2015-09-01 00:22:16,20150831_OB_539309_UKSH.xml.gz,2015-09-01 00:22:16,2022-12-01 00:05:50,change
SO.25759060,25759060,1,6,2013-11-20,,6,8.0,3.0,1,1,1,9,205.0,3,456855,401004,861675210,318,2219811210,55468,POINT (-757968.23 -1044240.33),True,2022-12-01 00:05:50,20221130_OB_539309_UKSH.xml.zip,2022-12-01 00:05:50,2024-01-01 00:00:34,change
SO.25759060,25759060,1,6,2023-12-23,2005-12-31,6,8.0,3.0,1,1,1,2,205.0,3,3269822,5297922,861675210,318,2219811210,55468,POINT (-757968.23 -1044240.33),True,2024-01-01 00:00:34,20231231_OB_539309_UKSH.xml.zip,2024-01-01 00:00:34,,
SO.25851730,25851730,1,7,2013-11-20,,10,1.0,3.0,1,1,1,2,157.0,1,456855,401004,882488210,301,2262831210,55468,POINT (-757093.3 -1044084),True,2015-09-01 00:22:16,20150831_OB_539309_UKSH.xml.gz,2015-09-01 00:22:16,2024-01-01 00:00:34,change
SO.25851730,25851730,1,7,2023-12-23,2006-12-31,10,1.0,3.0,1,1,1,2,135.0,1,3269822,5297922,882488210,301,2262831210,55468,POINT (-757093.3 -1044084),True,2024-01-01 00:00:34,20231231_OB_539309_UKSH.xml.zip,2024-01-01 00:00:34,,
SO.25851748,25851748,1,6,2013-11-20,2005-01-01,7,3.0,1.0,1,3,1,2,,1,456855,401004,818565210,302,2159552210,55468,POINT (-758045.85 -1043839.11),True,2015-09-01 00:22:16,20150831_OB_539309_UKSH.xml.gz,2015-09-01 00:22:16,2024-01-01 00:00:34,change
SO.25851748,25851748,1,6,2023-12-23,2005-01-01,7,6.0,3.0,1,3,1,2,210.0,3,3269822,5297922,818565210,302,2159552210,55468,POINT (-758045.85 -1043839.11),True,2024-01-01 00:00:34,20231231_OB_539309_UKSH.xml.zip,2024-01-01 00:00:34,,
SO.25851756,25851756,1,6,2013-11-20,2005-01-01,4,6.0,3.0,1,1,1,2,207.0,1,456855,401004,883670210,303,2286785210,55468,POINT (-758049.44 -1043771.39),True,2015-09-01 00:22:16,20150831_OB_539309_UKSH.xml.gz,2015-09-01 00:22:16,2024-01-01 00:00:34,change
SO.25851756,25851756,1,6,2023-12-23,2005-01-01,4,8.0,3.0,1,1,1,2,207.0,3,3269822,5297922,883670210,303,2286785210,55468,POINT (-758049.44 -1043771.39),True,2024-01-01 00:00:34,20231231_OB_539309_UKSH.xml.zip,2024-01-01 00:00:34,,
SO.25851764,25851764,1,6,2013-11-20,2005-01-01,7,3.0,1.0,3,3,1,2,,4,456855,401004,883669210,304,2286784210,55468,POINT (-758051.49 -1043788.67),True,2015-09-01 00:22:16,20150831_OB_539309_UKSH.xml.gz,2015-09-01 00:22:16,2024-01-01 00:00:34,change
SO.25851764,25851764,1,6,2023-12-23,2005-01-01,7,6.0,3.0,3,3,1,2,209.0,3,3269822,5297922,883669210,304,2286784210,55468,POINT (-758051.49 -1043788.67),True,2024-01-01 00:00:34,20231231_OB_539309_UKSH.xml.zip,2024-01-01 00:00:34,,
SO.25851772,25851772,1,6,2013-11-20,2005-01-01,4,6.0,3.0,1,1,1,2,204.0,1,456855,401004,882423210,305,2280289210,55468,POINT (-758048.13 -1043805.52),True,2015-09-01 00:22:16,20150831_OB_539309_UKSH.xml.gz,2015-09-01 00:22:16,2024-01-01 00:00:34,change
SO.25851772,25851772,1,6,2023-12-23,2005-01-01,4,8.0,3.0,1,1,1,2,204.0,3,3269822,5297922,882423210,305,2280289210,55468,POINT (-758048.13 -1043805.52),True,2024-01-01 00:00:34,20231231_OB_539309_UKSH.xml.zip,2024-01-01 00:00:34,,
SO.25851781,25851781,1,6,2013-11-20,2005-01-01,4,6.0,3.0,1,1,1,2,209.0,1,456855,401004,882422210,306,2280288210,55468,POINT (-758049.55 -1043822.8),True,2015-09-01 00:22:16,20150831_OB_539309_UKSH.xml.gz,2015-09-01 00:22:16,2024-01-01 00:00:34,change
SO.25851781,25851781,1,6,2023-12-23,2005-01-01,4,6.0,3.0,1,1,1,2,206.0,3,3269822,5297922,882422210,306,2280288210,55468,POINT (-758049.55 -1043822.8),True,2024-01-01 00:00:34,20231231_OB_539309_UKSH.xml.zip,2024-01-01 00:00:34,,
SO.25851799,25851799,1,6,2013-11-20,2005-01-01,4,6.0,3.0,1,1,1,2,208.0,1,456855,401004,885066210,307,2288458210,55468,POINT (-758052.94 -1043755),True,2015-09-01 00:22:16,20150831_OB_539309_UKSH.xml.gz,2015-09-01 00:22:16,2024-01-01 00:00:34,change
SO.25851799,25851799,1,6,2023-12-23,2005-01-01,4,9.0,3.0,1,1,1,2,207.0,3,3269822,5297922,885066210,307,2288458210,55468,POINT (-758052.94 -1043755),True,2024-01-01 00:00:34,20231231_OB_539309_UKSH.xml.zip,2024-01-01 00:00:34,,
SO.25851802,25851802,1,6,2013-11-20,2005-01-01,4,6.0,3.0,1,1,1,2,208.0,1,456855,401004,885067210,308,2288459210,55468,POINT (-758051.07 -1043738.12),True,2015-09-01 00:22:16,20150831_OB_539309_UKSH.xml.gz,2015-09-01 00:22:16,2024-01-01 00:00:34,change
SO.25851802,25851802,1,6,2023-12-23,2005-01-01,4,6.0,3.0,1,1,1,2,206.0,3,3269822,5297922,885067210,308,2288459210,55468,POINT (-758051.07 -1043738.12),True,2024-01-01 00:00:34,20231231_OB_539309_UKSH.xml.zip,2024-01-01 00:00:34,,
SO.25851811,25851811,1,6,2013-11-20,2005-01-01,4,6.0,3.0,1,1,1,9,208.0,1,456855,401004,887039210,309,2297436210,55468,POINT (-758054.63 -1043721.16),True,2015-09-01 00:22:16,20150831_OB_539309_UKSH.xml.gz,2015-09-01 00:22:16,2024-01-01 00:00:34,change
SO.25851811,25851811,1,6,2023-12-23,2005-01-01,4,6.0,3.0,1,1,1,2,208.0,3,3269822,5297922,887039210,309,2297436210,55468,POINT (-758054.63 -1043721.16),True,2024-01-01 00:00:34,20231231_OB_539309_UKSH.xml.zip,2024-01-01 00:00:34,,
SO.25851829,25851829,1,6,2013-11-20,2005-01-01,4,6.0,3.0,1,1,1,2,209.0,1,456855,401004,889457210,310,2302939210,55468,POINT (-758053.35 -1043703.79),True,2015-09-01 00:22:16,20150831_OB_539309_UKSH.xml.gz,2015-09-01 00:22:16,2024-01-01 00:00:34,change
SO.25851829,25851829,1,6,2023-12-23,2005-01-01,4,6.0,3.0,1,1,1,2,207.0,3,3269822,5297922,889457210,310,2302939210,55468,POINT (-758053.35 -1043703.79),True,2024-01-01 00:00:34,20231231_OB_539309_UKSH.xml.zip,2024-01-01 00:00:34,,
SO.25851837,25851837,1,6,2013-11-20,,7,1.0,3.0,1,3,1,2,,4,456855,401004,861674210,319,2219825210,55468,POINT (-757953.91 -1044249.1),True,2015-09-01 00:22:16,20150831_OB_539309_UKSH.xml.gz,2015-09-01 00:22:16,2022-12-01 00:05:50,change
SO.25851837,25851837,1,6,2013-11-20,,7,1.0,3.0,1,3,1,2,,4,456855,401004,861674210,319,2219825210,55468,POINT (-757953.91 -1044249.1),True,2022-12-01 00:05:50,20221130_OB_539309_UKSH.xml.zip,2022-12-01 00:05:50,2024-01-01 00:00:34,change
SO.25851837,25851837,1,6,2023-12-23,2006-12-31,7,6.0,3.0,1,3,1,2,205.0,3,3269822,5297922,861674210,319,2219825210,55468,POINT (-757953.91 -1044249.1),True,2024-01-01 00:00:34,20231231_OB_539309_UKSH.xml.zip,2024-01-01 00:00:34,,
SO.25851845,25851845,1,6,2013-11-20,,7,7.0,5.0,1,1,1,2,204.0,1,456855,401004,864751210,320,2227203210,55468,POINT (-757934.22 -1044272.94),True,2015-09-01 00:22:16,20150831_OB_539309_UKSH.xml.gz,2015-09-01 00:22:16,2024-01-01 00:00:34,change
SO.25851845,25851845,1,6,2023-12-23,2006-12-31,7,7.0,5.0,1,1,1,2,204.0,3,3269822,5297922,864751210,320,2227203210,55468,POINT (-757934.22 -1044272.94),True,2024-01-01 00:00:34,20231231_OB_539309_UKSH.xml.zip,2024-01-01 00:00:34,,
SO.25851853,25851853,1,6,2013-11-20,2005-01-01,7,7.0,4.0,1,1,1,2,204.0,1,456855,401004,864752210,321,2227204210,55468,POINT (-757926.12 -1044286.36),True,2015-09-01 00:22:16,20150831_OB_539309_UKSH.xml.gz,2015-09-01 00:22:16,2024-01-01 00:00:34,change
SO.25851853,25851853,1,6,2023-12-23,2005-01-01,7,8.0,4.0,1,2,1,2,205.0,3,3269822,5297922,864752210,321,2227204210,55468,POINT (-757926.12 -1044286.36),True,2024-01-01 00:00:34,20231231_OB_539309_UKSH.xml.zip,2024-01-01 00:00:34,,
SO.25851861,25851861,1,6,2013-11-20,2005-01-01,10,7.0,4.0,1,1,1,2,204.0,1,456855,401004,864609210,322,2228242210,55468,POINT (-757911.88 -1044296.76),True,2015-09-01 00:22:16,20150831_OB_539309_UKSH.xml.gz,2015-09-01 00:22:16,2024-01-01 00:00:34,change
SO.25851861,25851861,1,6,2023-12-23,2005-01-01,10,8.0,4.0,1,1,1,2,206.0,3,3269822,5297922,864609210,322,2228242210,55468,POINT (-757911.88 -1044296.76),True,2024-01-01 00:00:34,20231231_OB_539309_UKSH.xml.zip,2024-01-01 00:00:34,,
SO.25851870,25851870,1,6,2013-11-20,2005-01-01,10,6.0,4.0,1,1,1,2,204.0,1,456855,401004,865964210,323,2232002210,55468,POINT (-757876.72 -1044334.34),True,2015-09-01 00:22:16,20150831_OB_539309_UKSH.xml.gz,2015-09-01 00:22:16,2024-01-01 00:00:34,change
SO.25851870,25851870,1,6,2023-12-23,2005-01-01,10,6.0,4.0,1,1,1,2,205.0,3,3269822,5297922,865964210,323,2232002210,55468,POINT (-757876.72 -1044334.34),True,2024-01-01 00:00:34,20231231_OB_539309_UKSH.xml.zip,2024-01-01 00:00:34,,
SO.25851888,25851888,1,6,2013-11-20,2005-01-01,10,6.0,4.0,1,1,1,2,204.0,1,456855,401004,865965210,324,2232003210,55468,POINT (-757868.06 -1044349.58),True,2015-09-01 00:22:16,20150831_OB_539309_UKSH.xml.gz,2015-09-01 00:22:16,2022-12-01 00:05:50,change
SO.25851888,25851888,1,6,2013-11-20,2005-01-01,10,6.0,4.0,1,1,1,2,204.0,1,456855,401004,865965210,324,2232003210,55468,POINT (-757868.06 -1044349.58),True,2022-12-01 00:05:50,20221130_OB_539309_UKSH.xml.zip,2022-12-01 00:05:50,2024-01-01 00:00:34,change
SO.25851888,25851888,1,6,2023-12-23,2005-01-01,10,6.0,4.0,1,1,1,2,205.0,3,3269822,5297922,865965210,324,2232003210,55468,POINT (-757868.06 -1044349.58),True,2024-01-01 00:00:34,20231231_OB_539309_UKSH.xml.zip,2024-01-01 00:00:34,,
SO.25851896,25851896,1,6,2013-11-20,,10,6.0,4.0,1,1,1,2,204.0,1,456855,401004,868346210,325,2235170210,55468,POINT (-757853.82 -1044358.7),True,2015-09-01 00:22:16,20150831_OB_539309_UKSH.xml.gz,2015-09-01 00:22:16,2024-01-01 00:00:34,change
SO.25851896,25851896,1,6,2023-12-23,2006-12-31,10,5.0,4.0,1,1,1,2,206.0,3,3269822,5297922,868346210,325,2235170210,55468,POINT (-757853.82 -1044358.7),True,2024-01-01 00:00:34,20231231_OB_539309_UKSH.xml.zip,2024-01-01 00:00:34,,
SO.25851900,25851900,1,6,2013-11-20,,10,8.0,4.0,1,1,1,2,204.0,1,456855,401004,868347210,326,2235171210,55468,POINT (-757845.17 -1044374.06),True,2015-09-01 00:22:16,20150831_OB_539309_UKSH.xml.gz,2015-09-01 00:22:16,2024-01-01 00:00:34,change
SO.25851900,25851900,1,6,2023-12-23,2006-12-31,10,8.0,4.0,1,1,1,2,205.0,3,3269822,5297922,868347210,326,2235171210,55468,POINT (-757845.17 -1044374.06),True,2024-01-01 00:00:34,20231231_OB_539309_UKSH.xml.zip,2024-01-01 00:00:34,,
SO.25851918,25851918,1,6,2013-11-20,,4,8.0,4.0,1,1,1,2,204.0,1,456855,401004,873931210,327,2261448210,55468,POINT (-757831.48 -1044384.66),True,2015-09-01 00:22:16,20150831_OB_539309_UKSH.xml.gz,2015-09-01 00:22:16,2024-01-01 00:00:34,change
SO.25851918,25851918,1,6,2023-12-23,2006-12-31,4,6.0,4.0,1,1,1,2,205.0,3,3269822,5297922,873931210,327,2261448210,55468,POINT (-757831.48 -1044384.66),True,2024-01-01 00:00:34,20231231_OB_539309_UKSH.xml.zip,2024-01-01 00:00:34,,
SO.25851926,25851926,1,6,2013-11-20,,10,8.0,4.0,1,1,1,2,204.0,1,456855,401004,876716210,328,2265540210,55468,POINT (-757822.24 -1044399.87),True,2015-09-01 00:22:16,20150831_OB_539309_UKSH.xml.gz,2015-09-01 00:22:16,2022-12-01 00:05:50,change
SO.25851926,25851926,1,6,2013-11-20,,10,8.0,4.0,1,1,1,2,204.0,1,456855,401004,876716210,328,2265540210,55468,POINT (-757822.24 -1044399.87),True,2022-12-01 00:05:50,20221130_OB_539309_UKSH.xml.zip,2022-12-01 00:05:50,2024-01-01 00:00:34,change
SO.25851926,25851926,1,6,2023-12-23,2006-12-31,10,8.0,4.0,1,1,1,2,205.0,3,3269822,5297922,876716210,328,2265540210,55468,POINT (-757822.24 -1044399.87),True,2024-01-01 00:00:34,20231231_OB_539309_UKSH.xml.zip,2024-01-01 00:00:34,,
SO.25851934,25851934,1,6,2013-11-20,,10,6.0,4.0,1,1,1,2,204.0,1,456855,401004,876717210,329,2265541210,55468,POINT (-757808.26 -1044410.38),True,2015-09-01 00:22:16,20150831_OB_539309_UKSH.xml.gz,2015-09-01 00:22:16,2022-12-01 00:05:50,change
SO.25851934,25851934,1,6,2013-11-20,,10,6.0,4.0,1,1,1,2,204.0,1,456855,401004,876717210,329,2265541210,55468,POINT (-757808.26 -1044410.38),True,2022-12-01 00:05:50,20221130_OB_539309_UKSH.xml.zip,2022-12-01 00:05:50,2024-01-01 00:00:34,change
SO.25851934,25851934,1,6,2023-12-23,2007-12-31,10,6.0,4.0,1,1,1,2,205.0,3,3269822,5297922,876717210,329,2265541210,55468,POINT (-757808.26 -1044410.38),True,2024-01-01 00:00:34,20231231_OB_539309_UKSH.xml.zip,2024-01-01 00:00:34,,
SO.25851942,25851942,1,6,2013-11-20,,10,6.0,4.0,1,1,1,2,204.0,1,456855,401004,876718210,330,2265542210,55468,POINT (-757798.86 -1044423.77),True,2015-09-01 00:22:16,20150831_OB_539309_UKSH.xml.gz,2015-09-01 00:22:16,2024-01-01 00:00:34,change
SO.25851942,25851942,1,6,2023-12-23,2007-12-31,10,9.0,4.0,1,1,1,2,204.0,3,3269822,5297922,876718210,330,2265542210,55468,POINT (-757798.86 -1044423.77),True,2024-01-01 00:00:34,20231231_OB_539309_UKSH.xml.zip,2024-01-01 00:00:34,,
SO.25851951,25851951,1,6,2013-11-20,,10,8.0,4.0,1,1,1,2,204.0,1,456855,401004,876719210,331,2265543210,55468,POINT (-757785.32 -1044435.09),True,2015-09-01 00:22:16,20150831_OB_539309_UKSH.xml.gz,2015-09-01 00:22:16,2024-01-01 00:00:34,change
SO.25851951,25851951,1,6,2023-12-23,2007-12-31,10,6.0,4.0,1,1,1,2,206.0,3,3269822,5297922,876719210,331,2265543210,55468,POINT (-757785.32 -1044435.09),True,2024-01-01 00:00:34,20231231_OB_539309_UKSH.xml.zip,2024-01-01 00:00:34,,
SO.25851969,25851969,1,6,2013-11-20,,10,8.0,4.0,1,1,1,9,204.0,1,456855,401004,876720210,332,2265544210,55468,POINT (-757776.87 -1044449.67),True,2015-09-01 00:22:16,20150831_OB_539309_UKSH.xml.gz,2015-09-01 00:22:16,2024-01-01 00:00:34,change
SO.25851969,25851969,1,6,2023-12-23,2007-12-31,10,6.0,4.0,1,1,1,2,205.0,3,3269822,5297922,876720210,332,2265544210,55468,POINT (-757776.87 -1044449.67),True,2024-01-01 00:00:34,20231231_OB_539309_UKSH.xml.zip,2024-01-01 00:00:34,,
SO.25851977,25851977,1,6,2013-11-20,,10,6.0,4.0,1,1,1,2,204.0,1,456855,401004,876312210,333,2267909210,55468,POINT (-757761.64 -1044459.94),True,2015-09-01 00:22:16,20150831_OB_539309_UKSH.xml.gz,2015-09-01 00:22:16,2024-01-01 00:00:34,change
SO.25851977,25851977,1,6,2023-12-23,2007-12-31,10,8.0,4.0,1,1,1,2,207.0,3,3269822,5297922,876312210,333,2267909210,55468,POINT (-757761.64 -1044459.94),True,2024-01-01 00:00:34,20231231_OB_539309_UKSH.xml.zip,2024-01-01 00:00:34,,
SO.25851985,25851985,1,6,2013-11-20,,10,6.0,4.0,1,1,1,2,204.0,1,456855,401004,876311210,334,2267910210,55468,POINT (-757753.38 -1044475.24),True,2015-09-01 00:22:16,20150831_OB_539309_UKSH.xml.gz,2015-09-01 00:22:16,2024-01-01 00:00:34,change
SO.25851985,25851985,1,6,2023-12-23,2007-12-31,10,6.0,4.0,1,1,1,2,205.0,3,3269822,5297922,876311210,334,2267910210,55468,POINT (-757753.38 -1044475.24),True,2024-01-01 00:00:34,20231231_OB_539309_UKSH.xml.zip,2024-01-01 00:00:34,,
SO.25851993,25851993,1,6,2013-11-20,,10,6.0,4.0,1,1,1,2,204.0,1,456855,401004,880150210,335,2272155210,55468,POINT (-757739.98 -1044486.01),True,2015-09-01 00:22:16,20150831_OB_539309_UKSH.xml.gz,2015-09-01 00:22:16,2024-01-01 00:00:34,change
SO.25851993,25851993,1,6,2023-12-23,2007-12-31,10,6.0,4.0,1,1,1,2,207.0,3,3269822,5297922,880150210,335,2272155210,55468,POINT (-757739.98 -1044486.01),True,2024-01-01 00:00:34,20231231_OB_539309_UKSH.xml.zip,2024-01-01 00:00:34,,
SO.25852001,25852001,1,12,2011-07-01,2005-01-01,,0.0,,,,,,,,0,0,864469210,336,2227820210,55468,POINT (-756877.18 -1045114.16),True,2015-09-01 00:22:16,20150831_OB_539309_UKSH.xml.gz,2015-09-01 00:22:16,2024-01-01 00:00:34,change
SO.25852001,25852001,1,12,2023-12-23,2005-01-01,,0.0,,,,,,662.0,,3269822,5297922,864469210,336,2227820210,55468,POINT (-756877.18 -1045114.16),True,2024-01-01 00:00:34,20231231_OB_539309_UKSH.xml.zip,2024-01-01 00:00:34,,
SO.25852019,25852019,1,,2014-02-20,2005-01-01,,1.0,,,,,,,,538614,529946,,337,1304390210,55468,POINT (-756165.38 -1043741.69),False,2015-09-01 00:22:16,20150831_OB_539309_UKSH.xml.gz,2015-09-01 00:22:16,2016-02-01 00:00:02,change
SO.25852019,25852019,1,7,2016-01-15,2005-01-01,,1.0,,,,,,115.0,,820920,1077964,,337,1304390210,55468,POINT (-756164.1 -1043739.26),False,2016-02-01 00:00:02,20160131_OB_539309_UKSH.xml.gz,2016-02-01 00:00:02,2016-04-01 00:31:14,change
SO.25852019,25852019,1,7,2016-03-02,2005-01-01,,1.0,,,,,,115.0,,863561,1143949,381100210,337,1304390210,55468,POINT (-756164.54 -1043736.77),True,2016-04-01 00:31:14,20160331_OB_539309_UKSH.xml.gz,2016-04-01 00:31:14,2020-09-01 00:10:15,change
SO.25852019,25852019,1,7,2020-08-10,2005-01-01,1,1.0,2.0,9,9,9,2,115.0,1,2309979,3462674,381100210,337,1304390210,55468,POINT (-756164.54 -1043736.77),True,2020-09-01 00:10:15,20200831_OB_539309_UKSH.xml.zip,2020-09-01 00:10:15,,
SO.25852027,25852027,1,7,2012-04-27,2005-01-01,1,1.0,2.0,1,1,1,2,213.0,1,35000,0,949126210,338,2462471210,55468,POINT (-757800.07 -1044120.15),True,2015-09-01 00:22:16,20150831_OB_539309_UKSH.xml.gz,2015-09-01 00:22:16,,
SO.25852035,25852035,1,,2011-07-01,2005-01-01,,,,,,,,,,0,0,,339,,55468,,False,2015-09-01 00:22:16,20150831_OB_539309_UKSH.xml.gz,2015-09-01 00:22:16,2018-04-01 00:06:07,removed
SO.25852043,25852043,1,7,2013-11-20,2005-01-01,1,1.0,,1,,1,,150.0,,456855,401004,962469210,340,2528117210,55468,POINT (-757747.79 -1043775.62),True,2015-09-01 00:22:16,20150831_OB_539309_UKSH.xml.gz,2015-09-01 00:22:16,2024-01-01 00:00:34,change
SO.25852043,25852043,1,7,2023-12-23,2005-01-01,1,1.0,1.0,1,1,1,2,150.0,1,3269822,5297922,962469210,340,2528117210,55468,POINT (-757747.79 -1043775.62),True,2024-01-01 00:00:34,20231231_OB_539309_UKSH.xml.zip,2024-01-01 00:00:34,,
SO.25852051,25852051,1,,2014-02-20,2005-01-01,,,,,,,,,,538671,530195,14574503010,341,2574659210,55468,POINT (-757811.58 -1043923.25),True,2015-09-01 00:22:16,20150831_OB_539309_UKSH.xml.gz,2015-09-01 00:22:16,2016-11-01 00:31:45,change
SO.25852051,25852051,1,7,2016-10-12,2005-01-01,,,,,,,,,,1111553,1491749,14574503010,341,2574659210,55468,POINT (-757811.58 -1043923.25),True,2016-11-01 00:31:45,20161031_OB_539309_UKSH.xml.gz,2016-11-01 00:31:45,2024-01-01 00:00:34,change
SO.25852051,25852051,1,7,2023-12-23,2005-01-01,1,1.0,1.0,1,1,1,2,105.0,1,3269822,5297922,14574503010,341,2574659210,55468,POINT (-757811.58 -1043923.25),True,2024-01-01 00:00:34,20231231_OB_539309_UKSH.xml.zip,2024-01-01 00:00:34,,
SO.25852060,25852060,1,7,2012-04-27,2011-04-06,1,1.0,2.0,1,1,1,2,154.0,1,34998,1885,948757210,342,2423444210,55468,POINT (-757666.12 -1043929.56),True,2015-09-01 00:22:16,20150831_OB_539309_UKSH.xml.gz,2015-09-01 00:22:16,,
SO.25852078,25852078,1,,2014-02-20,2005-01-01,4,1.0,2.0,1,,1,,145.0,,538304,548161,19944901010,343,2486509210,55468,POINT (-757833.2 -1044148.19),True,2015-09-01 00:22:16,20150831_OB_539309_UKSH.xml.gz,2015-09-01 00:22:16,2016-11-01 00:31:45,change
SO.25852078,25852078,1,7,2016-10-12,2005-01-01,4,1.0,2.0,1,,1,,145.0,,1111553,1491749,19944901010,343,2486509210,55468,POINT (-757833.2 -1044148.19),True,2016-11-01 00:31:45,20161031_OB_539309_UKSH.xml.gz,2016-11-01 00:31:45,2024-01-01 00:00:34,change
SO.25852078,25852078,1,7,2023-12-23,2005-01-01,4,1.0,2.0,1,1,1,2,145.0,1,3269822,5297922,19944901010,343,2486509210,55468,POINT (-757833.2 -1044148.19),True,2024-01-01 00:00:34,20231231_OB_539309_UKSH.xml.zip,2024-01-01 00:00:34,,
SO.25852086,25852086,1,7,2011-07-01,2005-01-01,1,1.0,2.0,1,,1,,155.0,,0,0,920555210,344,2410792210,55468,POINT (-757803.3 -1043804.21),True,2015-09-01 00:22:16,20150831_OB_539309_UKSH.xml.gz,2015-09-01 00:22:16,2024-01-01 00:00:34,change
SO.25852086,25852086,1,7,2023-12-23,2005-01-01,1,1.0,2.0,1,1,1,2,117.0,1,3269822,5297922,920555210,344,2410792210,55468,POINT (-757803.3 -1043804.21),True,2024-01-01 00:00:34,20231231_OB_539309_UKSH.xml.zip,2024-01-01 00:00:34,,
SO.25852094,25852094,1,,2011-07-01,2005-01-01,,,,,,,,,,0,0,,345,,55468,,False,2015-09-01 00:22:16,20150831_OB_539309_UKSH.xml.gz,2015-09-01 00:22:16,2018-04-01 00:06:07,change
SO.25852094,25852094,3,19,2018-03-14,2005-01-01,1,1.0,2.0,1,1,1,2,87.0,1,1719948,2350968,,,2407291210,,POINT (-757731.98 -1044213.52),False,2018-04-01 00:06:07,20180331_OB_539309_UKSH.xml.gz,2018-04-01 00:06:07,2025-11-01 00:06:17,removed
SO.25852108,25852108,1,7,2012-04-27,2012-02-09,1,1.0,2.0,1,1,1,2,66.0,1,34724,0,909290210,346,2368736210,55468,,True,2015-09-01 00:22:16,20150831_OB_539309_UKSH.xml.gz,2015-09-01 00:22:16,2016-10-01 00:21:34,change
SO.25852108,25852108,1,7,2016-09-27,2012-02-09,1,1.0,2.0,1,1,1,2,66.0,1,1093879,1468153,909290210,346,2368736210,55468,POINT (-758006.14 -1043795.36),True,2016-10-01 00:21:34,20160930_OB_539309_UKSH.xml.gz,2016-10-01 00:21:34,2020-02-01 00:11:13,change
SO.25852108,25852108,1,7,2016-09-27,2012-02-09,1,1.0,2.0,1,1,1,2,66.0,1,1093879,1468153,909290210,346,2368736210,55468,POINT (-758006.14 -1043795.36),True,2020-02-01 00:11:13,20200131_OB_539309_UKSH.xml.zip,2020-02-01 00:11:13,,
SO.25852116,25852116,1,7,2013-11-20,,10,1.0,2.0,1,1,1,2,102.0,1,456855,401004,868267210,347,2240703210,55468,POINT (-757777.28 -1044347.18),True,2015-09-01 00:22:16,20150831_OB_539309_UKSH.xml.gz,2015-09-01 00:22:16,2024-01-01 00:00:34,change
SO.25852116,25852116,1,7,2023-12-23,2006-12-31,10,1.0,3.0,1,1,1,2,97.0,1,3269822,5297922,868267210,347,2240703210,55468,POINT (-757777.28 -1044347.18),True,2024-01-01 00:00:34,20231231_OB_539309_UKSH.xml.zip,2024-01-01 00:00:34,,
SO.25852124,25852124,1,7,2013-11-20,2005-01-01,6,1.0,2.0,1,1,1,2,80.0,1,456855,401004,865080210,348,2230975210,55468,POINT (-757757.31 -1044371.04),True,2015-09-01 00:22:16,20150831_OB_539309_UKSH.xml.gz,2015-09-01 00:22:16,,
SO.25852132,25852132,1,7,2012-04-27,2011-12-16,1,1.0,2.0,1,1,1,2,196.0,1,35134,0,962694210,349,2525438210,55468,POINT (-757312.8 -1043883),True,2015-09-01 00:22:16,20150831_OB_539309_UKSH.xml.gz,2015-09-01 00:22:16,,
SO.25852141,25852141,1,7,2012-04-27,2011-10-04,1,1.0,2.0,1,1,1,2,127.0,1,34737,0,881301210,350,2280627210,55468,POINT (-757223.97 -1044430.8),True,2015-09-01 00:22:16,20150831_OB_539309_UKSH.xml.gz,2015-09-01 00:22:16,,
SO.26058839,26058839,1,7,2013-11-20,2006-07-01,10,1.0,2.0,1,1,1,2,115.0,1,456855,401004,867084210,392,2237510210,55468,POINT (-757643.4 -1044195.76),True,2015-09-01 00:22:16,20150831_OB_539309_UKSH.xml.gz,2015-09-01 00:22:16,2024-01-01 00:00:34,change
SO.26058839,26058839,1,7,2023-12-23,2006-07-01,10,2.0,2.0,1,1,1,2,216.0,3,3269822,5297922,867084210,392,2237510210,55468,POINT (-757643.4 -1044195.76),True,2024-01-01 00:00:34,20231231_OB_539309_UKSH.xml.zip,2024-01-01 00:00:34,,
SO.26059461,26059461,1,7,2013-11-20,2006-07-01,10,1.0,2.0,1,1,1,2,79.0,1,456855,401004,867092210,380,2237538210,55468,POINT (-757059.18 -1044928.26),True,2015-09-01 00:22:16,20150831_OB_539309_UKSH.xml.gz,2015-09-01 00:22:16,,
SO.26061414,26061414,1,7,2013-11-20,2006-07-01,9,1.0,2.0,1,1,1,9,79.0,1,456855,401004,867546210,362,2238777210,55468,POINT (-757122.88 -1044923.85),True,2015-09-01 00:22:16,20150831_OB_539309_UKSH.xml.gz,2015-09-01 00:22:16,2024-01-01 00:00:34,change
SO.26061414,26061414,1,7,2023-12-23,2006-07-01,9,1.0,2.0,1,1,1,2,79.0,1,3269822,5297922,867546210,362,2238777210,55468,POINT (-757122.88 -1044923.85),True,2024-01-01 00:00:34,20231231_OB_539309_UKSH.xml.zip,2024-01-01 00:00:34,,
SO.26061732,26061732,1,7,2013-11-20,2006-07-01,9,1.0,1.0,9,9,9,9,,9,456855,401004,867547210,351,2238782210,55468,POINT (-757139.47 -1044858.74),True,2015-09-01 00:22:16,20150831_OB_539309_UKSH.xml.gz,2015-09-01 00:22:16,2020-09-01 00:10:15,change
SO.26061732,26061732,1,7,2020-08-10,2006-07-01,1,1.0,1.0,1,1,1,2,,1,2309979,3462674,867547210,351,2238782210,55468,POINT (-757139.47 -1044858.74),True,2020-09-01 00:10:15,20200831_OB_539309_UKSH.xml.zip,2020-09-01 00:10:15,2024-01-01 00:00:34,change
SO.26061732,26061732,1,7,2023-12-23,2006-07-01,1,1.0,1.0,1,1,1,2,80.0,1,3269822,5297922,867547210,351,2238782210,55468,POINT (-757139.47 -1044858.74),True,2024-01-01 00:00:34,20231231_OB_539309_UKSH.xml.zip,2024-01-01 00:00:34,,
SO.26062160,26062160,1,7,2013-11-20,2006-07-01,10,1.0,2.0,1,1,1,2,187.0,1,456855,401004,884882210,394,2279377210,55468,POINT (-757813.59 -1044254.79),True,2015-09-01 00:22:16,20150831_OB_539309_UKSH.xml.gz,2015-09-01 00:22:16,,
SO.26063140,26063140,1,7,2013-11-20,2006-07-01,10,1.0,2.0,1,1,1,9,79.0,1,456855,401004,867105210,372,2237572210,55468,POINT (-757078.82 -1044905.45),True,2015-09-01 00:22:16,20150831_OB_539309_UKSH.xml.gz,2015-09-01 00:22:16,2024-01-01 00:00:34,change
SO.26063140,26063140,1,7,2023-12-23,2006-07-01,10,2.0,2.0,1,1,1,2,80.0,1,3269822,5297922,867105210,372,2237572210,55468,POINT (-757078.82 -1044905.45),True,2024-01-01 00:00:34,20231231_OB_539309_UKSH.xml.zip,2024-01-01 00:00:34,,
SO.26063379,26063379,1,7,2013-11-20,2006-07-01,10,1.0,2.0,1,1,1,2,79.0,1,456855,401004,867116210,376,2237582210,55468,POINT (-757055.39 -1044876.42),True,2015-09-01 00:22:16,20150831_OB_539309_UKSH.xml.gz,2015-09-01 00:22:16,2024-01-01 00:00:34,change
SO.26063379,26063379,1,7,2023-12-23,2006-07-01,10,1.0,2.0,1,1,1,2,78.0,1,3269822,5297922,867116210,376,2237582210,55468,POINT (-757055.39 -1044876.42),True,2024-01-01 00:00:34,20231231_OB_539309_UKSH.xml.zip,2024-01-01 00:00:34,,
SO.26064189,26064189,1,7,2013-11-20,2006-07-01,10,1.0,2.0,1,1,1,2,154.0,1,456855,401004,865998210,388,2233982210,55468,POINT (-757724.33 -1044361.36),True,2015-09-01 00:22:16,20150831_OB_539309_UKSH.xml.gz,2015-09-01 00:22:16,2024-01-01 00:00:34,change
SO.26064189,26064189,1,7,2023-12-23,2006-07-01,10,1.0,2.0,1,1,1,2,154.0,2,3269822,5297922,865998210,388,2233982210,55468,POINT (-757724.33 -1044361.36),True,2024-01-01 00:00:34,20231231_OB_539309_UKSH.xml.zip,2024-01-01 00:00:34,,
SO.26065258,26065258,1,7,2013-11-20,2006-07-01,10,1.0,2.0,1,1,1,2,79.0,1,456855,401004,867104210,371,2237564210,55468,POINT (-757077.37 -1044885.17),True,2015-09-01 00:22:16,20150831_OB_539309_UKSH.xml.gz,2015-09-01 00:22:16,,
SO.26065665,26065665,1,7,2013-11-20,2006-07-01,10,1.0,2.0,1,1,1,2,79.0,1,456855,401004,868947210,368,2239143210,55468,POINT (-757101.62 -1044925.11),True,2015-09-01 00:22:16,20150831_OB_539309_UKSH.xml.gz,2015-09-01 00:22:16,,
SO.26065762,26065762,1,7,2013-11-20,2006-07-01,4,1.0,3.0,1,1,1,9,198.0,1,456855,401004,867548210,352,2238783210,55468,POINT (-757140.1 -1044869.35),True,2015-09-01 00:22:16,20150831_OB_539309_UKSH.xml.gz,2015-09-01 00:22:16,2024-01-01 00:00:34,change
SO.26065762,26065762,1,7,2023-12-23,2006-07-01,4,1.0,3.0,1,1,1,2,78.0,1,3269822,5297922,867548210,352,2238783210,55468,POINT (-757140.1 -1044869.35),True,2024-01-01 00:00:34,20231231_OB_539309_UKSH.xml.zip,2024-01-01 00:00:34,,
SO.26065983,26065983,1,7,2013-11-20,2006-07-01,4,1.0,2.0,1,1,1,2,152.0,1,456855,401004,884502210,390,2275566210,55468,POINT (-757291.67 -1044385.45),True,2015-09-01 00:22:16,20150831_OB_539309_UKSH.xml.gz,2015-09-01 00:22:16,,
SO.26067099,26067099,1,7,2013-11-20,2006-07-01,9,1.0,2.0,1,1,1,9,79.0,1,456855,401004,868951210,359,2239169210,55468,POINT (-757119.57 -1044881.8),True,2015-09-01 00:22:16,20150831_OB_539309_UKSH.xml.gz,2015-09-01 00:22:16,2020-09-01 00:10:15,change
SO.26067099,26067099,1,7,2020-08-10,2006-07-01,1,1.0,2.0,1,1,1,2,79.0,1,2309980,3462675,868951210,359,2239169210,55468,POINT (-757119.57 -1044881.8),True,2020-09-01 00:10:15,20200831_OB_539309_UKSH.xml.zip,2020-09-01 00:10:15,,
SO.26067625,26067625,1,7,2013-11-20,,6,1.0,2.0,1,1,1,2,90.0,1,456855,401004,880603210,395,2280140210,55468,POINT (-757810.79 -1044153.52),True,2015-09-01 00:22:16,20150831_OB_539309_UKSH.xml.gz,2015-09-01 00:22:16,2024-01-01 00:00:34,change
SO.26067625,26067625,1,7,2023-12-23,2006-12-31,6,1.0,2.0,1,1,1,2,90.0,1,3269822,5297922,880603210,395,2280140210,55468,POINT (-757810.79 -1044153.52),True,2024-01-01 00:00:34,20231231_OB_539309_UKSH.xml.zip,2024-01-01 00:00:34,,
SO.26068648,26068648,1,7,2013-11-20,2006-07-01,10,1.0,2.0,1,1,1,2,79.0,1,456855,401004,868959210,355,2238802210,55468,POINT (-757143.42 -1044911.02),True,2015-09-01 00:22:16,20150831_OB_539309_UKSH.xml.gz,2015-09-01 00:22:16,2024-01-01 00:00:34,change
SO.26068648,26068648,1,7,2023-12-23,2006-07-01,10,1.0,2.0,1,1,1,2,78.0,1,3269822,5297922,868959210,355,2238802210,55468,POINT (-757143.42 -1044911.02),True,2024-01-01 00:00:34,20231231_OB_539309_UKSH.xml.zip,2024-01-01 00:00:34,,
SO.26068664,26068664,1,7,2013-11-20,2006-07-01,10,1.0,2.0,1,1,1,2,79.0,1,456855,401004,868958210,365,2238675210,55468,POINT (-757098.41 -1044883.71),True,2015-09-01 00:22:16,20150831_OB_539309_UKSH.xml.gz,2015-09-01 00:22:16,,
SO.26068915,26068915,1,7,2013-11-20,2006-07-01,10,1.0,2.0,1,1,1,2,79.0,1,456855,401004,867106210,373,2237575210,55468,POINT (-757079.89 -1044916.12),True,2015-09-01 00:22:16,20150831_OB_539309_UKSH.xml.gz,2015-09-01 00:22:16,2024-01-01 00:00:34,change
SO.26068915,26068915,1,7,2023-12-23,2006-07-01,10,1.0,2.0,1,1,1,2,78.0,1,3269822,5297922,867106210,373,2237575210,55468,POINT (-757079.89 -1044916.12),True,2024-01-01 00:00:34,20231231_OB_539309_UKSH.xml.zip,2024-01-01 00:00:34,,
SO.26069474,26069474,1,7,2013-11-20,2006-07-01,10,1.0,2.0,1,1,1,2,107.0,1,456855,401004,865997210,387,2233981210,55468,POINT (-757737.19 -1044345.28),True,2015-09-01 00:22:16,20150831_OB_539309_UKSH.xml.gz,2015-09-01 00:22:16,,
SO.26069521,26069521,1,7,2013-11-20,2006-07-01,6,1.0,2.0,1,1,1,2,149.0,1,456855,401004,877586210,389,2273280210,55468,POINT (-757639.67 -1044343.82),True,2015-09-01 00:22:16,20150831_OB_539309_UKSH.xml.gz,2015-09-01 00:22:16,,
SO.26069628,26069628,1,7,2013-11-20,2006-07-01,10,1.0,2.0,1,1,1,2,79.0,1,456855,401004,867079210,382,2237496210,55468,POINT (-757034.07 -1044878.17),True,2015-09-01 00:22:16,20150831_OB_539309_UKSH.xml.gz,2015-09-01 00:22:16,2024-01-01 00:00:34,change
SO.26069628,26069628,1,7,2023-12-23,2006-07-01,10,1.0,2.0,1,1,1,2,78.0,1,3269822,5297922,867079210,382,2237496210,55468,POINT (-757034.07 -1044878.17),True,2024-01-01 00:00:34,20231231_OB_539309_UKSH.xml.zip,2024-01-01 00:00:34,,
SO.26069709,26069709,1,7,2013-11-20,2006-07-01,7,1.0,2.0,1,1,1,2,135.0,1,456855,401004,889872210,398,2298033210,55468,POINT (-757884.22 -1044141.03),True,2015-09-01 00:22:16,20150831_OB_539309_UKSH.xml.gz,2015-09-01 00:22:16,2024-01-01 00:00:34,change
SO.26069709,26069709,1,7,2023-12-23,2006-07-01,7,1.0,2.0,1,1,1,2,130.0,3,3269822,5297922,889872210,398,2298033210,55468,POINT (-757884.22 -1044141.03),True,2024-01-01 00:00:34,20231231_OB_539309_UKSH.xml.zip,2024-01-01 00:00:34,,
SO.26071304,26071304,1,7,2013-11-20,2006-07-01,10,1.0,2.0,1,1,1,2,79.0,1,456855,401004,868945210,366,2239141210,55468,POINT (-757100.07 -1044903.66),True,2015-09-01 00:22:16,20150831_OB_539309_UKSH.xml.gz,2015-09-01 00:22:16,2024-01-01 00:00:34,change
SO.26071304,26071304,1,7,2023-12-23,2006-07-01,10,1.0,2.0,1,1,1,2,80.0,1,3269822,5297922,868945210,366,2239141210,55468,POINT (-757100.07 -1044903.66),True,2024-01-01 00:00:34,20231231_OB_539309_UKSH.xml.zip,2024-01-01 00:00:34,,
SO.26071461,26071461,1,7,2013-11-20,2006-07-01,10,1.0,2.0,1,1,1,2,79.0,1,456855,401004,868949210,358,2239168210,55468,POINT (-757119.02 -1044871.23),True,2015-09-01 00:22:16,20150831_OB_539309_UKSH.xml.gz,2015-09-01 00:22:16,2024-01-01 00:00:34,change
SO.26071461,26071461,1,7,2023-12-23,2006-07-01,10,1.0,2.0,1,1,1,2,78.0,1,3269822,5297922,868949210,358,2239168210,55468,POINT (-757119.02 -1044871.23),True,2024-01-01 00:00:34,20231231_OB_539309_UKSH.xml.zip,2024-01-01 00:00:34,,
SO.26071657,26071657,1,7,2013-11-20,2006-07-01,10,1.0,2.0,1,1,1,2,113.0,1,456855,401004,870850210,393,2248652210,55468,POINT (-757654.17 -1044378.78),True,2015-09-01 00:22:16,20150831_OB_539309_UKSH.xml.gz,2015-09-01 00:22:16,2024-01-01 00:00:34,change
SO.26071657,26071657,1,7,2023-12-23,2006-07-01,10,1.0,2.0,1,1,1,2,88.0,1,3269822,5297922,870850210,393,2248652210,55468,POINT (-757654.17 -1044378.78),True,2024-01-01 00:00:34,20231231_OB_539309_UKSH.xml.zip,2024-01-01 00:00:34,,
SO.26072149,26072149,1,7,2013-11-20,2006-07-01,10,1.0,2.0,1,1,1,2,79.0,1,456855,401004,868957210,364,2238674210,55468,POINT (-757097.58 -1044873.04),True,2015-09-01 00:22:16,20150831_OB_539309_UKSH.xml.gz,2015-09-01 00:22:16,2024-01-01 00:00:34,change
SO.26072149,26072149,1,7,2023-12-23,2006-07-01,10,1.0,2.0,1,1,1,2,78.0,1,3269822,5297922,868957210,364,2238674210,55468,POINT (-757097.58 -1044873.04),True,2024-01-01 00:00:34,20231231_OB_539309_UKSH.xml.zip,2024-01-01 00:00:34,,
SO.26072491,26072491,1,7,2013-11-20,2006-07-01,10,1.0,2.0,1,1,1,9,79.0,1,456855,401004,868956210,363,2238673210,55468,POINT (-757096.85 -1044862.21),True,2015-09-01 00:22:16,20150831_OB_539309_UKSH.xml.gz,2015-09-01 00:22:16,2024-01-01 00:00:34,change
SO.26072491,26072491,1,7,2023-12-23,2006-07-01,10,1.0,2.0,1,1,1,2,80.0,1,3269822,5297922,868956210,363,2238673210,55468,POINT (-757096.85 -1044862.21),True,2024-01-01 00:00:34,20231231_OB_539309_UKSH.xml.zip,2024-01-01 00:00:34,,
SO.26073170,26073170,1,7,2013-11-20,2006-07-01,,1.0,2.0,1,1,1,2,79.0,1,456855,401004,868960210,356,2238803210,55468,POINT (-757144.18 -1044921.93),True,2015-09-01 00:22:16,20150831_OB_539309_UKSH.xml.gz,2015-09-01 00:22:16,,
SO.26073480,26073480,1,7,2013-11-20,2006-07-01,10,0.0,1.0,1,1,1,2,,1,456855,401004,892312210,400,2303654210,55468,POINT (-757761.79 -1044400.83),True,2015-09-01 00:22:16,20150831_OB_539309_UKSH.xml.gz,2015-09-01 00:22:16,2022-12-01 00:05:50,change
SO.26073480,26073480,1,7,2022-11-08,2006-07-01,10,0.0,1.0,1,1,1,2,,1,2914941,4638379,892312210,400,2303654210,55468,POINT (-757761.68 -1044400.75),True,2022-12-01 00:05:50,20221130_OB_539309_UKSH.xml.zip,2022-12-01 00:05:50,2024-01-01 00:00:34,change
SO.26073480,26073480,1,7,2023-12-23,2006-07-01,10,1.0,2.0,1,1,1,2,93.0,1,3269822,5297922,892312210,400,2303654210,55468,POINT (-757761.68 -1044400.75),True,2024-01-01 00:00:34,20231231_OB_539309_UKSH.xml.zip,2024-01-01 00:00:34,,
SO.26073617,26073617,1,7,2013-11-20,2006-07-01,10,1.0,2.0,1,1,1,2,79.0,1,456855,401004,867090210,378,2237533210,55468,POINT (-757057.75 -1044906.93),True,2015-09-01 00:22:16,20150831_OB_539309_UKSH.xml.gz,2015-09-01 00:22:16,2024-01-01 00:00:34,change
SO.26073617,26073617,1,7,2023-12-23,2006-07-01,10,1.0,2.0,1,1,1,2,80.0,1,3269822,5297922,867090210,378,2237533210,55468,POINT (-757057.75 -1044906.93),True,2024-01-01 00:00:34,20231231_OB_539309_UKSH.xml.zip,2024-01-01 00:00:34,,
SO.26073838,26073838,1,7,2013-11-20,2006-07-01,10,1.0,2.0,1,1,1,2,79.0,1,456855,401004,867107210,374,2237577210,55468,POINT (-757080.38 -1044926.39),True,2015-09-01 00:22:16,20150831_OB_539309_UKSH.xml.gz,2015-09-01 00:22:16,,
SO.26073846,26073846,1,7,2013-11-20,2006-07-01,10,1.0,2.0,1,1,1,2,79.0,1,456855,401004,867664210,357,2239167210,55468,POINT (-757118.11 -1044860.72),True,2015-09-01 00:22:16,20150831_OB_539309_UKSH.xml.gz,2015-09-01 00:22:16,2024-01-01 00:00:34,change
SO.26073846,26073846,1,7,2023-12-23,2006-07-01,10,1.0,2.0,1,1,1,2,80.0,1,3269822,5297922,867664210,357,2239167210,55468,POINT (-757118.11 -1044860.72),True,2024-01-01 00:00:34,20231231_OB_539309_UKSH.xml.zip,2024-01-01 00:00:34,,
SO.26074834,26074834,1,7,2013-11-20,2006-07-01,10,1.0,2.0,1,1,1,2,79.0,1,456855,401004,867119210,385,2237568210,55468,POINT (-757037.24 -1044919.64),True,2015-09-01 00:22:16,20150831_OB_539309_UKSH.xml.gz,2015-09-01 00:22:16,2024-01-01 00:00:34,change
SO.26074834,26074834,1,7,2023-12-23,2006-07-01,10,1.0,2.0,1,1,1,2,78.0,1,3269822,5297922,867119210,385,2237568210,55468,POINT (-757037.24 -1044919.64),True,2024-01-01 00:00:34,20231231_OB_539309_UKSH.xml.zip,2024-01-01 00:00:34,,
SO.26075636,26075636,1,7,2013-11-20,2006-07-01,10,1.0,3.0,1,1,1,2,143.0,1,456855,401004,870307210,396,2246380210,55468,POINT (-757635.49 -1044301.29),True,2015-09-01 00:22:16,20150831_OB_539309_UKSH.xml.gz,2015-09-01 00:22:16,2024-01-01 00:00:34,change
SO.26075636,26075636,1,7,2023-12-23,2006-07-01,10,1.0,3.0,1,1,1,2,125.0,1,3269822,5297922,870307210,396,2246380210,55468,POINT (-757635.49 -1044301.29),True,2024-01-01 00:00:34,20231231_OB_539309_UKSH.xml.zip,2024-01-01 00:00:34,,
SO.26076276,26076276,1,7,2013-11-20,2006-07-01,10,1.0,2.0,1,1,1,2,79.0,1,456855,401004,867544210,360,2238775210,55468,POINT (-757121.06 -1044902.16),True,2015-09-01 00:22:16,20150831_OB_539309_UKSH.xml.gz,2015-09-01 00:22:16,2024-01-01 00:00:34,change
SO.26076276,26076276,1,7,2023-12-23,2006-07-01,10,1.0,2.0,1,1,1,2,80.0,1,3269822,5297922,867544210,360,2238775210,55468,POINT (-757121.06 -1044902.16),True,2024-01-01 00:00:34,20231231_OB_539309_UKSH.xml.zip,2024-01-01 00:00:34,,
SO.26076608,26076608,1,7,2013-11-20,2006-07-01,10,1.0,2.0,1,1,1,2,79.0,1,456855,401004,867103210,370,2237561210,55468,POINT (-757076.47 -1044874.85),True,2015-09-01 00:22:16,20150831_OB_539309_UKSH.xml.gz,2015-09-01 00:22:16,2024-01-01 00:00:34,change
SO.26076608,26076608,1,7,2023-12-23,2006-07-01,10,1.0,2.0,1,1,1,2,78.0,1,3269822,5297922,867103210,370,2237561210,55468,POINT (-757076.47 -1044874.85),True,2024-01-01 00:00:34,20231231_OB_539309_UKSH.xml.zip,2024-01-01 00:00:34,,
SO.26077230,26077230,1,7,2013-11-20,,6,1.0,3.0,1,1,1,2,110.0,1,456855,401004,874963210,391,2259762210,55468,POINT (-757789.65 -1043779.97),True,2015-09-01 00:22:16,20150831_OB_539309_UKSH.xml.gz,2015-09-01 00:22:16,2024-01-01 00:00:34,change
SO.26077230,26077230,1,7,2023-12-23,2007-12-31,6,1.0,3.0,1,1,1,2,84.0,1,3269822,5297922,874963210,391,2259762210,55468,POINT (-757789.65 -1043779.97),True,2024-01-01 00:00:34,20231231_OB_539309_UKSH.xml.zip,2024-01-01 00:00:34,,
SO.26078651,26078651,1,7,2013-11-20,2006-07-01,10,1.0,2.0,1,1,1,2,79.0,1,456855,401004,867545210,361,2238776210,55468,POINT (-757122.35 -1044912.73),True,2015-09-01 00:22:16,20150831_OB_539309_UKSH.xml.gz,2015-09-01 00:22:16,2024-01-01 00:00:34,change
SO.26078651,26078651,1,7,2023-12-23,2006-07-01,10,1.0,2.0,1,1,1,2,78.0,1,3269822,5297922,867545210,361,2238776210,55468,POINT (-757122.35 -1044912.73),True,2024-01-01 00:00:34,20231231_OB_539309_UKSH.xml.zip,2024-01-01 00:00:34,,
SO.26079356,26079356,1,7,2013-11-20,2006-07-01,10,1.0,2.0,1,1,1,2,79.0,1,456855,401004,868961210,354,2238801210,55468,POINT (-757142.48 -1044900.3),True,2015-09-01 00:22:16,20150831_OB_539309_UKSH.xml.gz,2015-09-01 00:22:16,2024-01-01 00:00:34,change
SO.26079356,26079356,1,7,2023-12-23,2006-07-01,10,2.0,2.0,1,1,1,2,80.0,3,3269822,5297922,868961210,354,2238801210,55468,POINT (-757142.48 -1044900.3),True,2024-01-01 00:00:34,20231231_OB_539309_UKSH.xml.zip,2024-01-01 00:00:34,,
SO.26079836,26079836,1,,2013-11-14,2006-07-01,,,,,,,,,,453423,395860,14847731010,397,19660345010,55468,POINT (-757215.58 -1043901.2),True,2015-09-01 00:22:16,20150831_OB_539309_UKSH.xml.gz,2015-09-01 00:22:16,2016-11-01 00:31:45,change
SO.26079836,26079836,1,7,2016-10-12,2006-07-01,,,,,,,,,,1111553,1491749,14847731010,397,19660345010,55468,POINT (-757215.58 -1043901.2),True,2016-11-01 00:31:45,20161031_OB_539309_UKSH.xml.gz,2016-11-01 00:31:45,2024-01-01 00:00:34,change
SO.26079836,26079836,1,7,2023-12-23,2006-07-01,1,1.0,1.0,1,1,1,2,225.0,1,3269822,5297922,14847731010,397,19660345010,55468,POINT (-757215.58 -1043901.2),True,2024-01-01 00:00:34,20231231_OB_539309_UKSH.xml.zip,2024-01-01 00:00:34,,
SO.26080001,26080001,1,7,2013-11-20,2006-07-01,10,1.0,2.0,1,1,1,2,79.0,1,456855,401004,868946210,367,2239142210,55468,POINT (-757101.06 -1044914.67),True,2015-09-01 00:22:16,20150831_OB_539309_UKSH.xml.gz,2015-09-01 00:22:16,2024-01-01 00:00:34,change
SO.26080001,26080001,1,7,2023-12-23,2006-07-01,10,1.0,2.0,1,1,1,2,78.0,1,3269822,5297922,868946210,367,2239142210,55468,POINT (-757101.06 -1044914.67),True,2024-01-01 00:00:34,20231231_OB_539309_UKSH.xml.zip,2024-01-01 00:00:34,,
SO.26080290,26080290,1,7,2013-11-20,2006-07-01,10,1.0,2.0,1,1,1,2,79.0,1,456855,401004,867115210,375,2237579210,55468,POINT (-757054.48 -1044865.23),True,2015-09-01 00:22:16,20150831_OB_539309_UKSH.xml.gz,2015-09-01 00:22:16,2024-01-01 00:00:34,change
SO.26080290,26080290,1,7,2023-12-23,2006-07-01,10,1.0,2.0,1,1,1,2,80.0,1,3269822,5297922,867115210,375,2237579210,55468,POINT (-757054.48 -1044865.23),True,2024-01-01 00:00:34,20231231_OB_539309_UKSH.xml.zip,2024-01-01 00:00:34,,
SO.26080770,26080770,1,7,2013-11-20,2006-07-01,9,1.0,1.0,9,9,9,9,,9,456855,401004,867549210,353,2238784210,55468,POINT (-757140.89 -1044880.13),True,2015-09-01 00:22:16,20150831_OB_539309_UKSH.xml.gz,2015-09-01 00:22:16,2020-09-01 00:10:15,change
SO.26080770,26080770,1,7,2020-08-10,2006-07-01,1,1.0,1.0,1,1,1,2,,1,2309979,3462674,867549210,353,2238784210,55468,POINT (-757140.89 -1044880.13),True,2020-09-01 00:10:15,20200831_OB_539309_UKSH.xml.zip,2020-09-01 00:10:15,2024-01-01 00:00:34,change
SO.26080770,26080770,1,7,2023-12-23,2006-07-01,1,1.0,1.0,1,1,1,2,79.0,1,3269822,5297922,867549210,353,2238784210,55468,POINT (-757140.89 -1044880.13),True,2024-01-01 00:00:34,20231231_OB_539309_UKSH.xml.zip,2024-01-01 00:00:34,,
SO.26081041,26081041,1,7,2013-11-20,2006-07-01,10,1.0,2.0,1,1,1,2,104.0,1,456855,401004,887159210,399,2296069210,55468,POINT (-757608.43 -1044276.71),True,2015-09-01 00:22:16,20150831_OB_539309_UKSH.xml.gz,2015-09-01 00:22:16,,
SO.26081938,26081938,1,7,2013-11-20,2006-07-01,10,1.0,2.0,1,1,1,2,79.0,1,456855,401004,867117210,377,2237584210,55468,POINT (-757056.02 -1044886.79),True,2015-09-01 00:22:16,20150831_OB_539309_UKSH.xml.gz,2015-09-01 00:22:16,,
SO.26082080,26082080,1,7,2013-11-20,2006-07-01,10,1.0,2.0,1,1,1,9,79.0,1,456855,401004,867078210,381,2237493210,55468,POINT (-757033.23 -1044867.09),True,2015-09-01 00:22:16,20150831_OB_539309_UKSH.xml.gz,2015-09-01 00:22:16,2024-01-01 00:00:34,change
SO.26082080,26082080,1,7,2023-12-23,2006-07-01,10,1.0,2.0,1,1,1,2,80.0,1,3269822,5297922,867078210,381,2237493210,55468,POINT (-757033.23 -1044867.09),True,2024-01-01 00:00:34,20231231_OB_539309_UKSH.xml.zip,2024-01-01 00:00:34,,
SO.26082411,26082411,1,7,2013-11-20,2006-07-01,10,1.0,2.0,1,1,1,2,79.0,1,456855,401004,867120210,386,2237570210,55468,POINT (-757038 -1044930.24),True,2015-09-01 00:22:16,20150831_OB_539309_UKSH.xml.gz,2015-09-01 00:22:16,,
SO.26082811,26082811,1,7,2013-11-20,2006-07-01,7,1.0,1.0,1,1,1,2,,1,456855,401004,867080210,383,2237498210,55468,POINT (-757034.83 -1044888.4),True,2015-09-01 00:22:16,20150831_OB_539309_UKSH.xml.gz,2015-09-01 00:22:16,2024-01-01 00:00:34,change
SO.26082811,26082811,1,7,2023-12-23,2006-07-01,7,1.0,1.0,1,1,1,2,80.0,1,3269822,5297922,867080210,383,2237498210,55468,POINT (-757034.83 -1044888.4),True,2024-01-01 00:00:34,20231231_OB_539309_UKSH.xml.zip,2024-01-01 00:00:34,,
SO.26084376,26084376,1,7,2013-11-20,2006-07-01,10,1.0,2.0,1,1,1,2,79.0,1,456855,401004,867091210,379,2237536210,55468,POINT (-757058.75 -1044917.52),True,2015-09-01 00:22:16,20150831_OB_539309_UKSH.xml.gz,2015-09-01 00:22:16,2024-01-01 00:00:34,change
SO.26084376,26084376,1,7,2023-12-23,2006-07-01,10,1.0,2.0,1,1,1,2,78.0,1,3269822,5297922,867091210,379,2237536210,55468,POINT (-757058.75 -1044917.52),True,2024-01-01 00:00:34,20231231_OB_539309_UKSH.xml.zip,2024-01-01 00:00:34,,
SO.26288524,26288524,1,12,2011-07-01,2002-02-08,,0.0,,,,,,,,0,0,381137210,210,1304357210,55468,POINT (-756427 -1043718.97),True,2015-09-01 00:22:16,20150831_OB_539309_UKSH.xml.gz,2015-09-01 00:22:16,2024-01-01 00:00:34,change
SO.26288524,26288524,1,12,2023-12-23,2002-02-08,,0.0,,,,,,2432.0,,3269822,5297922,381137210,210,1304357210,55468,POINT (-756427 -1043718.97),True,2024-01-01 00:00:34,20231231_OB_539309_UKSH.xml.zip,2024-01-01 00:00:34,2025-04-01 00:03:10,change
SO.26288524,26288524,1,12,2023-12-23,2002-02-08,,0.0,,,,,,2432.0,,3269822,5297922,381137210,210,1304357210,55468,POINT (-756427 -1043718.97),True,2025-04-01 00:03:10,20250331_OB_539309_UKSH.xml.zip,2025-04-01 00:03:10,2025-11-01 00:06:17,change
SO.26288524,26288524,1,12,2023-12-23,2002-02-08,,0.0,,,,,,2432.0,,3269822,5297922,381137210,210,1304357210,55468,POINT (-756427 -1043718.97),True,2025-11-01 00:06:17,20251031_OB_539309_UKSH.xml.zip,2025-11-01 00:06:17,,
SO.26540355,26540355,1,7,2013-11-20,2007-01-17,4,1.0,1.0,1,1,1,2,,1,456855,401004,882361210,404,2277264210,55468,POINT (-757871.9 -1044188.96),True,2015-09-01 00:22:16,20150831_OB_539309_UKSH.xml.gz,2015-09-01 00:22:16,2024-01-01 00:00:34,change
SO.26540355,26540355,1,7,2023-12-23,2007-01-17,4,1.0,2.0,1,1,1,2,132.0,1,3269822,5297922,882361210,404,2277264210,55468,POINT (-757871.9 -1044188.96),True,2024-01-01 00:00:34,20231231_OB_539309_UKSH.xml.zip,2024-01-01 00:00:34,,
SO.26540363,26540363,1,7,2013-11-20,2007-01-17,10,1.0,2.0,1,1,1,2,126.0,1,456855,401004,877627210,405,2273373210,55468,POINT (-757880.1 -1043773.62),True,2015-09-01 00:22:16,20150831_OB_539309_UKSH.xml.gz,2015-09-01 00:22:16,2024-01-01 00:00:34,change
SO.26540363,26540363,1,7,2023-12-23,2007-01-17,10,1.0,2.0,1,1,1,2,120.0,1,3269822,5297922,877627210,405,2273373210,55468,POINT (-757880.1 -1043773.62),True,2024-01-01 00:00:34,20231231_OB_539309_UKSH.xml.zip,2024-01-01 00:00:34,,
SO.26540371,26540371,1,7,2013-11-20,2007-01-17,4,1.0,2.0,1,1,1,9,118.0,1,456855,401004,890229210,406,2305995210,55468,POINT (-757767.71 -1043729.72),True,2015-09-01 00:22:16,20150831_OB_539309_UKSH.xml.gz,2015-09-01 00:22:16,2024-01-01 00:00:34,change
SO.26540371,26540371,1,7,2023-12-23,2007-01-17,4,1.0,2.0,1,1,1,2,118.0,1,3269822,5297922,890229210,406,2305995210,55468,POINT (-757767.71 -1043729.72),True,2024-01-01 00:00:34,20231231_OB_539309_UKSH.xml.zip,2024-01-01 00:00:34,,
SO.26540380,26540380,1,7,2013-11-20,2007-01-17,9,1.0,2.0,1,1,1,9,146.0,1,456855,401004,890798210,407,2301206210,55468,POINT (-757591.5 -1044390.06),True,2015-09-01 00:22:16,20150831_OB_539309_UKSH.xml.gz,2015-09-01 00:22:16,2024-01-01 00:00:34,change
SO.26540380,26540380,1,7,2023-12-23,2007-01-17,9,1.0,2.0,1,1,1,2,146.0,1,3269822,5297922,890798210,407,2301206210,55468,POINT (-757591.5 -1044390.06),True,2024-01-01 00:00:34,20231231_OB_539309_UKSH.xml.zip,2024-01-01 00:00:34,,
SO.26540398,26540398,1,7,2013-11-20,2007-01-17,10,1.0,2.0,1,1,1,2,86.0,1,456855,401004,874613210,408,2263020210,55468,POINT (-757806.89 -1044361.83),True,2015-09-01 00:22:16,20150831_OB_539309_UKSH.xml.gz,2015-09-01 00:22:16,,
SO.26540401,26540401,1,7,2013-11-20,2007-01-17,4,1.0,2.0,1,1,1,2,118.0,1,456855,401004,886986210,409,2299993210,55468,POINT (-758005.03 -1043813.26),True,2015-09-01 00:22:16,20150831_OB_539309_UKSH.xml.gz,2015-09-01 00:22:16,2022-12-01 00:05:50,change
SO.26540401,26540401,1,7,2013-11-20,2007-01-17,4,1.0,2.0,1,1,1,2,118.0,1,456855,401004,886986210,409,2299993210,55468,POINT (-758005.03 -1043813.26),True,2022-12-01 00:05:50,20221130_OB_539309_UKSH.xml.zip,2022-12-01 00:05:50,,
SO.26540410,26540410,1,7,2013-11-20,2007-01-17,6,1.0,2.0,1,1,1,2,128.0,1,456855,401004,890537210,410,2297319210,55468,POINT (-757938.88 -1043885.87),True,2015-09-01 00:22:16,20150831_OB_539309_UKSH.xml.gz,2015-09-01 00:22:16,,
SO.26540428,26540428,1,7,2013-11-20,2007-02-28,4,1.0,2.0,1,1,1,2,96.0,1,456855,401004,879782210,411,2271684210,55468,POINT (-757920.97 -1043895.52),True,2015-09-01 00:22:16,20150831_OB_539309_UKSH.xml.gz,2015-09-01 00:22:16,,
SO.26540436,26540436,1,7,2013-11-20,2007-02-28,10,1.0,2.0,1,1,1,2,185.0,1,456855,401004,765742210,412,2083006210,55468,POINT (-757147.86 -1044440.06),True,2015-09-01 00:22:16,20150831_OB_539309_UKSH.xml.gz,2015-09-01 00:22:16,,
SO.26540444,26540444,1,7,2013-11-20,2007-02-28,4,1.0,2.0,1,1,1,2,109.0,1,456855,401004,891737210,413,2312016210,55468,POINT (-757815.86 -1044006.01),True,2015-09-01 00:22:16,20150831_OB_539309_UKSH.xml.gz,2015-09-01 00:22:16,2022-11-01 00:06:54,change
SO.26540444,26540444,1,7,2013-11-20,2007-02-28,4,1.0,2.0,1,1,1,2,109.0,1,456855,401004,891737210,413,2312016210,55468,POINT (-757815.86 -1044006.01),True,2022-11-01 00:06:54,20221031_OB_539309_UKSH.xml.zip,2022-11-01 00:06:54,,
SO.26540452,26540452,1,7,2013-11-20,2007-02-28,10,1.0,2.0,1,1,1,2,253.0,1,456855,401004,889580210,414,2310140210,55468,POINT (-757977.94 -1043869.08),True,2015-09-01 00:22:16,20150831_OB_539309_UKSH.xml.gz,2015-09-01 00:22:16,2024-01-01 00:00:34,change
SO.26540452,26540452,1,7,2023-12-23,2007-02-28,10,1.0,2.0,1,1,1,2,222.0,1,3269822,5297922,889580210,414,2310140210,55468,POINT (-757977.94 -1043869.08),True,2024-01-01 00:00:34,20231231_OB_539309_UKSH.xml.zip,2024-01-01 00:00:34,,
SO.26540461,26540461,1,7,2013-11-20,2007-02-28,7,1.0,2.0,1,1,1,2,114.0,1,456855,401004,888091210,415,2300810210,55468,POINT (-757788.89 -1043859.99),True,2015-09-01 00:22:16,20150831_OB_539309_UKSH.xml.gz,2015-09-01 00:22:16,2024-01-01 00:00:34,change
SO.26540461,26540461,1,7,2023-12-23,2007-02-28,7,1.0,2.0,1,1,1,2,132.0,1,3269822,5297922,888091210,415,2300810210,55468,POINT (-757788.89 -1043859.99),True,2024-01-01 00:00:34,20231231_OB_539309_UKSH.xml.zip,2024-01-01 00:00:34,,
SO.26540479,26540479,1,7,2013-11-20,2007-02-28,10,1.0,2.0,1,1,1,2,130.0,1,456855,401004,892392210,416,2295861210,55468,POINT (-757700.94 -1044281.38),True,2015-09-01 00:22:16,20150831_OB_539309_UKSH.xml.gz,2015-09-01 00:22:16,2024-01-01 00:00:34,change
SO.26540479,26540479,1,7,2023-12-23,2007-02-28,10,1.0,2.0,1,1,1,2,136.0,1,3269822,5297922,892392210,416,2295861210,55468,POINT (-757700.94 -1044281.38),True,2024-01-01 00:00:34,20231231_OB_539309_UKSH.xml.zip,2024-01-01 00:00:34,,
SO.26540487,26540487,1,7,2013-11-20,2007-02-28,10,1.0,2.0,1,1,1,2,160.0,1,456855,401004,887712210,417,2295807210,55468,POINT (-757106.87 -1044364.81),True,2015-09-01 00:22:16,20150831_OB_539309_UKSH.xml.gz,2015-09-01 00:22:16,2024-01-01 00:00:34,change
SO.26540487,26540487,1,7,2023-12-23,2007-02-28,10,1.0,2.0,1,1,1,2,285.0,1,3269822,5297922,887712210,417,2295807210,55468,POINT (-757105.34 -1044367.82),True,2024-01-01 00:00:34,20231231_OB_539309_UKSH.xml.zip,2024-01-01 00:00:34,,
SO.26540495,26540495,1,7,2013-11-20,2007-02-28,6,1.0,1.0,1,1,1,2,,1,456855,401004,892951210,418,2316015210,55468,POINT (-757785.32 -1043919.35),True,2015-09-01 00:22:16,20150831_OB_539309_UKSH.xml.gz,2015-09-01 00:22:16,2024-01-01 00:00:34,change
SO.26540495,26540495,1,7,2023-12-23,2007-02-28,6,1.0,2.0,1,1,1,2,194.0,1,3269822,5297922,892951210,418,2316015210,55468,POINT (-757785.32 -1043919.35),True,2024-01-01 00:00:34,20231231_OB_539309_UKSH.xml.zip,2024-01-01 00:00:34,,
SO.26540509,26540509,1,7,2013-11-20,2007-02-28,6,1.0,2.0,1,1,1,2,99.0,1,456855,401004,890630210,419,2314455210,55468,POINT (-757743.35 -1044163),True,2015-09-01 00:22:16,20150831_OB_539309_UKSH.xml.gz,2015-09-01 00:22:16,,
SO.26540517,26540517,1,7,2013-11-20,2007-02-28,9,1.0,2.0,1,1,1,9,156.0,1,456855,401004,705997210,420,1983731210,55468,POINT (-757416.47 -1043790.81),True,2015-09-01 00:22:16,20150831_OB_539309_UKSH.xml.gz,2015-09-01 00:22:16,2022-12-01 00:05:50,change
SO.26540517,26540517,1,7,2013-11-20,2007-02-28,9,1.0,2.0,1,1,1,9,156.0,1,456855,401004,705997210,420,1983731210,55468,POINT (-757416.47 -1043790.81),True,2022-12-01 00:05:50,20221130_OB_539309_UKSH.xml.zip,2022-12-01 00:05:50,2024-01-01 00:00:34,change
SO.26540517,26540517,1,7,2023-12-23,2007-02-28,9,1.0,2.0,1,1,1,2,113.0,1,3269822,5297922,705997210,420,1983731210,55468,POINT (-757416.47 -1043790.81),True,2024-01-01 00:00:34,20231231_OB_539309_UKSH.xml.zip,2024-01-01 00:00:34,,
SO.26540525,26540525,1,7,2013-11-20,2007-02-28,6,1.0,2.0,1,1,1,2,111.0,1,456855,401004,888009210,421,2296509210,55468,POINT (-757675.51 -1044466.4),True,2015-09-01 00:22:16,20150831_OB_539309_UKSH.xml.gz,2015-09-01 00:22:16,2024-01-01 00:00:34,change
SO.26540525,26540525,1,7,2023-12-23,2007-02-28,6,1.0,2.0,1,1,1,2,54.0,1,3269822,5297922,888009210,421,2296509210,55468,POINT (-757675.51 -1044466.4),True,2024-01-01 00:00:34,20231231_OB_539309_UKSH.xml.zip,2024-01-01 00:00:34,,
SO.26540533,26540533,1,7,2013-11-20,2007-02-28,10,1.0,1.0,1,1,1,2,,1,456855,401004,866159210,422,2234496210,55468,POINT (-757705.22 -1044171.71),True,2015-09-01 00:22:16,20150831_OB_539309_UKSH.xml.gz,2015-09-01 00:22:16,2024-01-01 00:00:34,change
SO.26540533,26540533,1,7,2023-12-23,2007-02-28,10,1.0,2.0,1,1,1,2,127.0,1,3269822,5297922,866159210,422,2234496210,55468,POINT (-757705.22 -1044171.71),True,2024-01-01 00:00:34,20231231_OB_539309_UKSH.xml.zip,2024-01-01 00:00:34,,
SO.26540541,26540541,1,7,2013-11-20,2007-02-28,10,1.0,2.0,1,1,1,2,165.0,1,456855,401004,886177210,423,2297029210,55468,POINT (-757854.52 -1044232.77),True,2015-09-01 00:22:16,20150831_OB_539309_UKSH.xml.gz,2015-09-01 00:22:16,2024-01-01 00:00:34,change
SO.26540541,26540541,1,7,2023-12-23,2007-02-28,10,1.0,2.0,1,1,1,2,116.0,1,3269822,5297922,886177210,423,2297029210,55468,POINT (-757854.52 -1044232.77),True,2024-01-01 00:00:34,20231231_OB_539309_UKSH.xml.zip,2024-01-01 00:00:34,,
SO.26540568,26540568,1,7,2013-11-20,2007-02-28,10,1.0,3.0,1,1,1,2,400.0,1,456855,401004,882789210,425,2281647210,55468,POINT (-757795.93 -1043833.16),True,2015-09-01 00:22:16,20150831_OB_539309_UKSH.xml.gz,2015-09-01 00:22:16,2024-01-01 00:00:34,change
SO.26540568,26540568,1,7,2023-12-23,2007-02-28,10,1.0,3.0,1,1,1,2,243.0,1,3269822,5297922,882789210,425,2281647210,55468,POINT (-757795.93 -1043833.16),True,2024-01-01 00:00:34,20231231_OB_539309_UKSH.xml.zip,2024-01-01 00:00:34,,
SO.26540576,26540576,1,7,2013-11-20,2007-02-28,10,1.0,2.0,1,1,1,2,134.0,1,456855,401004,878797210,426,2277070210,55468,POINT (-757951.65 -1043836.84),True,2015-09-01 00:22:16,20150831_OB_539309_UKSH.xml.gz,2015-09-01 00:22:16,2024-01-01 00:00:34,change
SO.26540576,26540576,1,7,2023-12-23,2007-02-28,10,1.0,3.0,1,1,1,2,135.0,1,3269822,5297922,878797210,426,2277070210,55468,POINT (-757951.65 -1043836.84),True,2024-01-01 00:00:34,20231231_OB_539309_UKSH.xml.zip,2024-01-01 00:00:34,2024-09-01 00:02:29,change
SO.26540576,26540576,1,7,2024-08-05,2007-02-28,10,1.0,3.0,1,1,1,2,157.0,1,3622671,5840175,878797210,426,2277070210,55468,POINT (-757951.65 -1043836.84),True,2024-09-01 00:02:29,20240831_OB_539309_UKSH.xml.zip,2024-09-01 00:02:29,,
SO.26540584,26540584,1,7,2011-07-01,2007-02-28,,3.0,6.0,1,1,1,,,1,0,0,14987274010,424,2296512210,55468,POINT (-757682.62 -1044451.93),True,2015-09-01 00:22:16,20150831_OB_539309_UKSH.xml.gz,2015-09-01 00:22:16,2016-01-01 00:00:01,change
SO.26540584,26540584,1,7,2011-07-01,2007-02-28,,3.0,6.0,1,1,1,,,1,0,1031514,,424,2296512210,55468,POINT (-757682.62 -1044451.93),False,2016-01-01 00:00:01,20151231_OB_539309_UKSH.xml.gz,2016-01-01 00:00:01,2016-04-01 00:31:14,removed
SO.26540592,26540592,1,7,2011-07-01,2007-02-28,,1.0,2.0,1,1,1,,111.0,1,0,0,888008210,428,2296507210,55468,POINT (-757670.18 -1044462.31),True,2015-09-01 00:22:16,20150831_OB_539309_UKSH.xml.gz,2015-09-01 00:22:16,2024-01-01 00:00:34,change
SO.26540592,26540592,1,7,2023-12-23,2007-02-28,6,1.0,2.0,1,1,1,2,111.0,1,3269822,5297922,888008210,428,2296507210,55468,POINT (-757670.51 -1044462.89),True,2024-01-01 00:00:34,20231231_OB_539309_UKSH.xml.zip,2024-01-01 00:00:34,,
SO.26540606,26540606,1,7,2013-11-20,2007-02-28,10,1.0,2.0,1,1,1,2,120.0,1,456855,401004,870266210,429,2246342210,55468,POINT (-757472.93 -1043860.53),True,2015-09-01 00:22:16,20150831_OB_539309_UKSH.xml.gz,2015-09-01 00:22:16,2024-01-01 00:00:34,change
SO.26540606,26540606,1,7,2023-12-23,2007-02-28,10,1.0,2.0,1,1,1,2,141.0,1,3269822,5297922,870266210,429,2246342210,55468,POINT (-757472.93 -1043860.53),True,2024-01-01 00:00:34,20231231_OB_539309_UKSH.xml.zip,2024-01-01 00:00:34,,
SO.26540614,26540614,1,7,2013-11-20,2007-02-28,10,1.0,3.0,1,1,1,2,182.0,1,456855,401004,886909210,430,2296717210,55468,POINT (-757651.12 -1044278.06),True,2015-09-01 00:22:16,20150831_OB_539309_UKSH.xml.gz,2015-09-01 00:22:16,2024-01-01 00:00:34,change
SO.26540614,26540614,1,7,2023-12-23,2007-02-28,10,1.0,3.0,1,1,1,2,172.0,1,3269822,5297922,886909210,430,2296717210,55468,POINT (-757651.12 -1044278.06),True,2024-01-01 00:00:34,20231231_OB_539309_UKSH.xml.zip,2024-01-01 00:00:34,,
SO.26540622,26540622,1,7,2013-11-20,2007-02-28,9,1.0,1.0,9,9,9,9,,9,456855,401004,447387210,431,1517030210,55468,POINT (-756903.9 -1043877.24),True,2015-09-01 00:22:16,20150831_OB_539309_UKSH.xml.gz,2015-09-01 00:22:16,2022-04-01 00:08:13,change
SO.26540622,26540622,1,7,2013-11-20,2007-02-28,9,1.0,1.0,9,9,9,9,,9,456855,401004,447387210,431,1517030210,55468,POINT (-756903.9 -1043877.24),True,2022-04-01 00:08:13,20220331_OB_539309_UKSH.xml.zip,2022-04-01 00:08:13,2024-01-01 00:00:34,change
SO.26540622,26540622,1,7,2023-12-23,2007-02-28,9,1.0,1.0,9,9,9,9,212.0,9,3269822,5297922,447387210,431,1517030210,55468,POINT (-756903.9 -1043877.24),True,2024-01-01 00:00:34,20231231_OB_539309_UKSH.xml.zip,2024-01-01 00:00:34,,
SO.26540631,26540631,1,7,2012-04-27,2007-02-28,1,1.0,3.0,1,1,1,2,127.0,1,34676,0,951780210,432,2499266210,55468,POINT (-757617.29 -1044090.17),True,2015-09-01 00:22:16,20150831_OB_539309_UKSH.xml.gz,2015-09-01 00:22:16,,
SO.26540649,26540649,1,3,2014-08-04,2007-02-28,1,1.0,2.0,1,1,1,2,186.0,1,602299,652199,,433,2316812210,55468,POINT (-757904.74 -1044257.64),False,2015-09-01 00:22:16,20150831_OB_539309_UKSH.xml.gz,2015-09-01 00:22:16,2017-08-01 00:09:11,change
SO.26540649,26540649,1,3,2017-07-11,2007-02-28,1,1.0,2.0,1,1,1,2,186.0,1,1434239,1940332,891207210,433,2316812210,55468,POINT (-757901.79 -1044253.64),True,2017-08-01 00:09:11,20170731_OB_539309_UKSH.xml.gz,2017-08-01 00:09:11,2018-01-01 00:05:34,change
SO.26540649,26540649,1,7,2017-12-14,2007-02-28,1,1.0,2.0,1,1,1,2,186.0,1,1612606,2196711,891207210,433,2316812210,55468,POINT (-757901.79 -1044253.64),True,2018-01-01 00:05:34,20171231_OB_539309_UKSH.xml.gz,2018-01-01 00:05:34,2022-12-01 00:05:50,change
SO.26540649,26540649,1,7,2017-12-14,2007-02-28,1,1.0,2.0,1,1,1,2,186.0,1,1612606,2196711,891207210,433,2316812210,55468,POINT (-757901.79 -1044253.64),True,2022-12-01 00:05:50,20221130_OB_539309_UKSH.xml.zip,2022-12-01 00:05:50,2026-02-01 00:00:48,change
SO.26540649,26540649,1,7,2026-01-08,2007-02-28,1,1.0,2.0,1,1,1,2,186.0,11,4852736,7496056,891207210,433,2316812210,55468,POINT (-757901.79 -1044253.64),True,2026-02-01 00:00:48,20260131_OB_539309_UKSH.xml.zip,2026-02-01 00:00:48,,
SO.26540657,26540657,1,7,2013-11-20,2007-02-28,10,1.0,2.0,1,1,1,2,164.0,1,456855,401004,877525210,434,2268011210,55468,POINT (-757927.7 -1043859.97),True,2015-09-01 00:22:16,20150831_OB_539309_UKSH.xml.gz,2015-09-01 00:22:16,2024-01-01 00:00:34,change
SO.26540657,26540657,1,7,2023-12-23,2007-02-28,10,1.0,2.0,1,1,1,2,89.0,1,3269822,5297922,877525210,434,2268011210,55468,POINT (-757927.7 -1043859.97),True,2024-01-01 00:00:34,20231231_OB_539309_UKSH.xml.zip,2024-01-01 00:00:34,,
SO.26540673,26540673,1,7,2013-11-20,2007-02-28,6,1.0,2.0,1,1,1,2,144.0,1,456855,401004,892690210,436,2320497210,55468,POINT (-757724.72 -1044164.24),True,2015-09-01 00:22:16,20150831_OB_539309_UKSH.xml.gz,2015-09-01 00:22:16,2024-01-01 00:00:34,change
SO.26540673,26540673,1,7,2023-12-23,2007-02-28,6,1.0,2.0,1,1,1,2,88.0,1,3269822,5297922,892690210,436,2320497210,55468,POINT (-757724.72 -1044164.24),True,2024-01-01 00:00:34,20231231_OB_539309_UKSH.xml.zip,2024-01-01 00:00:34,,
SO.26540681,26540681,1,7,2013-11-20,2007-02-28,1,2.0,,1,1,1,2,247.0,1,456855,401004,878265210,437,2272847210,55468,POINT (-757774.05 -1044293.99),True,2015-09-01 00:22:16,20150831_OB_539309_UKSH.xml.gz,2015-09-01 00:22:16,2022-12-01 00:05:50,change
SO.26540681,26540681,1,7,2013-11-20,2007-02-28,1,2.0,,1,1,1,2,247.0,1,456855,401004,878265210,437,2272847210,55468,POINT (-757774.05 -1044293.99),True,2022-12-01 00:05:50,20221130_OB_539309_UKSH.xml.zip,2022-12-01 00:05:50,2024-01-01 00:00:34,change
SO.26540681,26540681,1,7,2023-12-23,2007-02-28,1,2.0,2.0,1,1,1,2,247.0,1,3269822,5297922,878265210,437,2272847210,55468,POINT (-757774.05 -1044293.99),True,2024-01-01 00:00:34,20231231_OB_539309_UKSH.xml.zip,2024-01-01 00:00:34,,
SO.26540690,26540690,1,7,2013-11-20,2007-02-28,1,1.0,3.0,1,9,1,2,170.0,1,456855,401004,878372210,438,2275720210,55468,POINT (-757742 -1044234),True,2015-09-01 00:22:16,20150831_OB_539309_UKSH.xml.gz,2015-09-01 00:22:16,2024-01-01 00:00:34,change
SO.26540690,26540690,1,7,2023-12-23,2007-02-28,1,1.0,3.0,1,1,1,2,170.0,1,3269822,5297922,878372210,438,2275720210,55468,POINT (-757742 -1044234),True,2024-01-01 00:00:34,20231231_OB_539309_UKSH.xml.zip,2024-01-01 00:00:34,,
SO.26540703,26540703,1,7,2013-11-20,2007-02-28,10,1.0,2.0,1,1,1,2,124.0,1,456855,401004,823725210,439,2166171210,55468,POINT (-757446.77 -1043849.56),True,2015-09-01 00:22:16,20150831_OB_539309_UKSH.xml.gz,2015-09-01 00:22:16,2024-01-01 00:00:34,change
SO.26540703,26540703,1,7,2023-12-23,2007-02-28,10,1.0,3.0,1,1,1,2,159.0,1,3269822,5297922,823725210,439,2166171210,55468,POINT (-757446.77 -1043849.56),True,2024-01-01 00:00:34,20231231_OB_539309_UKSH.xml.zip,2024-01-01 00:00:34,,
SO.26540711,26540711,1,7,2013-11-20,2007-02-28,10,1.0,2.0,1,1,1,2,122.0,1,456855,401004,899715210,440,2298336210,55468,POINT (-757406.45 -1043834.91),True,2015-09-01 00:22:16,20150831_OB_539309_UKSH.xml.gz,2015-09-01 00:22:16,2024-01-01 00:00:34,change
SO.26540711,26540711,1,7,2023-12-23,2007-02-28,10,1.0,2.0,1,1,1,2,121.0,1,3269822,5297922,899715210,440,2298336210,55468,POINT (-757406.45 -1043834.91),True,2024-01-01 00:00:34,20231231_OB_539309_UKSH.xml.zip,2024-01-01 00:00:34,,
SO.26540720,26540720,1,7,2013-11-20,2007-02-28,10,1.0,2.0,1,1,1,2,120.0,1,456855,401004,866957210,441,2237080210,55468,POINT (-756159.32 -1043764.17),True,2015-09-01 00:22:16,20150831_OB_539309_UKSH.xml.gz,2015-09-01 00:22:16,2024-01-01 00:00:34,change
SO.26540720,26540720,1,7,2023-12-23,2007-02-28,10,1.0,2.0,1,1,1,2,121.0,1,3269822,5297922,866957210,441,2237080210,55468,POINT (-756159.32 -1043764.17),True,2024-01-01 00:00:34,20231231_OB_539309_UKSH.xml.zip,2024-01-01 00:00:34,,
SO.26540738,26540738,1,7,2013-11-20,2007-02-28,10,1.0,2.0,1,1,1,2,118.0,1,456855,401004,889168210,442,2308656210,55468,POINT (-757900.89 -1043903.67),True,2015-09-01 00:22:16,20150831_OB_539309_UKSH.xml.gz,2015-09-01 00:22:16,,
SO.26540746,26540746,1,7,2013-11-20,2007-02-28,4,1.0,2.0,1,1,1,9,96.0,1,456855,401004,890596210,443,2314394210,55468,POINT (-757590.17 -1043855),True,2015-09-01 00:22:16,20150831_OB_539309_UKSH.xml.gz,2015-09-01 00:22:16,2024-01-01 00:00:34,change
SO.26540746,26540746,1,7,2023-12-23,2007-02-28,4,1.0,2.0,1,1,1,2,96.0,1,3269822,5297922,890596210,443,2314394210,55468,POINT (-757590.17 -1043855),True,2024-01-01 00:00:34,20231231_OB_539309_UKSH.xml.zip,2024-01-01 00:00:34,,
SO.26540754,26540754,1,7,2013-11-20,2007-02-28,6,1.0,2.0,1,1,1,2,105.0,1,456855,401004,891229210,444,2316876210,55468,POINT (-757214.35 -1043997.33),True,2015-09-01 00:22:16,20150831_OB_539309_UKSH.xml.gz,2015-09-01 00:22:16,2024-01-01 00:00:34,change
SO.26540754,26540754,1,7,2023-12-23,2007-02-28,6,1.0,2.0,1,1,1,2,101.0,4,3269822,5297922,891229210,444,2316876210,55468,POINT (-757214.35 -1043997.33),True,2024-01-01 00:00:34,20231231_OB_539309_UKSH.xml.zip,2024-01-01 00:00:34,,
SO.26540762,26540762,1,7,2013-11-20,2007-02-28,9,1.0,2.0,1,1,1,9,121.0,1,456855,401004,889731210,445,2309016210,55468,POINT (-757148.79 -1044979.97),True,2015-09-01 00:22:16,20150831_OB_539309_UKSH.xml.gz,2015-09-01 00:22:16,2024-01-01 00:00:34,change
SO.26540762,26540762,1,7,2023-12-23,2007-02-28,9,1.0,2.0,1,1,1,2,121.0,1,3269822,5297922,889731210,445,2309016210,55468,POINT (-757148.79 -1044979.97),True,2024-01-01 00:00:34,20231231_OB_539309_UKSH.xml.zip,2024-01-01 00:00:34,,
SO.26540771,26540771,1,7,2013-11-20,2007-02-28,10,1.0,2.0,1,1,1,2,88.0,1,456855,401004,889725210,446,2309019210,55468,POINT (-757149.63 -1044995.25),True,2015-09-01 00:22:16,20150831_OB_539309_UKSH.xml.gz,2015-09-01 00:22:16,,
SO.26540789,26540789,1,7,2013-11-20,2007-02-28,10,1.0,2.0,1,1,1,2,114.0,1,456855,401004,889715210,447,2309023210,55468,POINT (-757150.23 -1045008.52),True,2015-09-01 00:22:16,20150831_OB_539309_UKSH.xml.gz,2015-09-01 00:22:16,,
SO.26540797,26540797,1,7,2013-11-20,2007-02-28,10,1.0,2.0,1,1,1,9,121.0,1,456855,401004,903942210,448,2356517210,55468,POINT (-757151.08 -1045021.82),True,2015-09-01 00:22:16,20150831_OB_539309_UKSH.xml.gz,2015-09-01 00:22:16,2024-01-01 00:00:34,change
SO.26540797,26540797,1,7,2023-12-23,2007-02-28,10,1.0,2.0,1,1,1,2,121.0,1,3269822,5297922,903942210,448,2356517210,55468,POINT (-757151.08 -1045021.82),True,2024-01-01 00:00:34,20231231_OB_539309_UKSH.xml.zip,2024-01-01 00:00:34,,
SO.26540801,26540801,1,7,2013-11-20,2007-02-28,10,1.0,2.0,1,1,1,2,88.0,1,456855,401004,903960210,449,2356542210,55468,POINT (-757152.12 -1045037.19),True,2015-09-01 00:22:16,20150831_OB_539309_UKSH.xml.gz,2015-09-01 00:22:16,,
SO.26540819,26540819,1,7,2013-11-20,2007-02-28,10,1.0,2.0,1,1,1,9,114.0,1,456855,401004,903959210,450,2356553210,55468,POINT (-757153.38 -1045050.05),True,2015-09-01 00:22:16,20150831_OB_539309_UKSH.xml.gz,2015-09-01 00:22:16,2024-01-01 00:00:34,change
SO.26540819,26540819,1,7,2023-12-23,2007-02-28,10,1.0,2.0,1,1,1,2,114.0,1,3269822,5297922,903959210,450,2356553210,55468,POINT (-757153.38 -1045050.05),True,2024-01-01 00:00:34,20231231_OB_539309_UKSH.xml.zip,2024-01-01 00:00:34,,
SO.26590654,26590654,1,7,2013-11-20,,10,1.0,2.0,1,1,1,2,117.0,1,456855,401004,879756210,401,2280252210,55468,POINT (-756441.12 -1044139.77),True,2015-09-01 00:22:16,20150831_OB_539309_UKSH.xml.gz,2015-09-01 00:22:16,2024-01-01 00:00:34,change
SO.26590654,26590654,1,7,2023-12-23,2007-12-31,10,1.0,2.0,1,1,1,2,117.0,1,3269822,5297922,879756210,401,2280252210,55468,POINT (-756441.12 -1044139.77),True,2024-01-01 00:00:34,20231231_OB_539309_UKSH.xml.zip,2024-01-01 00:00:34,,
SO.26590662,26590662,1,7,2013-11-20,,10,1.0,2.0,1,1,1,2,114.0,1,456855,401004,886974210,402,2289770210,55468,POINT (-757668.66 -1044294.27),True,2015-09-01 00:22:16,20150831_OB_539309_UKSH.xml.gz,2015-09-01 00:22:16,2024-01-01 00:00:34,change
SO.26590662,26590662,1,7,2023-12-23,2007-12-31,1,1.0,2.0,1,1,1,2,114.0,1,3269822,5297922,886974210,402,2289770210,55468,POINT (-757668.66 -1044294.27),True,2024-01-01 00:00:34,20231231_OB_539309_UKSH.xml.zip,2024-01-01 00:00:34,2026-02-01 00:00:48,change
SO.26590662,26590662,1,7,2026-01-08,2007-12-31,1,1.0,2.0,1,1,1,2,114.0,11,4852736,7496056,886974210,402,2289770210,55468,POINT (-757668.66 -1044294.27),True,2026-02-01 00:00:48,20260131_OB_539309_UKSH.xml.zip,2026-02-01 00:00:48,,
SO.26590671,26590671,1,7,2013-11-20,,10,1.0,2.0,1,1,1,2,143.0,1,456855,401004,887158210,403,2284535210,55468,POINT (-757595.99 -1044325.27),True,2015-09-01 00:22:16,20150831_OB_539309_UKSH.xml.gz,2015-09-01 00:22:16,2024-01-01 00:00:34,change
SO.26590671,26590671,1,7,2023-12-23,2007-12-31,10,1.0,2.0,1,1,1,2,143.0,1,3269822,5297922,887158210,403,2284535210,55468,POINT (-757595.99 -1044325.27),True,2024-01-01 00:00:34,20231231_OB_539309_UKSH.xml.zip,2024-01-01 00:00:34,,
SO.26743043,26743043,1,7,2011-07-01,2007-09-18,,1.0,2.0,1,1,1,,114.0,1,0,0,889743210,451,2308944210,55468,POINT (-757124.62 -1044942.12),True,2015-09-01 00:22:16,20150831_OB_539309_UKSH.xml.gz,2015-09-01 00:22:16,2024-01-01 00:00:34,change
SO.26743043,26743043,1,7,2023-12-23,2007-09-18,,1.0,2.0,1,1,1,2,114.0,1,3269822,5297922,889743210,451,2308944210,55468,POINT (-757124.62 -1044942.12),True,2024-01-01 00:00:34,20231231_OB_539309_UKSH.xml.zip,2024-01-01 00:00:34,,
SO.26743051,26743051,1,7,2011-07-01,2007-09-18,,1.0,2.0,1,1,1,,88.0,1,0,0,889742210,452,2308948210,55468,POINT (-757126.2 -1044955.24),True,2015-09-01 00:22:16,20150831_OB_539309_UKSH.xml.gz,2015-09-01 00:22:16,2022-03-01 00:08:16,change
SO.26743051,26743051,1,7,2022-02-11,2022-01-18,1,1.0,2.0,1,1,1,2,88.0,1,2702453,4219735,889742210,452,2308948210,55468,POINT (-757126.2 -1044955.24),True,2022-03-01 00:08:16,20220228_OB_539309_UKSH.xml.zip,2022-03-01 00:08:16,,
SO.26743060,26743060,1,7,2011-07-01,2007-09-18,,1.0,2.0,1,1,1,,114.0,1,0,0,889740210,453,2308951210,55468,POINT (-757127.16 -1044967.83),True,2015-09-01 00:22:16,20150831_OB_539309_UKSH.xml.gz,2015-09-01 00:22:16,2024-01-01 00:00:34,change
SO.26743060,26743060,1,7,2023-12-23,2007-09-18,10,1.0,2.0,1,1,1,2,114.0,1,3269822,5297922,889740210,453,2308951210,55468,POINT (-757127.16 -1044967.83),True,2024-01-01 00:00:34,20231231_OB_539309_UKSH.xml.zip,2024-01-01 00:00:34,,
SO.26743078,26743078,1,7,2011-07-01,2007-09-18,,1.0,2.0,1,1,1,,121.0,1,0,0,889747210,454,2308958210,55468,POINT (-757127.45 -1044981.62),True,2015-09-01 00:22:16,20150831_OB_539309_UKSH.xml.gz,2015-09-01 00:22:16,2024-01-01 00:00:34,change
SO.26743078,26743078,1,7,2023-12-23,2007-09-18,,1.0,2.0,1,1,1,2,121.0,1,3269822,5297922,889747210,454,2308958210,55468,POINT (-757127.45 -1044981.62),True,2024-01-01 00:00:34,20231231_OB_539309_UKSH.xml.zip,2024-01-01 00:00:34,,
SO.26743086,26743086,1,7,2011-07-01,2007-09-18,,1.0,2.0,1,1,1,,121.0,1,0,0,889745210,455,2308963210,55468,POINT (-757129.28 -1044996.84),True,2015-09-01 00:22:16,20150831_OB_539309_UKSH.xml.gz,2015-09-01 00:22:16,2024-01-01 00:00:34,change
SO.26743086,26743086,1,7,2023-12-23,2007-09-18,10,1.0,2.0,1,1,1,2,88.0,1,3269822,5297922,889745210,455,2308963210,55468,POINT (-757129.28 -1044996.84),True,2024-01-01 00:00:34,20231231_OB_539309_UKSH.xml.zip,2024-01-01 00:00:34,,
SO.26743094,26743094,1,7,2013-11-20,2007-09-18,10,1.0,2.0,1,1,1,2,114.0,1,456855,401004,889744210,456,2309001210,55468,POINT (-757130.2 -1045009.78),True,2015-09-01 00:22:16,20150831_OB_539309_UKSH.xml.gz,2015-09-01 00:22:16,,
SO.26743108,26743108,1,7,2011-07-01,2007-09-18,,1.0,2.0,1,1,1,,121.0,1,0,0,889751210,457,2309004210,55468,POINT (-757130.57 -1045023.04),True,2015-09-01 00:22:16,20150831_OB_539309_UKSH.xml.gz,2015-09-01 00:22:16,2024-01-01 00:00:34,change
SO.26743108,26743108,1,7,2023-12-23,2007-09-18,,1.0,2.0,1,1,1,2,121.0,1,3269822,5297922,889751210,457,2309004210,55468,POINT (-757130.57 -1045023.04),True,2024-01-01 00:00:34,20231231_OB_539309_UKSH.xml.zip,2024-01-01 00:00:34,,
SO.26743116,26743116,1,7,2011-07-01,2007-09-18,,1.0,2.0,1,1,1,,88.0,1,0,0,889749210,458,2309009210,55468,POINT (-757132.18 -1045038.75),True,2015-09-01 00:22:16,20150831_OB_539309_UKSH.xml.gz,2015-09-01 00:22:16,2024-01-01 00:00:34,change
SO.26743116,26743116,1,7,2023-12-23,2007-09-18,10,1.0,2.0,1,1,1,2,88.0,1,3269822,5297922,889749210,458,2309009210,55468,POINT (-757132.18 -1045038.75),True,2024-01-01 00:00:34,20231231_OB_539309_UKSH.xml.zip,2024-01-01 00:00:34,,
SO.26743124,26743124,1,7,2011-07-01,2007-09-18,,1.0,2.0,1,1,1,,114.0,1,0,0,889748210,459,2309012210,55468,POINT (-757132.87 -1045051.38),True,2015-09-01 00:22:16,20150831_OB_539309_UKSH.xml.gz,2015-09-01 00:22:16,2024-01-01 00:00:34,change
SO.26743124,26743124,1,7,2023-12-23,2007-09-18,10,1.0,2.0,1,1,1,2,114.0,1,3269822,5297922,889748210,459,2309012210,55468,POINT (-757132.87 -1045051.38),True,2024-01-01 00:00:34,20231231_OB_539309_UKSH.xml.zip,2024-01-01 00:00:34,,
SO.26743132,26743132,1,7,2011-07-01,2007-09-18,,1.0,2.0,1,1,1,,114.0,1,0,0,889718210,460,2307620210,55468,POINT (-757103.13 -1044944.07),True,2015-09-01 00:22:16,20150831_OB_539309_UKSH.xml.gz,2015-09-01 00:22:16,2024-01-01 00:00:34,change
SO.26743132,26743132,1,7,2023-12-23,2007-09-18,,1.0,2.0,1,1,1,2,114.0,1,3269822,5297922,889718210,460,2307620210,55468,POINT (-757103.13 -1044944.07),True,2024-01-01 00:00:34,20231231_OB_539309_UKSH.xml.zip,2024-01-01 00:00:34,,
SO.26743141,26743141,1,7,2013-11-20,2007-09-18,10,1.0,2.0,1,1,1,2,88.0,1,456855,401004,889717210,461,2307640210,55468,POINT (-757103.57 -1044957.34),True,2015-09-01 00:22:16,20150831_OB_539309_UKSH.xml.gz,2015-09-01 00:22:16,,
SO.26743159,26743159,1,7,2013-11-20,2007-09-18,9,1.0,2.0,1,1,1,9,114.0,1,456855,401004,889716210,462,2307655210,55468,POINT (-757104.46 -1044970.27),True,2015-09-01 00:22:16,20150831_OB_539309_UKSH.xml.gz,2015-09-01 00:22:16,2024-01-01 00:00:34,change
SO.26743159,26743159,1,7,2023-12-23,2007-09-18,9,2.0,2.0,1,1,1,2,114.0,3,3269822,5297922,889716210,462,2307655210,55468,POINT (-757104.46 -1044970.27),True,2024-01-01 00:00:34,20231231_OB_539309_UKSH.xml.zip,2024-01-01 00:00:34,,
SO.26743167,26743167,1,7,2013-11-20,2007-09-18,9,1.0,2.0,1,1,1,9,121.0,1,456855,401004,889768210,463,2308922210,55468,POINT (-757105.71 -1044983.58),True,2015-09-01 00:22:16,20150831_OB_539309_UKSH.xml.gz,2015-09-01 00:22:16,2024-01-01 00:00:34,change
SO.26743167,26743167,1,7,2023-12-23,2007-09-18,9,1.0,2.0,1,1,1,2,121.0,1,3269822,5297922,889768210,463,2308922210,55468,POINT (-757105.71 -1044983.58),True,2024-01-01 00:00:34,20231231_OB_539309_UKSH.xml.zip,2024-01-01 00:00:34,,
SO.26743175,26743175,1,7,2013-11-20,2007-09-18,10,1.0,2.0,1,1,1,2,88.0,1,456855,401004,889760210,464,2308925210,55468,POINT (-757106.48 -1044998.98),True,2015-09-01 00:22:16,20150831_OB_539309_UKSH.xml.gz,2015-09-01 00:22:16,,
SO.26743183,26743183,1,7,2013-11-20,2007-09-18,9,1.0,2.0,1,1,1,9,114.0,1,456855,401004,889752210,465,2308928210,55468,POINT (-757107.91 -1045011.67),True,2015-09-01 00:22:16,20150831_OB_539309_UKSH.xml.gz,2015-09-01 00:22:16,2024-01-01 00:00:34,change
SO.26743183,26743183,1,7,2023-12-23,2007-09-18,9,1.0,2.0,1,1,1,2,114.0,1,3269822,5297922,889752210,465,2308928210,55468,POINT (-757107.91 -1045011.67),True,2024-01-01 00:00:34,20231231_OB_539309_UKSH.xml.zip,2024-01-01 00:00:34,,
SO.26743191,26743191,1,7,2013-11-20,2007-09-18,10,1.0,2.0,1,1,1,2,121.0,1,456855,401004,889772210,466,2308930210,55468,POINT (-757108.86 -1045025.2),True,2015-09-01 00:22:16,20150831_OB_539309_UKSH.xml.gz,2015-09-01 00:22:16,,
SO.26743205,26743205,1,7,2013-11-20,2007-09-18,10,1.0,2.0,1,1,1,2,88.0,1,456855,401004,889771210,467,2308938210,55468,POINT (-757109.78 -1045040.5),True,2015-09-01 00:22:16,20150831_OB_539309_UKSH.xml.gz,2015-09-01 00:22:16,,
SO.26743213,26743213,1,7,2013-11-20,2007-09-18,9,1.0,2.0,1,1,1,9,114.0,1,456855,401004,889769210,468,2308942210,55468,POINT (-757111.81 -1045053.23),True,2015-09-01 00:22:16,20150831_OB_539309_UKSH.xml.gz,2015-09-01 00:22:16,2024-01-01 00:00:34,change
SO.26743213,26743213,1,7,2023-12-23,2007-09-18,9,1.0,2.0,1,1,1,2,114.0,1,3269822,5297922,889769210,468,2308942210,55468,POINT (-757111.81 -1045053.23),True,2024-01-01 00:00:34,20231231_OB_539309_UKSH.xml.zip,2024-01-01 00:00:34,,
SO.26743221,26743221,1,7,2013-11-20,2007-09-18,9,1.0,2.0,1,1,1,9,114.0,1,456855,401004,889726210,469,2307541210,55468,POINT (-757081.46 -1044945.41),True,2015-09-01 00:22:16,20150831_OB_539309_UKSH.xml.gz,2015-09-01 00:22:16,2024-01-01 00:00:34,change
SO.26743221,26743221,1,7,2023-12-23,2007-09-18,9,1.0,2.0,1,1,1,2,114.0,1,3269822,5297922,889726210,469,2307541210,55468,POINT (-757081.46 -1044945.41),True,2024-01-01 00:00:34,20231231_OB_539309_UKSH.xml.zip,2024-01-01 00:00:34,,
SO.26743230,26743230,1,7,2013-11-20,2007-09-18,9,1.0,2.0,1,1,1,9,88.0,1,456855,401004,888894210,470,2307426210,55468,POINT (-757083.01 -1044959.02),True,2015-09-01 00:22:16,20150831_OB_539309_UKSH.xml.gz,2015-09-01 00:22:16,2024-01-01 00:00:34,change
SO.26743230,26743230,1,7,2023-12-23,2007-09-18,9,1.0,2.0,1,1,1,2,88.0,1,3269822,5297922,888894210,470,2307426210,55468,POINT (-757083.01 -1044959.02),True,2024-01-01 00:00:34,20231231_OB_539309_UKSH.xml.zip,2024-01-01 00:00:34,,
SO.26743248,26743248,1,7,2013-11-20,2007-09-18,9,1.0,2.0,1,1,1,9,114.0,1,456855,401004,888799210,471,2307155210,55468,POINT (-757083.92 -1044971.56),True,2015-09-01 00:22:16,20150831_OB_539309_UKSH.xml.gz,2015-09-01 00:22:16,2024-01-01 00:00:34,change
SO.26743248,26743248,1,7,2023-12-23,2007-09-18,9,1.0,2.0,1,1,1,2,114.0,1,3269822,5297922,888799210,471,2307155210,55468,POINT (-757083.92 -1044971.56),True,2024-01-01 00:00:34,20231231_OB_539309_UKSH.xml.zip,2024-01-01 00:00:34,,
SO.26743256,26743256,1,7,2013-11-20,2007-09-18,9,1.0,2.0,1,1,1,9,121.0,1,456855,401004,889730210,472,2307743210,55468,POINT (-757084.99 -1044985.25),True,2015-09-01 00:22:16,20150831_OB_539309_UKSH.xml.gz,2015-09-01 00:22:16,2024-01-01 00:00:34,change
SO.26743256,26743256,1,7,2023-12-23,2007-09-18,9,1.0,2.0,1,1,1,2,121.0,1,3269822,5297922,889730210,472,2307743210,55468,POINT (-757084.99 -1044985.25),True,2024-01-01 00:00:34,20231231_OB_539309_UKSH.xml.zip,2024-01-01 00:00:34,,
SO.26743264,26743264,1,7,2013-11-20,2007-09-18,10,1.0,2.0,1,1,1,2,88.0,1,456855,401004,889729210,473,2307665210,55468,POINT (-757086.47 -1045000.4),True,2015-09-01 00:22:16,20150831_OB_539309_UKSH.xml.gz,2015-09-01 00:22:16,,
SO.26743272,26743272,1,7,2013-11-20,2007-09-18,10,1.0,2.0,1,1,1,2,114.0,1,456855,401004,889728210,474,2307706210,55468,POINT (-757086.83 -1045013.29),True,2015-09-01 00:22:16,20150831_OB_539309_UKSH.xml.gz,2015-09-01 00:22:16,,
SO.26743281,26743281,1,7,2013-11-20,2007-09-18,10,1.0,2.0,1,1,1,2,121.0,1,456855,401004,889761210,475,2307700210,55468,POINT (-757087.98 -1045026.45),True,2015-09-01 00:22:16,20150831_OB_539309_UKSH.xml.gz,2015-09-01 00:22:16,,
SO.26743299,26743299,1,7,2013-11-20,2007-09-18,9,1.0,2.0,1,1,1,9,88.0,1,456855,401004,889733210,476,2307695210,55468,POINT (-757089.22 -1045042.05),True,2015-09-01 00:22:16,20150831_OB_539309_UKSH.xml.gz,2015-09-01 00:22:16,2024-01-01 00:00:34,change
SO.26743299,26743299,1,7,2023-12-23,2007-09-18,9,1.0,2.0,1,1,1,2,88.0,1,3269822,5297922,889733210,476,2307695210,55468,POINT (-757089.22 -1045042.05),True,2024-01-01 00:00:34,20231231_OB_539309_UKSH.xml.zip,2024-01-01 00:00:34,,
SO.26743302,26743302,1,7,2013-11-20,2007-09-18,10,1.0,2.0,1,1,1,2,114.0,1,456855,401004,889732210,477,2307690210,55468,POINT (-757090.41 -1045054.69),True,2015-09-01 00:22:16,20150831_OB_539309_UKSH.xml.gz,2015-09-01 00:22:16,,
SO.26743311,26743311,1,7,2013-11-20,2007-09-18,9,1.0,2.0,1,1,1,9,114.0,1,456855,401004,889764210,478,2307613210,55468,POINT (-757063.82 -1044947.35),True,2015-09-01 00:22:16,20150831_OB_539309_UKSH.xml.gz,2015-09-01 00:22:16,2024-01-01 00:00:34,change
SO.26743311,26743311,1,7,2023-12-23,2007-09-18,9,1.0,2.0,1,1,1,2,114.0,1,3269822,5297922,889764210,478,2307613210,55468,POINT (-757063.82 -1044947.35),True,2024-01-01 00:00:34,20231231_OB_539309_UKSH.xml.zip,2024-01-01 00:00:34,,
SO.26743329,26743329,1,7,2013-11-20,2007-09-18,10,1.0,2.0,1,1,1,2,88.0,1,456855,401004,889763210,479,2307591210,55468,POINT (-757061.15 -1044960.57),True,2015-09-01 00:22:16,20150831_OB_539309_UKSH.xml.gz,2015-09-01 00:22:16,,
SO.26743337,26743337,1,7,2013-11-20,2007-09-18,9,1.0,2.0,1,1,1,9,114.0,1,456855,401004,889762210,480,2307545210,55468,POINT (-757062.24 -1044973.29),True,2015-09-01 00:22:16,20150831_OB_539309_UKSH.xml.gz,2015-09-01 00:22:16,2024-01-01 00:00:34,change
SO.26743337,26743337,1,7,2023-12-23,2007-09-18,9,1.0,2.0,1,1,1,2,114.0,1,3269822,5297922,889762210,480,2307545210,55468,POINT (-757062.24 -1044973.29),True,2024-01-01 00:00:34,20231231_OB_539309_UKSH.xml.zip,2024-01-01 00:00:34,,
SO.26743345,26743345,1,7,2013-11-20,2007-09-18,9,1.0,2.0,1,1,1,9,121.0,1,456855,401004,889773210,481,2307687210,55468,POINT (-757068.27 -1044986.25),True,2015-09-01 00:22:16,20150831_OB_539309_UKSH.xml.gz,2015-09-01 00:22:16,2024-01-01 00:00:34,change
SO.26743345,26743345,1,7,2023-12-23,2007-09-18,9,1.0,2.0,1,1,1,2,121.0,1,3269822,5297922,889773210,481,2307687210,55468,POINT (-757068.27 -1044986.25),True,2024-01-01 00:00:34,20231231_OB_539309_UKSH.xml.zip,2024-01-01 00:00:34,,
SO.26743353,26743353,1,7,2013-11-20,2007-09-18,10,1.0,2.0,1,1,1,9,88.0,1,456855,401004,889766210,482,2307682210,55468,POINT (-757064.35 -1045002.26),True,2015-09-01 00:22:16,20150831_OB_539309_UKSH.xml.gz,2015-09-01 00:22:16,2024-01-01 00:00:34,change
SO.26743353,26743353,1,7,2023-12-23,2007-09-18,10,1.0,2.0,1,1,1,2,88.0,1,3269822,5297922,889766210,482,2307682210,55468,POINT (-757064.35 -1045002.26),True,2024-01-01 00:00:34,20231231_OB_539309_UKSH.xml.zip,2024-01-01 00:00:34,,
SO.26743361,26743361,1,7,2013-11-20,2007-09-18,9,1.0,2.0,1,1,1,9,114.0,1,456855,401004,889765210,483,2307760210,55468,POINT (-757065.85 -1045015.04),True,2015-09-01 00:22:16,20150831_OB_539309_UKSH.xml.gz,2015-09-01 00:22:16,2024-01-01 00:00:34,change
SO.26743361,26743361,1,7,2023-12-23,2007-09-18,9,1.0,2.0,1,1,1,2,114.0,1,3269822,5297922,889765210,483,2307760210,55468,POINT (-757065.85 -1045015.04),True,2024-01-01 00:00:34,20231231_OB_539309_UKSH.xml.zip,2024-01-01 00:00:34,,
SO.26743370,26743370,1,7,2013-11-20,2007-09-18,10,1.0,2.0,1,1,1,2,121.0,1,456855,401004,889778210,484,2307692210,55468,POINT (-757067.16 -1045027.96),True,2015-09-01 00:22:16,20150831_OB_539309_UKSH.xml.gz,2015-09-01 00:22:16,,
SO.26743388,26743388,1,7,2013-11-20,2007-09-18,10,1.0,2.0,1,1,1,2,88.0,1,456855,401004,889777210,485,2307703210,55468,POINT (-757067.72 -1045043.94),True,2015-09-01 00:22:16,20150831_OB_539309_UKSH.xml.gz,2015-09-01 00:22:16,,
SO.26743396,26743396,1,7,2013-11-20,2007-09-18,9,1.0,2.0,1,1,1,9,114.0,1,456855,401004,889776210,486,2307698210,55468,POINT (-757068.82 -1045056.56),True,2015-09-01 00:22:16,20150831_OB_539309_UKSH.xml.gz,2015-09-01 00:22:16,2024-01-01 00:00:34,change
SO.26743396,26743396,1,7,2023-12-23,2007-09-18,9,1.0,2.0,1,1,1,2,114.0,1,3269822,5297922,889776210,486,2307698210,55468,POINT (-757068.82 -1045056.56),True,2024-01-01 00:00:34,20231231_OB_539309_UKSH.xml.zip,2024-01-01 00:00:34,,
SO.26743400,26743400,1,7,2013-11-20,2007-09-18,,1.0,2.0,1,1,1,2,114.0,1,456855,401004,889785210,487,2307708210,55468,POINT (-757039.1 -1044948.73),True,2015-09-01 00:22:16,20150831_OB_539309_UKSH.xml.gz,2015-09-01 00:22:16,,
SO.26743418,26743418,1,7,2013-11-20,2007-09-18,9,1.0,2.0,1,1,1,9,100.0,1,456855,401004,889780210,488,2307669210,55468,POINT (-757039.97 -1044962.23),True,2015-09-01 00:22:16,20150831_OB_539309_UKSH.xml.gz,2015-09-01 00:22:16,2024-01-01 00:00:34,change
SO.26743418,26743418,1,7,2023-12-23,2007-09-18,9,1.0,2.0,1,1,1,2,100.0,1,3269822,5297922,889780210,488,2307669210,55468,POINT (-757039.97 -1044962.23),True,2024-01-01 00:00:34,20231231_OB_539309_UKSH.xml.zip,2024-01-01 00:00:34,,
SO.26743426,26743426,1,7,2013-11-20,2007-09-18,10,1.0,2.0,1,1,1,2,114.0,1,456855,401004,889779210,489,2307547210,55468,POINT (-757041.22 -1044974.97),True,2015-09-01 00:22:16,20150831_OB_539309_UKSH.xml.gz,2015-09-01 00:22:16,2024-01-01 00:00:34,change
SO.26743426,26743426,1,7,2023-12-23,2007-09-18,10,1.0,2.0,1,1,1,2,114.0,2,3269822,5297922,889779210,489,2307547210,55468,POINT (-757041.22 -1044974.97),True,2024-01-01 00:00:34,20231231_OB_539309_UKSH.xml.zip,2024-01-01 00:00:34,,
SO.26743434,26743434,1,7,2013-11-20,2007-09-18,10,1.0,2.0,1,1,1,2,141.0,1,456855,401004,889795210,490,2307672210,55468,POINT (-757041.68 -1044988.39),True,2015-09-01 00:22:16,20150831_OB_539309_UKSH.xml.gz,2015-09-01 00:22:16,,
SO.26743442,26743442,1,7,2013-11-20,2007-09-18,10,1.0,2.0,1,1,1,2,116.0,1,456855,401004,889791210,491,2307659210,55468,POINT (-757042.38 -1045003.73),True,2015-09-01 00:22:16,20150831_OB_539309_UKSH.xml.gz,2015-09-01 00:22:16,2024-01-01 00:00:34,change
SO.26743442,26743442,1,7,2023-12-23,2007-09-18,10,1.0,2.0,1,1,1,2,115.0,1,3269822,5297922,889791210,491,2307659210,55468,POINT (-757042.38 -1045003.73),True,2024-01-01 00:00:34,20231231_OB_539309_UKSH.xml.zip,2024-01-01 00:00:34,,
SO.26743451,26743451,1,7,2013-11-20,2007-09-18,10,1.0,2.0,1,1,1,9,131.0,1,456855,401004,889787210,492,2307652210,55468,POINT (-757043.99 -1045016.58),True,2015-09-01 00:22:16,20150831_OB_539309_UKSH.xml.gz,2015-09-01 00:22:16,2024-01-01 00:00:34,change
SO.26743451,26743451,1,7,2023-12-23,2007-09-18,10,1.0,2.0,1,1,1,2,131.0,1,3269822,5297922,889787210,492,2307652210,55468,POINT (-757043.99 -1045016.58),True,2024-01-01 00:00:34,20231231_OB_539309_UKSH.xml.zip,2024-01-01 00:00:34,,
SO.26743469,26743469,1,7,2013-11-20,2007-09-18,10,1.0,2.0,1,1,1,9,141.0,1,456855,401004,889802210,493,2307635210,55468,POINT (-757044.54 -1045029.85),True,2015-09-01 00:22:16,20150831_OB_539309_UKSH.xml.gz,2015-09-01 00:22:16,2024-01-01 00:00:34,change
SO.26743469,26743469,1,7,2023-12-23,2007-09-18,10,1.0,2.0,1,1,1,2,141.0,1,3269822,5297922,889802210,493,2307635210,55468,POINT (-757044.54 -1045029.85),True,2024-01-01 00:00:34,20231231_OB_539309_UKSH.xml.zip,2024-01-01 00:00:34,,
SO.26743477,26743477,1,7,2013-11-20,2007-09-18,9,1.0,2.0,1,1,1,9,115.0,1,456855,401004,889800210,494,2307679210,55468,POINT (-757042.28 -1045045.7),True,2015-09-01 00:22:16,20150831_OB_539309_UKSH.xml.gz,2015-09-01 00:22:16,2024-01-01 00:00:34,change
SO.26743477,26743477,1,7,2023-12-23,2007-09-18,9,1.0,2.0,1,1,1,2,115.0,1,3269822,5297922,889800210,494,2307679210,55468,POINT (-757042.28 -1045045.7),True,2024-01-01 00:00:34,20231231_OB_539309_UKSH.xml.zip,2024-01-01 00:00:34,,
SO.26743485,26743485,1,7,2013-11-20,2007-09-18,10,1.0,2.0,1,1,1,2,127.0,1,456855,401004,889798210,495,2307685210,55468,POINT (-757045.03 -1045058.56),True,2015-09-01 00:22:16,20150831_OB_539309_UKSH.xml.gz,2015-09-01 00:22:16,,
SO.26743493,26743493,1,7,2013-11-20,2007-09-18,10,1.0,2.0,1,1,1,9,148.0,1,456855,401004,904473210,496,2305993210,55468,POINT (-757750.84 -1043750.03),True,2015-09-01 00:22:16,20150831_OB_539309_UKSH.xml.gz,2015-09-01 00:22:16,2024-01-01 00:00:34,change
SO.26743493,26743493,1,7,2023-12-23,2007-09-18,10,1.0,2.0,1,1,1,2,139.0,1,3269822,5297922,904473210,496,2305993210,55468,POINT (-757750.84 -1043750.03),True,2024-01-01 00:00:34,20231231_OB_539309_UKSH.xml.zip,2024-01-01 00:00:34,,
SO.26743507,26743507,1,7,2013-11-20,2007-09-18,10,1.0,2.0,1,1,1,2,113.0,1,456855,401004,909010210,497,2377311210,55468,POINT (-757689.53 -1044336.41),True,2015-09-01 00:22:16,20150831_OB_539309_UKSH.xml.gz,2015-09-01 00:22:16,2024-01-01 00:00:34,change
SO.26743507,26743507,1,7,2023-12-23,2007-09-18,10,1.0,2.0,1,1,1,2,95.0,1,3269822,5297922,909010210,497,2377311210,55468,POINT (-757689.53 -1044336.41),True,2024-01-01 00:00:34,20231231_OB_539309_UKSH.xml.zip,2024-01-01 00:00:34,,
SO.26743515,26743515,1,7,2013-11-20,2007-09-18,10,1.0,2.0,1,1,1,2,113.0,1,456855,401004,908981210,498,2377312210,55468,POINT (-757684.58 -1044342.16),True,2015-09-01 00:22:16,20150831_OB_539309_UKSH.xml.gz,2015-09-01 00:22:16,2024-01-01 00:00:34,change
SO.26743515,26743515,1,7,2023-12-23,2007-09-18,10,2.0,2.0,1,1,1,2,95.0,3,3269822,5297922,908981210,498,2377312210,55468,POINT (-757684.58 -1044342.16),True,2024-01-01 00:00:34,20231231_OB_539309_UKSH.xml.zip,2024-01-01 00:00:34,,
SO.26743523,26743523,1,7,2013-11-20,2007-09-18,6,1.0,2.0,1,1,1,9,80.0,1,456855,401004,890777210,499,2311708210,55468,POINT (-757584.94 -1044433.56),True,2015-09-01 00:22:16,20150831_OB_539309_UKSH.xml.gz,2015-09-01 00:22:16,2024-01-01 00:00:34,change
SO.26743523,26743523,1,7,2023-12-23,2007-09-18,6,3.0,2.0,1,1,1,2,210.0,3,3269822,5297922,890777210,499,2311708210,55468,POINT (-757584.94 -1044433.56),True,2024-01-01 00:00:34,20231231_OB_539309_UKSH.xml.zip,2024-01-01 00:00:34,,
SO.26743531,26743531,1,7,2013-11-20,2007-09-18,10,1.0,2.0,1,1,1,2,132.0,1,456855,401004,879921210,500,2277864210,55468,POINT (-757760 -1043800),True,2015-09-01 00:22:16,20150831_OB_539309_UKSH.xml.gz,2015-09-01 00:22:16,,
SO.26763648,26763648,1,7,2013-11-20,2007-10-30,10,1.0,2.0,1,1,1,2,101.0,1,456855,401004,867753210,227,2239334210,55468,POINT (-757472.01 -1043749.67),True,2015-09-01 00:22:16,20150831_OB_539309_UKSH.xml.gz,2015-09-01 00:22:16,2024-01-01 00:00:34,change
SO.26763648,26763648,1,7,2023-12-23,2007-10-30,10,1.0,2.0,1,1,1,2,143.0,1,3269822,5297922,867753210,227,2239334210,55468,POINT (-757472.01 -1043749.67),True,2024-01-01 00:00:34,20231231_OB_539309_UKSH.xml.zip,2024-01-01 00:00:34,,
SO.26790645,26790645,1,13,2011-07-01,2001-05-21,,0.0,,,,,,,,0,0,381192210,209,1304115210,55468,POINT (-756449.73 -1043955.92),True,2015-09-01 00:22:16,20150831_OB_539309_UKSH.xml.gz,2015-09-01 00:22:16,2024-01-01 00:00:34,change
SO.26790645,26790645,1,13,2023-12-23,2001-05-21,,0.0,,,,,,285.0,,3269822,5297922,381192210,209,1304115210,55468,POINT (-756449.73 -1043955.92),True,2024-01-01 00:00:34,20231231_OB_539309_UKSH.xml.zip,2024-01-01 00:00:34,,
SO.26790653,26790653,1,7,2013-11-20,2007-03-08,10,1.0,2.0,1,1,1,2,79.0,1,456855,401004,867102210,369,2237558210,55468,POINT (-757075.8 -1044863.75),True,2015-09-01 00:22:16,20150831_OB_539309_UKSH.xml.gz,2015-09-01 00:22:16,2024-01-01 00:00:34,change
SO.26790653,26790653,1,7,2023-12-23,2007-03-08,10,1.0,2.0,1,1,1,2,80.0,1,3269822,5297922,867102210,369,2237558210,55468,POINT (-757075.8 -1044863.75),True,2024-01-01 00:00:34,20231231_OB_539309_UKSH.xml.zip,2024-01-01 00:00:34,2025-07-01 00:03:00,change
SO.26790653,26790653,1,7,2025-06-16,2007-03-08,10,1.0,2.0,1,1,1,2,105.0,11,4357018,6805862,867102210,369,2237558210,55468,POINT (-757075.8 -1044863.75),True,2025-07-01 00:03:00,20250630_OB_539309_UKSH.xml.zip,2025-07-01 00:03:00,,
SO.26790661,26790661,1,7,2013-11-20,2007-03-02,10,1.0,2.0,1,1,1,2,79.0,1,456855,401004,867118210,384,2237565210,55468,POINT (-757036.42 -1044908.22),True,2015-09-01 00:22:16,20150831_OB_539309_UKSH.xml.gz,2015-09-01 00:22:16,2024-01-01 00:00:34,change
SO.26790661,26790661,1,7,2023-12-23,2007-03-02,10,1.0,2.0,1,1,1,2,80.0,1,3269822,5297922,867118210,384,2237565210,55468,POINT (-757036.42 -1044908.22),True,2024-01-01 00:00:34,20231231_OB_539309_UKSH.xml.zip,2024-01-01 00:00:34,,
SO.26932334,26932334,1,7,2013-11-20,2008-04-07,10,1.0,2.0,1,1,1,2,223.0,1,456855,401004,903816210,226,2319883210,55468,POINT (-757799.41 -1044276.13),True,2015-09-01 00:22:16,20150831_OB_539309_UKSH.xml.gz,2015-09-01 00:22:16,2024-01-01 00:00:34,change
SO.26932334,26932334,1,7,2023-12-23,2008-04-07,10,3.0,2.0,1,1,1,2,222.0,3,3269822,5297922,903816210,226,2319883210,55468,POINT (-757799.41 -1044276.13),True,2024-01-01 00:00:34,20231231_OB_539309_UKSH.xml.zip,2024-01-01 00:00:34,,
SO.27041697,27041697,1,,2013-09-03,2008-08-07,,1.0,2.0,1,1,1,,96.0,1,433528,369820,882570210,225,2287875210,55468,POINT (-757467.67 -1043891.88),True,2015-09-01 00:22:16,20150831_OB_539309_UKSH.xml.gz,2015-09-01 00:22:16,2016-11-01 00:31:45,change
SO.27041697,27041697,1,7,2016-10-12,2008-08-07,,1.0,2.0,1,1,1,,96.0,1,1111553,1491749,882570210,225,2287875210,55468,POINT (-757480.71 -1043832.9),True,2016-11-01 00:31:45,20161031_OB_539309_UKSH.xml.gz,2016-11-01 00:31:45,2024-01-01 00:00:34,change
SO.27041697,27041697,1,7,2023-12-23,2008-08-07,10,1.0,2.0,1,1,1,2,96.0,1,3269822,5297922,882570210,225,2287875210,55468,POINT (-757480.71 -1043832.9),True,2024-01-01 00:00:34,20231231_OB_539309_UKSH.xml.zip,2024-01-01 00:00:34,,
SO.27082628,27082628,1,7,2013-11-20,2008-09-22,7,1.0,2.0,1,1,1,2,98.0,1,456855,401004,914229210,503,2398929210,55468,POINT (-757979.65 -1044121.35),True,2015-09-01 00:22:16,20150831_OB_539309_UKSH.xml.gz,2015-09-01 00:22:16,,
SO.27082636,27082636,1,7,2013-11-20,2008-09-22,10,3.0,2.0,1,1,1,2,50.0,1,456855,401004,890782210,504,2311709210,55468,POINT (-757578.63 -1044410.77),True,2015-09-01 00:22:16,20150831_OB_539309_UKSH.xml.gz,2015-09-01 00:22:16,2024-01-01 00:00:34,change
SO.27082636,27082636,1,7,2023-12-23,2008-09-22,10,3.0,2.0,1,1,1,2,209.0,3,3269822,5297922,890782210,504,2311709210,55468,POINT (-757578.63 -1044410.77),True,2024-01-01 00:00:34,20231231_OB_539309_UKSH.xml.zip,2024-01-01 00:00:34,,
SO.27082644,27082644,1,7,2013-11-20,2008-09-22,10,1.0,2.0,1,1,1,2,277.0,1,456855,401004,910833210,505,2329853210,55468,POINT (-757754.78 -1043857.81),True,2015-09-01 00:22:16,20150831_OB_539309_UKSH.xml.gz,2015-09-01 00:22:16,,
SO.27082652,27082652,1,7,2013-11-20,2008-09-22,6,1.0,2.0,1,1,1,2,96.0,1,456855,401004,915136210,501,2397733210,55468,POINT (-757676.95 -1044132.4),True,2015-09-01 00:22:16,20150831_OB_539309_UKSH.xml.gz,2015-09-01 00:22:16,,
SO.27082661,27082661,1,7,2013-11-20,2008-09-22,7,1.0,2.0,1,1,1,2,190.0,1,456855,401004,880456210,502,2281215210,55468,POINT (-757869.2 -1043874.47),True,2015-09-01 00:22:16,20150831_OB_539309_UKSH.xml.gz,2015-09-01 00:22:16,2024-01-01 00:00:34,change
SO.27082661,27082661,1,7,2023-12-23,2008-09-22,7,1.0,2.0,1,1,1,2,112.0,4,3269822,5297922,880456210,502,2281215210,55468,POINT (-757869.2 -1043874.47),True,2024-01-01 00:00:34,20231231_OB_539309_UKSH.xml.zip,2024-01-01 00:00:34,,
SO.27091201,27091201,1,7,2013-11-20,2008-09-24,10,1.0,3.0,1,1,1,2,100.0,1,456855,401004,907637210,506,2376199210,55468,POINT (-757314.45 -1043981.77),True,2015-09-01 00:22:16,20150831_OB_539309_UKSH.xml.gz,2015-09-01 00:22:16,2024-01-01 00:00:34,change
SO.27091201,27091201,1,7,2023-12-23,2008-09-24,10,1.0,3.0,1,1,1,2,94.0,1,3269822,5297922,907637210,506,2376199210,55468,POINT (-757314.45 -1043981.77),True,2024-01-01 00:00:34,20231231_OB_539309_UKSH.xml.zip,2024-01-01 00:00:34,,
SO.27110664,27110664,1,7,2013-11-20,2008-10-22,7,1.0,2.0,1,1,1,2,145.0,1,456855,401004,915358210,507,2290114210,55468,POINT (-757662.53 -1044487.74),True,2015-09-01 00:22:16,20150831_OB_539309_UKSH.xml.gz,2015-09-01 00:22:16,2024-01-01 00:00:34,change
SO.27110664,27110664,1,7,2023-12-23,2008-10-22,7,1.0,2.0,1,1,1,2,73.0,1,3269822,5297922,915358210,507,2290114210,55468,POINT (-757662.53 -1044487.74),True,2024-01-01 00:00:34,20231231_OB_539309_UKSH.xml.zip,2024-01-01 00:00:34,,
SO.27110672,27110672,1,7,2013-11-20,2008-10-22,4,1.0,1.0,1,1,1,2,,1,456855,401004,915359210,508,2290115210,55468,POINT (-757656.3 -1044483.65),True,2015-09-01 00:22:16,20150831_OB_539309_UKSH.xml.gz,2015-09-01 00:22:16,2024-01-01 00:00:34,change
SO.27110672,27110672,1,7,2023-12-23,2008-10-22,4,2.0,2.0,1,1,1,2,72.0,3,3269822,5297922,915359210,508,2290115210,55468,POINT (-757656.3 -1044483.65),True,2024-01-01 00:00:34,20231231_OB_539309_UKSH.xml.zip,2024-01-01 00:00:34,,
SO.27110681,27110681,1,7,2013-11-20,2008-10-22,9,1.0,2.0,1,1,1,9,103.0,1,456855,401004,909758210,509,2388305210,55468,POINT (-758015.42 -1043759.67),True,2015-09-01 00:22:16,20150831_OB_539309_UKSH.xml.gz,2015-09-01 00:22:16,2023-04-01 00:06:22,change
SO.27110681,27110681,1,7,2023-03-28,2008-10-22,1,1.0,2.0,1,1,1,2,103.0,1,3040157,4866874,909758210,509,2388305210,55468,POINT (-758015.42 -1043759.67),True,2023-04-01 00:06:22,20230331_OB_539309_UKSH.xml.zip,2023-04-01 00:06:22,,
SO.27110699,27110699,1,7,2013-11-20,2008-10-22,10,1.0,2.0,1,1,1,2,111.0,1,456855,401004,884595210,510,2287956210,55468,POINT (-757963.43 -1043809.81),True,2015-09-01 00:22:16,20150831_OB_539309_UKSH.xml.gz,2015-09-01 00:22:16,,
SO.27161951,27161951,1,7,2013-11-20,2008-12-10,6,1.0,3.0,1,1,1,2,93.0,1,456855,401004,913545210,222,2377315210,55468,POINT (-757496.35 -1043775.52),True,2015-09-01 00:22:16,20150831_OB_539309_UKSH.xml.gz,2015-09-01 00:22:16,,
SO.27161986,27161986,1,,2011-07-01,2008-12-15,,1.0,,,,,,,,0,0,,511,,55468,POINT (-757765 -1044010),False,2015-09-01 00:22:16,20150831_OB_539309_UKSH.xml.gz,2015-09-01 00:22:16,2016-05-01 00:06:54,change
SO.27161986,27161986,1,7,2016-04-25,2008-12-15,,1.0,,,,,,,,920907,1227369,899554210,511,2328365210,55468,POINT (-757765 -1044010),True,2016-05-01 00:06:54,20160430_OB_539309_UKSH.xml.gz,2016-05-01 00:06:54,2024-01-01 00:00:34,change
SO.27161986,27161986,1,7,2023-12-23,2008-12-15,1,1.0,2.0,2,1,1,2,95.0,1,3269822,5297922,899554210,511,2328365210,55468,POINT (-757765.31 -1044010.13),True,2024-01-01 00:00:34,20231231_OB_539309_UKSH.xml.zip,2024-01-01 00:00:34,2026-02-01 00:00:48,change
SO.27161986,27161986,1,7,2026-01-08,2008-12-15,1,1.0,2.0,2,1,1,2,95.0,11,4852736,7496056,899554210,511,2328365210,55468,POINT (-757765.31 -1044010.13),True,2026-02-01 00:00:48,20260131_OB_539309_UKSH.xml.zip,2026-02-01 00:00:48,,
SO.27232239,27232239,1,7,2013-11-20,2009-03-03,7,1.0,2.0,1,1,1,2,101.0,1,456855,401004,912801210,512,2397219210,55468,POINT (-757981.6 -1043733.77),True,2015-09-01 00:22:16,20150831_OB_539309_UKSH.xml.gz,2015-09-01 00:22:16,,
SO.27232247,27232247,1,7,2014-10-02,2009-03-03,1,1.0,2.0,1,1,1,2,122.0,1,615722,890149,16064099010,513,30506669010,55468,POINT (-757605.83 -1044047.02),False,2015-09-01 00:22:16,20150831_OB_539309_UKSH.xml.gz,2015-09-01 00:22:16,2026-02-01 00:00:48,change
SO.27232247,27232247,1,7,2026-01-08,2009-03-03,1,1.0,2.0,1,1,1,2,122.0,11,4852736,7496056,16064099010,513,30506669010,55468,POINT (-757605.83 -1044047.02),False,2026-02-01 00:00:48,20260131_OB_539309_UKSH.xml.zip,2026-02-01 00:00:48,,
SO.27232255,27232255,1,7,2013-11-20,2009-03-03,7,1.0,2.0,1,1,1,2,229.0,1,456855,401004,884050210,514,2293043210,55468,POINT (-757282 -1044306),True,2015-09-01 00:22:16,20150831_OB_539309_UKSH.xml.gz,2015-09-01 00:22:16,2024-01-01 00:00:34,change
SO.27232255,27232255,1,7,2023-12-23,2009-03-03,7,1.0,2.0,1,1,1,2,215.0,1,3269822,5297922,884050210,514,2293043210,55468,POINT (-757282 -1044306),True,2024-01-01 00:00:34,20231231_OB_539309_UKSH.xml.zip,2024-01-01 00:00:34,,
SO.27232263,27232263,1,7,2013-11-20,2009-03-03,10,1.0,2.0,1,1,1,2,109.0,1,456855,401004,889582210,515,2307134210,55468,POINT (-757929.33 -1043811.97),True,2015-09-01 00:22:16,20150831_OB_539309_UKSH.xml.gz,2015-09-01 00:22:16,2022-12-01 00:05:50,change
SO.27232263,27232263,1,7,2013-11-20,2009-03-03,10,1.0,2.0,1,1,1,2,109.0,1,456855,401004,889582210,515,2307134210,55468,POINT (-757929.33 -1043811.97),True,2022-12-01 00:05:50,20221130_OB_539309_UKSH.xml.zip,2022-12-01 00:05:50,2024-01-01 00:00:34,change
SO.27232263,27232263,1,7,2023-12-23,2009-03-03,10,1.0,2.0,1,1,1,2,73.0,1,3269822,5297922,889582210,515,2307134210,55468,POINT (-757929.33 -1043811.97),True,2024-01-01 00:00:34,20231231_OB_539309_UKSH.xml.zip,2024-01-01 00:00:34,,
SO.27232336,27232336,1,7,2013-11-20,2009-03-06,9,1.0,2.0,1,1,1,9,170.0,1,456855,401004,907399210,516,2377772210,55468,POINT (-757750 -1044081),True,2015-09-01 00:22:16,20150831_OB_539309_UKSH.xml.gz,2015-09-01 00:22:16,2024-01-01 00:00:34,change
SO.27232336,27232336,1,7,2023-12-23,2009-03-06,9,1.0,2.0,1,1,1,2,170.0,1,3269822,5297922,907399210,516,2377772210,55468,POINT (-757750 -1044081),True,2024-01-01 00:00:34,20231231_OB_539309_UKSH.xml.zip,2024-01-01 00:00:34,,
SO.27232344,27232344,1,7,2013-11-20,2009-03-06,10,1.0,3.0,1,1,1,2,214.0,1,456855,401004,907749210,517,2376769210,55468,POINT (-757419.39 -1043883.8),True,2015-09-01 00:22:16,20150831_OB_539309_UKSH.xml.gz,2015-09-01 00:22:16,,
SO.27232352,27232352,1,7,2013-11-20,2009-03-09,6,1.0,2.0,1,1,1,2,188.0,1,456855,401004,918901210,518,2399750210,55468,POINT (-757835.81 -1043947.77),True,2015-09-01 00:22:16,20150831_OB_539309_UKSH.xml.gz,2015-09-01 00:22:16,,
SO.27241327,27241327,1,,2014-02-20,2009-03-18,6,1.0,2.0,1,1,1,,111.0,1,538327,529557,,519,2398605210,55468,POINT (-757762.54 -1044161.48),False,2015-09-01 00:22:16,20150831_OB_539309_UKSH.xml.gz,2015-09-01 00:22:16,2016-08-01 00:05:29,change
SO.27241327,27241327,1,,2014-02-20,2009-03-18,6,1.0,2.0,1,1,1,,111.0,1,538327,1368569,23881390010,519,2398605210,55468,POINT (-757762.54 -1044161.48),True,2016-08-01 00:05:29,20160731_OB_539309_UKSH.xml.gz,2016-08-01 00:05:29,2016-09-01 00:14:39,change
SO.27241327,27241327,1,,2014-02-20,2009-03-18,6,1.0,2.0,1,1,1,,111.0,1,538327,1368569,23881390010,519,2398605210,55468,POINT (-757762.54 -1044161.48),True,2016-09-01 00:14:39,20160831_OB_539309_UKSH.xml.gz,2016-09-01 00:14:39,2016-11-01 00:31:45,change
SO.27241327,27241327,1,7,2016-10-27,2009-03-18,6,1.0,2.0,1,1,1,2,111.0,1,1137064,1524400,23881390010,519,2398605210,55468,POINT (-757766.28 -1044162.9),True,2016-11-01 00:31:45,20161031_OB_539309_UKSH.xml.gz,2016-11-01 00:31:45,,
SO.27241335,27241335,1,7,2013-11-20,2009-03-18,4,1.0,,1,9,1,9,218.0,9,456855,401004,876332210,520,2267955210,55468,POINT (-757595 -1044473),True,2015-09-01 00:22:16,20150831_OB_539309_UKSH.xml.gz,2015-09-01 00:22:16,2024-01-01 00:00:34,change
SO.27241335,27241335,1,7,2023-12-23,2009-03-18,4,1.0,1.0,1,1,1,2,218.0,1,3269822,5297922,876332210,520,2267955210,55468,POINT (-757595 -1044473),True,2024-01-01 00:00:34,20231231_OB_539309_UKSH.xml.zip,2024-01-01 00:00:34,,
SO.27272761,27272761,1,,2014-02-20,2009-05-04,1,1.0,3.0,1,,1,,122.0,,538274,687037,21277993010,521,2275379210,55468,POINT (-756277.06 -1043656.67),True,2015-09-01 00:22:16,20150831_OB_539309_UKSH.xml.gz,2015-09-01 00:22:16,2016-11-01 00:31:45,change
SO.27272761,27272761,1,7,2016-10-12,2009-05-04,1,1.0,3.0,1,,1,,122.0,,1111553,1491749,21277993010,521,2275379210,55468,POINT (-756283.2 -1043663.65),True,2016-11-01 00:31:45,20161031_OB_539309_UKSH.xml.gz,2016-11-01 00:31:45,2024-01-01 00:00:34,change
SO.27272761,27272761,1,7,2023-12-23,2009-05-04,1,1.0,3.0,1,3,1,2,122.0,1,3269822,5297922,21277993010,521,2275379210,55468,POINT (-756283.2 -1043663.65),True,2024-01-01 00:00:34,20231231_OB_539309_UKSH.xml.zip,2024-01-01 00:00:34,,
SO.27272770,27272770,1,7,2013-11-20,2009-05-04,10,1.0,2.0,1,1,1,9,173.0,1,456855,401004,876087210,522,2267243210,55468,POINT (-757630.12 -1044451.46),True,2015-09-01 00:22:16,20150831_OB_539309_UKSH.xml.gz,2015-09-01 00:22:16,2024-01-01 00:00:34,change
SO.27272770,27272770,1,7,2023-12-23,2009-05-04,10,1.0,2.0,1,1,1,2,173.0,1,3269822,5297922,876087210,522,2267243210,55468,POINT (-757630.12 -1044451.46),True,2024-01-01 00:00:34,20231231_OB_539309_UKSH.xml.zip,2024-01-01 00:00:34,,
SO.27276295,27276295,1,,2011-07-01,2009-05-11,,0.0,,,,,,,,0,130386,914837210,524,2378317210,55468,POINT (-756511 -1043943),True,2015-09-01 00:22:16,20150831_OB_539309_UKSH.xml.gz,2015-09-01 00:22:16,2016-11-01 00:31:45,change
SO.27276295,27276295,1,20,2016-10-12,2009-05-11,,0.0,,,,,,,,1111553,1491749,914837210,524,2378317210,55468,POINT (-756511 -1043943),True,2016-11-01 00:31:45,20161031_OB_539309_UKSH.xml.gz,2016-11-01 00:31:45,2024-01-01 00:00:34,change
SO.27276295,27276295,1,20,2023-12-23,2009-05-11,,0.0,,,,,,333.0,,3269822,5297922,914837210,524,2378317210,55468,POINT (-756511 -1043943),True,2024-01-01 00:00:34,20231231_OB_539309_UKSH.xml.zip,2024-01-01 00:00:34,2025-07-01 00:03:00,change
SO.27276295,27276295,1,20,2025-06-24,2009-05-11,,0.0,,,,,,333.0,,4385808,6842203,914837210,524,2378317210,55468,POINT (-756511 -1043942.81),True,2025-07-01 00:03:00,20250630_OB_539309_UKSH.xml.zip,2025-07-01 00:03:00,,
SO.27276309,27276309,1,20,2011-07-01,2009-05-11,,0.0,,,,,,,,0,0,914835210,525,2378315210,55468,POINT (-756506.01 -1043880.17),True,2015-09-01 00:22:16,20150831_OB_539309_UKSH.xml.gz,2015-09-01 00:22:16,2024-01-01 00:00:34,change
SO.27276309,27276309,1,20,2023-12-23,2009-05-11,,0.0,,,,,,566.0,,3269822,5297922,914835210,525,2378315210,55468,POINT (-756506.01 -1043880.17),True,2024-01-01 00:00:34,20231231_OB_539309_UKSH.xml.zip,2024-01-01 00:00:34,,
SO.27285847,27285847,1,7,2013-11-20,2009-05-21,10,1.0,2.0,1,1,1,2,141.0,1,456855,401004,886702210,526,2295826210,55468,POINT (-757949 -1043781.37),True,2015-09-01 00:22:16,20150831_OB_539309_UKSH.xml.gz,2015-09-01 00:22:16,2024-01-01 00:00:34,change
SO.27285847,27285847,1,7,2023-12-23,2009-05-21,10,1.0,2.0,1,1,1,2,109.0,1,3269822,5297922,886702210,526,2295826210,55468,POINT (-757949 -1043781.37),True,2024-01-01 00:00:34,20231231_OB_539309_UKSH.xml.zip,2024-01-01 00:00:34,,
SO.27301371,27301371,1,7,2013-11-20,2009-06-10,10,1.0,3.0,1,1,1,2,75.0,1,456855,401004,891719210,527,2313332210,55468,POINT (-757906.94 -1043872.51),True,2015-09-01 00:22:16,20150831_OB_539309_UKSH.xml.gz,2015-09-01 00:22:16,2024-01-01 00:00:34,change
SO.27301371,27301371,1,7,2023-12-23,2009-06-10,10,1.0,3.0,1,1,1,2,75.0,4,3269822,5297922,891719210,527,2313332210,55468,POINT (-757906.94 -1043872.51),True,2024-01-01 00:00:34,20231231_OB_539309_UKSH.xml.zip,2024-01-01 00:00:34,,
SO.27301389,27301389,1,7,2013-11-20,2009-06-10,7,1.0,3.0,1,1,1,2,126.0,1,456855,401004,891102210,528,2313586210,55468,POINT (-758023.37 -1043697.56),True,2015-09-01 00:22:16,20150831_OB_539309_UKSH.xml.gz,2015-09-01 00:22:16,,
SO.27301397,27301397,1,7,2013-11-20,2009-06-10,6,1.0,2.0,1,1,1,2,113.0,1,456855,401004,926250210,529,2417144210,55468,POINT (-757308.55 -1044004.36),True,2015-09-01 00:22:16,20150831_OB_539309_UKSH.xml.gz,2015-09-01 00:22:16,2024-01-01 00:00:34,change
SO.27301397,27301397,1,7,2023-12-23,2009-06-10,6,1.0,2.0,1,1,1,2,84.0,1,3269823,5297923,926250210,529,2417144210,55468,POINT (-757308.55 -1044004.36),True,2024-01-01 00:00:34,20231231_OB_539309_UKSH.xml.zip,2024-01-01 00:00:34,,
SO.27301401,27301401,1,7,2013-11-20,2009-06-10,9,1.0,2.0,1,1,1,9,76.0,1,456855,401004,921616210,530,2418021210,55468,POINT (-757854.81 -1044286.59),True,2015-09-01 00:22:16,20150831_OB_539309_UKSH.xml.gz,2015-09-01 00:22:16,2024-01-01 00:00:34,change
SO.27301401,27301401,1,7,2023-12-23,2009-06-10,9,1.0,2.0,1,1,1,2,76.0,1,3269823,5297923,921616210,530,2418021210,55468,POINT (-757854.81 -1044286.59),True,2024-01-01 00:00:34,20231231_OB_539309_UKSH.xml.zip,2024-01-01 00:00:34,,
SO.27301419,27301419,1,7,2013-11-20,2009-06-10,9,1.0,2.0,1,1,1,9,76.0,1,456855,401004,921615210,531,2418022210,55468,POINT (-757850.01 -1044280.57),True,2015-09-01 00:22:16,20150831_OB_539309_UKSH.xml.gz,2015-09-01 00:22:16,2024-01-01 00:00:34,change
SO.27301419,27301419,1,7,2023-12-23,2009-06-10,9,1.0,2.0,1,1,1,2,76.0,1,3269823,5297923,921615210,531,2418022210,55468,POINT (-757850.01 -1044280.57),True,2024-01-01 00:00:34,20231231_OB_539309_UKSH.xml.zip,2024-01-01 00:00:34,,
SO.27301427,27301427,1,7,2013-11-20,2009-06-10,7,1.0,2.0,1,1,1,2,76.0,1,456855,401004,921611210,532,2418020210,55468,POINT (-757877.62 -1044267.69),True,2015-09-01 00:22:16,20150831_OB_539309_UKSH.xml.gz,2015-09-01 00:22:16,,
SO.27301435,27301435,1,7,2013-11-20,2009-06-10,7,1.0,2.0,1,1,1,2,76.0,1,456855,401004,921614210,533,2418019210,55468,POINT (-757873.32 -1044261.46),True,2015-09-01 00:22:16,20150831_OB_539309_UKSH.xml.gz,2015-09-01 00:22:16,2024-01-01 00:00:34,change
SO.27301435,27301435,1,7,2023-12-23,2009-06-10,7,1.0,2.0,1,1,1,2,113.0,1,3269823,5297923,921614210,533,2418019210,55468,POINT (-757873.32 -1044261.46),True,2024-01-01 00:00:34,20231231_OB_539309_UKSH.xml.zip,2024-01-01 00:00:34,,
SO.27306046,27306046,1,7,2013-11-20,2009-06-22,6,1.0,2.0,1,1,1,2,81.0,1,456855,401004,925613210,534,2410128210,55468,POINT (-757760.04 -1044044.91),True,2015-09-01 00:22:16,20150831_OB_539309_UKSH.xml.gz,2015-09-01 00:22:16,,
SO.27306054,27306054,1,7,2013-11-20,2009-06-22,7,1.0,2.0,1,1,1,2,79.0,1,456855,401004,886973210,535,2299297210,55468,POINT (-757766 -1044082),True,2015-09-01 00:22:16,20150831_OB_539309_UKSH.xml.gz,2015-09-01 00:22:16,,
SO.27321851,27321851,1,,2011-07-01,2009-07-09,4,1.0,2.0,1,1,1,,97.0,1,0,0,,536,,55468,POINT (-757803 -1044320),False,2015-09-01 00:22:16,20150831_OB_539309_UKSH.xml.gz,2015-09-01 00:22:16,2024-05-01 00:03:20,change
SO.27321851,27321851,1,7,2024-04-12,2008-07-23,4,1.0,2.0,1,1,1,2,97.0,1,3357153,5470236,889361210,536,2306874210,55468,POINT (-757802.78 -1044320.28),True,2024-05-01 00:03:20,20240430_OB_539309_UKSH.xml.zip,2024-05-01 00:03:20,,
SO.27332721,27332721,1,7,2013-11-20,2009-07-21,1,1.0,3.0,1,1,1,2,97.0,1,456855,401004,954570210,537,2410127210,55468,POINT (-757734.36 -1044046.1),True,2015-09-01 00:22:16,20150831_OB_539309_UKSH.xml.gz,2015-09-01 00:22:16,,
SO.27344631,27344631,1,7,2013-11-20,2009-08-10,10,1.0,2.0,1,1,1,2,163.0,1,456855,401004,907044210,538,2375602210,55468,POINT (-757696.44 -1044373.67),True,2015-09-01 00:22:16,20150831_OB_539309_UKSH.xml.gz,2015-09-01 00:22:16,2022-12-01 00:05:50,change
SO.27344631,27344631,1,7,2013-11-20,2009-08-10,10,1.0,2.0,1,1,1,2,163.0,1,456855,401004,907044210,538,2375602210,55468,POINT (-757696.44 -1044373.67),True,2022-12-01 00:05:50,20221130_OB_539309_UKSH.xml.zip,2022-12-01 00:05:50,2024-01-01 00:00:34,change
SO.27344631,27344631,1,7,2023-12-23,2009-08-10,10,1.0,2.0,1,1,1,2,105.0,1,3269823,5297923,907044210,538,2375602210,55468,POINT (-757696.44 -1044373.67),True,2024-01-01 00:00:34,20231231_OB_539309_UKSH.xml.zip,2024-01-01 00:00:34,,
SO.27344649,27344649,1,7,2013-11-20,2009-08-10,10,1.0,2.0,1,1,1,9,127.0,1,456855,401004,883408210,540,2281773210,55468,POINT (-757874.76 -1043848.94),True,2015-09-01 00:22:16,20150831_OB_539309_UKSH.xml.gz,2015-09-01 00:22:16,2024-01-01 00:00:34,change
SO.27344649,27344649,1,7,2023-12-23,2009-08-10,10,1.0,2.0,1,1,1,2,127.0,1,3269823,5297923,883408210,540,2281773210,55468,POINT (-757874.76 -1043848.94),True,2024-01-01 00:00:34,20231231_OB_539309_UKSH.xml.zip,2024-01-01 00:00:34,,
SO.27344827,27344827,1,7,2013-11-20,2009-08-20,10,1.0,2.0,1,1,1,2,134.0,1,456855,401004,909002210,539,2377306210,55468,POINT (-757704 -1044323),True,2015-09-01 00:22:16,20150831_OB_539309_UKSH.xml.gz,2015-09-01 00:22:16,2024-11-01 00:04:28,change
SO.27344827,27344827,1,7,2024-10-25,2009-08-20,10,1.0,2.0,1,1,1,2,184.0,1,3816355,6097290,909002210,539,2377306210,55468,POINT (-757704 -1044323),True,2024-11-01 00:04:28,20241031_OB_539309_UKSH.xml.zip,2024-11-01 00:04:28,,
SO.27356752,27356752,1,7,2013-11-20,2009-08-28,10,1.0,2.0,1,1,1,2,142.0,1,456855,401004,948776210,541,2402001210,55468,POINT (-757773 -1043706),True,2015-09-01 00:22:16,20150831_OB_539309_UKSH.xml.gz,2015-09-01 00:22:16,2024-01-01 00:00:34,change
SO.27356752,27356752,1,7,2023-12-23,2009-08-28,10,1.0,2.0,1,1,1,2,113.0,1,3269823,5297923,948776210,541,2402001210,55468,POINT (-757773 -1043706),True,2024-01-01 00:00:34,20231231_OB_539309_UKSH.xml.zip,2024-01-01 00:00:34,,
SO.27363082,27363082,1,7,2011-07-01,2009-09-02,,1.0,2.0,1,1,1,,104.0,1,0,0,928845210,542,2424663210,55468,POINT (-757692.66 -1044403.43),True,2015-09-01 00:22:16,20150831_OB_539309_UKSH.xml.gz,2015-09-01 00:22:16,2024-01-01 00:00:34,change
SO.27363082,27363082,1,7,2023-12-23,2009-09-02,,1.0,2.0,1,1,1,2,104.0,1,3269823,5297923,928845210,542,2424663210,55468,POINT (-757692.66 -1044403.43),True,2024-01-01 00:00:34,20231231_OB_539309_UKSH.xml.zip,2024-01-01 00:00:34,,
SO.27363091,27363091,1,,2011-07-01,2009-09-07,,1.0,,,,,,,,0,0,,547,,55468,POINT (-757647 -1044146),False,2015-09-01 00:22:16,20150831_OB_539309_UKSH.xml.gz,2015-09-01 00:22:16,2016-05-01 00:06:54,change
SO.27363091,27363091,1,7,2016-04-25,2009-09-07,,1.0,,,,,,,,920908,1227370,911875210,547,2395672210,55468,POINT (-757647 -1044146),True,2016-05-01 00:06:54,20160430_OB_539309_UKSH.xml.gz,2016-05-01 00:06:54,2024-01-01 00:00:34,change
SO.27363091,27363091,1,7,2023-12-23,2009-09-07,1,1.0,1.0,1,1,1,2,112.0,3,3269823,5297923,911875210,547,2395672210,55468,POINT (-757647.2 -1044145.68),True,2024-01-01 00:00:34,20231231_OB_539309_UKSH.xml.zip,2024-01-01 00:00:34,,
SO.27395014,27395014,1,7,2013-11-20,2009-10-07,1,1.0,2.0,1,1,1,2,90.0,1,456855,401004,914789210,543,2404989210,55468,POINT (-757423 -1044067),True,2015-09-01 00:22:16,20150831_OB_539309_UKSH.xml.gz,2015-09-01 00:22:16,,
SO.27415961,27415961,1,,2011-07-01,2009-10-27,,1.0,2.0,1,1,1,,125.0,1,0,0,,548,,55468,POINT (-757717.06 -1044265.22),False,2015-09-01 00:22:16,20150831_OB_539309_UKSH.xml.gz,2015-09-01 00:22:16,2025-02-01 00:03:27,change
SO.27415961,27415961,1,7,2025-01-16,2009-12-14,1,1.0,2.0,1,1,1,2,125.0,11,4011535,6344941,902609210,548,2329923210,55468,POINT (-757717.08 -1044265.26),True,2025-02-01 00:03:27,20250131_OB_539309_UKSH.xml.zip,2025-02-01 00:03:27,,
SO.27429610,27429610,1,7,2013-11-20,2009-11-05,10,1.0,2.0,1,1,1,2,172.0,1,456855,401004,882582210,544,2282504210,55468,POINT (-757881.63 -1043823.16),True,2015-09-01 00:22:16,20150831_OB_539309_UKSH.xml.gz,2015-09-01 00:22:16,2022-12-01 00:05:50,change
SO.27429610,27429610,1,7,2022-11-15,2009-11-05,10,1.0,2.0,1,1,1,2,172.0,1,2921609,4651915,882582210,544,2282504210,55468,POINT (-757881.61 -1043822.97),True,2022-12-01 00:05:50,20221130_OB_539309_UKSH.xml.zip,2022-12-01 00:05:50,2024-01-01 00:00:34,change
SO.27429610,27429610,1,7,2023-12-23,2009-11-05,10,2.0,2.0,1,1,1,2,172.0,1,3269823,5297923,882582210,544,2282504210,55468,POINT (-757881.61 -1043822.97),True,2024-01-01 00:00:34,20231231_OB_539309_UKSH.xml.zip,2024-01-01 00:00:34,,
SO.27457907,27457907,1,7,2013-11-20,2009-11-30,10,1.0,2.0,1,1,1,2,131.0,1,456855,401004,932903210,550,2320412210,55468,POINT (-756730 -1044112),True,2015-09-01 00:22:16,20150831_OB_539309_UKSH.xml.gz,2015-09-01 00:22:16,2024-01-01 00:00:34,change
SO.27457907,27457907,1,7,2023-12-23,2009-11-30,10,1.0,2.0,1,1,1,2,114.0,1,3269823,5297923,932903210,550,2320412210,55468,POINT (-756730 -1044112),True,2024-01-01 00:00:34,20231231_OB_539309_UKSH.xml.zip,2024-01-01 00:00:34,,
SO.27477410,27477410,1,7,2013-11-20,2009-12-16,10,1.0,2.0,1,1,1,9,372.0,1,456855,401004,927074210,549,2425736210,55468,POINT (-757786 -1044384),True,2015-09-01 00:22:16,20150831_OB_539309_UKSH.xml.gz,2015-09-01 00:22:16,2024-01-01 00:00:34,change
SO.27477410,27477410,1,7,2023-12-23,2009-12-16,10,1.0,2.0,1,1,1,2,219.0,1,3269823,5297923,927074210,549,2425736210,55468,POINT (-757786 -1044384),True,2024-01-01 00:00:34,20231231_OB_539309_UKSH.xml.zip,2024-01-01 00:00:34,,
SO.27477428,27477428,1,7,2013-11-20,2009-12-03,7,1.0,2.0,1,1,1,2,143.0,1,456855,401004,936126210,555,2445328210,55468,POINT (-757830.32 -1043969.93),True,2015-09-01 00:22:16,20150831_OB_539309_UKSH.xml.gz,2015-09-01 00:22:16,2019-07-01 00:07:42,change
SO.27477428,27477428,1,7,2019-06-07,2019-03-15,7,1.0,2.0,1,1,1,2,183.0,1,2020450,2894965,936126210,555,2445328210,55468,POINT (-757830.32 -1043969.93),True,2019-07-01 00:07:42,20190630_OB_539309_UKSH.xml.zip,2019-07-01 00:07:42,,
SO.27483711,27483711,1,7,2013-11-20,2009-12-31,1,1.0,2.0,1,9,1,2,175.0,4,456855,401004,936005210,554,2456814210,55468,POINT (-757772.48 -1043945.51),True,2015-09-01 00:22:16,20150831_OB_539309_UKSH.xml.gz,2015-09-01 00:22:16,2024-01-01 00:00:34,change
SO.27483711,27483711,1,7,2023-12-23,2009-12-31,1,1.0,2.0,1,3,1,2,175.0,4,3269823,5297923,936005210,554,2456814210,55468,POINT (-757772.48 -1043945.51),True,2024-01-01 00:00:34,20231231_OB_539309_UKSH.xml.zip,2024-01-01 00:00:34,,
SO.27483746,27483746,1,7,2013-11-20,2010-01-05,10,1.0,2.0,1,1,1,2,104.0,1,456855,401004,914932210,546,2374423210,55468,POINT (-757847 -1044003),True,2015-09-01 00:22:16,20150831_OB_539309_UKSH.xml.gz,2015-09-01 00:22:16,,
SO.27491862,27491862,1,7,2013-11-20,2010-01-12,6,1.0,2.0,1,3,1,2,126.0,2,456855,401004,921621210,551,2422368210,55468,POINT (-757398 -1044130),True,2015-09-01 00:22:16,20150831_OB_539309_UKSH.xml.gz,2015-09-01 00:22:16,2024-01-01 00:00:34,change
SO.27491862,27491862,1,7,2023-12-23,2010-01-12,6,1.0,2.0,1,3,1,2,126.0,1,3269823,5297923,921621210,551,2422368210,55468,POINT (-757398 -1044130),True,2024-01-01 00:00:34,20231231_OB_539309_UKSH.xml.zip,2024-01-01 00:00:34,,
SO.27506053,27506053,1,7,2013-11-20,2010-01-25,10,1.0,,1,1,1,2,,1,456855,401004,907234210,552,2378915210,55468,POINT (-757744 -1043979),True,2015-09-01 00:22:16,20150831_OB_539309_UKSH.xml.gz,2015-09-01 00:22:16,2024-01-01 00:00:34,change
SO.27506053,27506053,1,7,2023-12-23,2010-01-25,10,1.0,2.0,1,1,1,2,97.0,1,3269823,5297923,907234210,552,2378915210,55468,POINT (-757744 -1043979),True,2024-01-01 00:00:34,20231231_OB_539309_UKSH.xml.zip,2024-01-01 00:00:34,,
SO.27525066,27525066,1,6,2013-11-20,2010-02-16,6,6.0,4.0,1,3,1,2,205.0,1,456855,401004,904077210,562,2368677210,55468,POINT (-758062 -1043881),True,2015-09-01 00:22:16,20150831_OB_539309_UKSH.xml.gz,2015-09-01 00:22:16,2024-01-01 00:00:34,change
SO.27525066,27525066,1,6,2023-12-23,2010-02-16,6,6.0,4.0,1,3,1,2,205.0,3,3269823,5297923,904077210,562,2368677210,55468,POINT (-758062 -1043881),True,2024-01-01 00:00:34,20231231_OB_539309_UKSH.xml.zip,2024-01-01 00:00:34,,
SO.27525074,27525074,1,6,2013-11-20,2010-02-16,6,6.0,4.0,1,3,1,2,206.0,4,456855,401004,905171210,563,2370705210,55468,POINT (-758058 -1043897),True,2015-09-01 00:22:16,20150831_OB_539309_UKSH.xml.gz,2015-09-01 00:22:16,2024-01-01 00:00:34,change
SO.27525074,27525074,1,6,2023-12-23,2010-02-16,6,7.0,4.0,1,3,1,2,206.0,3,3269823,5297923,905171210,563,2370705210,55468,POINT (-758058 -1043897),True,2024-01-01 00:00:34,20231231_OB_539309_UKSH.xml.zip,2024-01-01 00:00:34,,
SO.27525082,27525082,1,6,2013-11-20,2010-02-16,6,6.0,4.0,1,3,1,2,208.0,4,456855,401004,905172210,564,2370706210,55468,POINT (-758061 -1043915),True,2015-09-01 00:22:16,20150831_OB_539309_UKSH.xml.gz,2015-09-01 00:22:16,2024-01-01 00:00:34,change
SO.27525082,27525082,1,6,2023-12-23,2010-02-16,6,6.0,4.0,1,1,1,2,207.0,3,3269823,5297923,905172210,564,2370706210,55468,POINT (-758061 -1043915),True,2024-01-01 00:00:34,20231231_OB_539309_UKSH.xml.zip,2024-01-01 00:00:34,,
SO.27525091,27525091,1,6,2013-11-20,2010-02-16,6,6.0,4.0,1,3,1,2,206.0,4,456855,401004,905173210,565,2370707210,55468,POINT (-758058 -1043932),True,2015-09-01 00:22:16,20150831_OB_539309_UKSH.xml.gz,2015-09-01 00:22:16,2024-01-01 00:00:34,change
SO.27525091,27525091,1,6,2023-12-23,2010-02-16,6,6.0,4.0,1,3,1,2,206.0,3,3269823,5297923,905173210,565,2370707210,55468,POINT (-758058 -1043932),True,2024-01-01 00:00:34,20231231_OB_539309_UKSH.xml.zip,2024-01-01 00:00:34,,
SO.27525104,27525104,1,6,2013-11-20,2010-02-16,6,6.0,4.0,1,3,1,9,208.0,9,456855,401004,905537210,566,2372662210,55468,POINT (-758061 -1043949),True,2015-09-01 00:22:16,20150831_OB_539309_UKSH.xml.gz,2015-09-01 00:22:16,2024-01-01 00:00:34,change
SO.27525104,27525104,1,6,2023-12-23,2010-02-16,6,6.0,4.0,1,3,1,2,208.0,3,3269823,5297923,905537210,566,2372662210,55468,POINT (-758061 -1043949),True,2024-01-01 00:00:34,20231231_OB_539309_UKSH.xml.zip,2024-01-01 00:00:34,,
SO.27525112,27525112,1,6,2013-11-20,2010-02-16,6,8.0,4.0,1,3,1,2,207.0,4,456855,401004,905538210,567,2372663210,55468,POINT (-758058 -1043965),True,2015-09-01 00:22:16,20150831_OB_539309_UKSH.xml.gz,2015-09-01 00:22:16,2024-01-01 00:00:34,change
SO.27525112,27525112,1,6,2023-12-23,2010-02-16,6,8.0,4.0,1,3,1,2,207.0,3,3269823,5297923,905538210,567,2372663210,55468,POINT (-758058 -1043965),True,2024-01-01 00:00:34,20231231_OB_539309_UKSH.xml.zip,2024-01-01 00:00:34,,
SO.27525121,27525121,1,6,2013-11-20,2010-02-16,6,6.0,4.0,1,3,1,2,205.0,4,456855,401004,907219210,568,2376022210,55468,POINT (-758058 -1043982),True,2015-09-01 00:22:16,20150831_OB_539309_UKSH.xml.gz,2015-09-01 00:22:16,2022-11-01 00:06:54,change
SO.27525121,27525121,1,6,2017-04-11,2010-02-16,6,6.0,4.0,1,3,1,2,205.0,4,1335015,1801541,907219210,568,2376022210,55468,POINT (-758060.91 -1043981.61),True,2022-11-01 00:06:54,20221031_OB_539309_UKSH.xml.zip,2022-11-01 00:06:54,2024-01-01 00:00:34,change
SO.27525121,27525121,1,6,2023-12-23,2010-02-16,6,6.0,4.0,1,3,1,2,206.0,3,3269823,5297923,907219210,568,2376022210,55468,POINT (-758060.91 -1043981.61),True,2024-01-01 00:00:34,20231231_OB_539309_UKSH.xml.zip,2024-01-01 00:00:34,,
SO.27525139,27525139,1,6,2013-11-20,2010-02-16,6,8.0,4.0,1,3,1,2,206.0,4,456855,401004,907798210,569,2378551210,55468,POINT (-758061 -1044025),True,2015-09-01 00:22:16,20150831_OB_539309_UKSH.xml.gz,2015-09-01 00:22:16,2024-01-01 00:00:34,change
SO.27525139,27525139,1,6,2023-12-23,2010-02-16,6,8.0,4.0,1,3,1,2,206.0,3,3269823,5297923,907798210,569,2378551210,55468,POINT (-758061 -1044025),True,2024-01-01 00:00:34,20231231_OB_539309_UKSH.xml.zip,2024-01-01 00:00:34,,
SO.27525147,27525147,1,6,2013-11-20,2010-02-16,6,6.0,4.0,1,1,1,2,207.0,4,456855,401004,907799210,570,2378552210,55468,POINT (-758058 -1044043),True,2015-09-01 00:22:16,20150831_OB_539309_UKSH.xml.gz,2015-09-01 00:22:16,2024-01-01 00:00:34,change
SO.27525147,27525147,1,6,2023-12-23,2010-02-16,6,6.0,4.0,1,1,1,2,207.0,3,3269823,5297923,907799210,570,2378552210,55468,POINT (-758058 -1044043),True,2024-01-01 00:00:34,20231231_OB_539309_UKSH.xml.zip,2024-01-01 00:00:34,,
SO.27525155,27525155,1,6,2013-11-20,2010-02-16,6,6.0,,1,3,1,2,208.0,4,456855,401004,910021210,571,2380612210,55468,POINT (-758056 -1044060),True,2015-09-01 00:22:16,20150831_OB_539309_UKSH.xml.gz,2015-09-01 00:22:16,2022-11-01 00:06:54,change
SO.27525155,27525155,1,6,2022-10-19,2010-02-16,6,6.0,,1,3,1,2,208.0,4,2899206,4607235,910021210,571,2380612210,55468,POINT (-758056.1 -1044060.07),True,2022-11-01 00:06:54,20221031_OB_539309_UKSH.xml.zip,2022-11-01 00:06:54,2024-01-01 00:00:34,change
SO.27525155,27525155,1,6,2023-12-23,2010-02-16,6,6.0,2.0,1,3,1,2,208.0,3,3269823,5297923,910021210,571,2380612210,55468,POINT (-758056.1 -1044060.07),True,2024-01-01 00:00:34,20231231_OB_539309_UKSH.xml.zip,2024-01-01 00:00:34,,
SO.27525163,27525163,1,7,2013-11-20,2010-02-16,1,1.0,,1,3,1,2,142.0,4,456855,401004,948734210,556,2461865210,55468,POINT (-757057.56 -1044267.12),True,2015-09-01 00:22:16,20150831_OB_539309_UKSH.xml.gz,2015-09-01 00:22:16,2024-01-01 00:00:34,change
SO.27525163,27525163,1,7,2023-12-23,2010-02-16,1,1.0,2.0,1,3,1,2,130.0,1,3269823,5297923,948734210,556,2461865210,55468,POINT (-757057.56 -1044267.12),True,2024-01-01 00:00:34,20231231_OB_539309_UKSH.xml.zip,2024-01-01 00:00:34,,
SO.27525171,27525171,1,,2011-07-01,2010-02-16,,1.0,,,,,,,,0,0,,553,,55468,POINT (-757754 -1043827),False,2015-09-01 00:22:16,20150831_OB_539309_UKSH.xml.gz,2015-09-01 00:22:16,2015-12-01 00:47:52,change
SO.27525171,27525171,1,7,2015-11-27,2011-12-19,1,1.0,2.0,1,1,1,2,193.0,1,782509,1016736,913372210,553,2399772210,55468,POINT (-757754 -1043827),True,2015-12-01 00:47:52,20151130_OB_539309_UKSH.xml.gz,2015-12-01 00:47:52,,
SO.27531414,27531414,1,7,2013-11-20,2010-03-02,1,1.0,2.0,1,3,1,2,101.0,1,456855,401004,935481210,557,2458997210,55468,POINT (-757749 -1044131),True,2015-09-01 00:22:16,20150831_OB_539309_UKSH.xml.gz,2015-09-01 00:22:16,,
SO.27531422,27531422,1,7,2013-11-20,2010-03-02,1,1.0,2.0,1,1,1,2,69.0,1,456855,401004,909170210,560,2384584210,55468,POINT (-757794 -1043947),True,2015-09-01 00:22:16,20150831_OB_539309_UKSH.xml.gz,2015-09-01 00:22:16,,
SO.27541541,27541541,1,7,2013-11-20,2010-03-08,1,1.0,2.0,1,9,1,9,150.0,9,456855,401004,888102210,558,2291968210,55468,POINT (-757457.25 -1043801.47),True,2015-09-01 00:22:16,20150831_OB_539309_UKSH.xml.gz,2015-09-01 00:22:16,2024-01-01 00:00:34,change
SO.27541541,27541541,1,7,2023-12-23,2010-03-08,1,1.0,2.0,1,1,1,2,177.0,1,3269823,5297923,888102210,558,2291968210,55468,POINT (-757457.25 -1043801.47),True,2024-01-01 00:00:34,20231231_OB_539309_UKSH.xml.zip,2024-01-01 00:00:34,,
SO.27541550,27541550,1,7,2013-11-20,2010-03-08,10,1.0,,1,1,1,2,,1,456855,401004,904761210,559,2327113210,55468,POINT (-757631 -1044387),True,2015-09-01 00:22:16,20150831_OB_539309_UKSH.xml.gz,2015-09-01 00:22:16,2022-12-01 00:05:50,change
SO.27541550,27541550,1,7,2022-11-08,2010-03-08,10,1.0,,1,1,1,2,,1,2914943,4638381,904761210,559,2327113210,55468,POINT (-757630.94 -1044386.81),True,2022-12-01 00:05:50,20221130_OB_539309_UKSH.xml.zip,2022-12-01 00:05:50,2024-01-01 00:00:34,change
SO.27541550,27541550,1,7,2023-12-23,2010-03-08,10,1.0,2.0,1,1,1,2,120.0,1,3269823,5297923,904761210,559,2327113210,55468,POINT (-757630.94 -1044386.81),True,2024-01-01 00:00:34,20231231_OB_539309_UKSH.xml.zip,2024-01-01 00:00:34,,
SO.27545075,27545075,1,7,2013-11-20,2010-03-12,1,1.0,2.0,1,9,1,9,86.0,9,456855,401004,909422210,561,2368737210,55468,POINT (-757997 -1043796),True,2015-09-01 00:22:16,20150831_OB_539309_UKSH.xml.gz,2015-09-01 00:22:16,2020-02-01 00:11:13,change
SO.27545075,27545075,1,7,2020-01-30,2010-03-12,1,1.0,2.0,1,9,1,9,86.0,9,2195437,3233726,909422210,561,2368737210,55468,POINT (-757997.08 -1043796.45),True,2020-02-01 00:11:13,20200131_OB_539309_UKSH.xml.zip,2020-02-01 00:11:13,2024-01-01 00:00:34,change
SO.27545075,27545075,1,7,2023-12-23,2010-03-12,1,1.0,2.0,1,3,1,2,86.0,1,3269823,5297923,909422210,561,2368737210,55468,POINT (-757997.08 -1043796.45),True,2024-01-01 00:00:34,20231231_OB_539309_UKSH.xml.zip,2024-01-01 00:00:34,,
SO.27545083,27545083,1,7,2013-11-20,2010-03-12,6,1.0,2.0,1,1,1,2,82.0,1,456855,401004,931531210,575,2305057210,55468,POINT (-757867 -1044145),True,2015-09-01 00:22:16,20150831_OB_539309_UKSH.xml.gz,2015-09-01 00:22:16,,
SO.27559157,27559157,1,7,2013-11-20,2010-04-07,1,1.0,2.0,1,1,1,9,132.0,9,456855,401004,887588210,572,2296549210,55468,POINT (-757909.47 -1043818.86),True,2015-09-01 00:22:16,20150831_OB_539309_UKSH.xml.gz,2015-09-01 00:22:16,2024-01-01 00:00:34,change
SO.27559157,27559157,1,7,2023-12-23,2010-04-07,1,1.0,2.0,1,1,1,2,132.0,1,3269823,5297923,887588210,572,2296549210,55468,POINT (-757909.47 -1043818.86),True,2024-01-01 00:00:34,20231231_OB_539309_UKSH.xml.zip,2024-01-01 00:00:34,,
SO.27649521,27649521,1,7,2013-11-20,2010-08-02,1,1.0,2.0,1,1,1,2,100.0,1,456855,401004,936498210,573,2458910210,55468,POINT (-757818 -1044300),True,2015-09-01 00:22:16,20150831_OB_539309_UKSH.xml.gz,2015-09-01 00:22:16,,
SO.27705421,27705421,1,7,2011-07-01,2010-10-20,,0.0,,,,,,,,0,0,960206210,221,2524816210,55468,POINT (-757425.6 -1044099.81),True,2015-09-01 00:22:16,20150831_OB_539309_UKSH.xml.gz,2015-09-01 00:22:16,2024-01-01 00:00:34,change
SO.27705421,27705421,1,7,2023-12-23,2010-10-20,1,1.0,1.0,1,1,1,2,85.0,1,3269823,5297923,960206210,221,2524816210,55468,POINT (-757425.6 -1044099.81),True,2024-01-01 00:00:34,20231231_OB_539309_UKSH.xml.zip,2024-01-01 00:00:34,2026-02-01 00:00:48,change
SO.27705421,27705421,1,7,2026-01-08,2010-10-20,1,1.0,1.0,1,1,1,2,85.0,11,4852736,7496056,960206210,221,2524816210,55468,POINT (-757425.6 -1044099.81),True,2026-02-01 00:00:48,20260131_OB_539309_UKSH.xml.zip,2026-02-01 00:00:48,,
SO.27705579,27705579,1,7,2015-07-10,2010-10-26,,0.0,,,,,,,,742454,919172,21760364010,589,26358013010,55468,POINT (-757477.7 -1044018.62),True,2015-09-01 00:22:16,20150831_OB_539309_UKSH.xml.gz,2015-09-01 00:22:16,2016-02-01 00:00:02,change
SO.27705579,27705579,1,7,2016-01-14,2010-10-26,1,1.0,2.0,1,1,1,2,63.0,1,819588,1075623,21760364010,589,26358013010,55468,POINT (-757479.85 -1044018.1),True,2016-02-01 00:00:02,20160131_OB_539309_UKSH.xml.gz,2016-02-01 00:00:02,,
SO.27736199,27736199,1,7,2015-02-07,2010-10-26,,1.0,,,,,,,,685848,803047,,580,26358014010,55468,POINT (-757451.99 -1043973.43),False,2015-09-01 00:22:16,20150831_OB_539309_UKSH.xml.gz,2015-09-01 00:22:16,2015-11-01 00:06:29,change
SO.27736199,27736199,1,7,2015-02-07,2010-10-26,,1.0,,,,,,,,685848,991451,16542513010,580,26358014010,55468,POINT (-757451.99 -1043973.43),True,2015-11-01 00:06:29,20151031_OB_539309_UKSH.xml.gz,2015-11-01 00:06:29,2016-01-01 00:00:01,change
SO.27736199,27736199,1,7,2015-02-07,2010-10-26,,1.0,,,,,,,,685848,1031521,,580,26358014010,55468,POINT (-757451.99 -1043973.43),False,2016-01-01 00:00:01,20151231_OB_539309_UKSH.xml.gz,2016-01-01 00:00:01,2016-04-01 00:31:14,removed
SO.27742458,27742458,1,7,2013-11-20,2010-12-06,1,1.0,3.0,1,9,1,9,141.0,9,456855,401004,960626210,230,2510974210,55468,POINT (-757844.34 -1044068.2),True,2015-09-01 00:22:16,20150831_OB_539309_UKSH.xml.gz,2015-09-01 00:22:16,2024-01-01 00:00:34,change
SO.27742458,27742458,1,7,2023-12-23,2010-12-06,1,1.0,3.0,1,1,1,2,141.0,1,3269823,5297923,960626210,230,2510974210,55468,POINT (-757844.34 -1044068.2),True,2024-01-01 00:00:34,20231231_OB_539309_UKSH.xml.zip,2024-01-01 00:00:34,,
SO.27789161,27789161,1,7,2011-07-01,2011-01-31,1,1.0,2.0,1,,1,,207.0,,0,0,,586,2389188210,55468,POINT (-757451.98 -1044001.1),False,2015-09-01 00:22:16,20150831_OB_539309_UKSH.xml.gz,2015-09-01 00:22:16,2016-05-01 00:06:54,change
SO.27789161,27789161,1,7,2016-04-25,2011-01-31,1,1.0,2.0,1,,1,,207.0,,920910,1227385,20464537010,586,26358016010,55468,POINT (-757451.98 -1044001.1),True,2016-05-01 00:06:54,20160430_OB_539309_UKSH.xml.gz,2016-05-01 00:06:54,2024-01-01 00:00:34,change
SO.27789161,27789161,1,7,2023-12-23,2011-01-31,1,1.0,2.0,1,1,1,2,207.0,1,3269823,5297923,20464537010,586,26358016010,55468,POINT (-757451.42 -1044005.49),True,2024-01-01 00:00:34,20231231_OB_539309_UKSH.xml.zip,2024-01-01 00:00:34,,
SO.27793958,27793958,1,7,2012-04-27,2011-02-07,1,1.0,3.0,1,1,1,2,114.0,1,35006,0,888104210,229,2291969210,55468,POINT (-757451.54 -1043821.96),True,2015-09-01 00:22:16,20150831_OB_539309_UKSH.xml.gz,2015-09-01 00:22:16,,
SO.30135559,30135559,1,7,2013-11-20,,1,1.0,2.0,1,9,1,9,221.0,9,456855,401004,966018210,228,2487068210,55468,POINT (-757576.49 -1044115.06),True,2015-09-01 00:22:16,20150831_OB_539309_UKSH.xml.gz,2015-09-01 00:22:16,2022-09-01 00:07:11,change
SO.30135559,30135559,1,7,2013-11-20,,1,1.0,2.0,1,9,1,9,221.0,9,456855,401004,966018210,228,2487068210,55468,POINT (-757576.49 -1044115.06),True,2022-09-01 00:07:11,20220831_OB_539309_UKSH.xml.zip,2022-09-01 00:07:11,2024-01-01 00:00:34,change
SO.30135559,30135559,1,7,2023-12-23,2010-12-31,1,1.0,2.0,1,1,1,2,196.0,1,3269823,5297923,966018210,228,2487068210,55468,POINT (-757576.49 -1044115.06),True,2024-01-01 00:00:34,20231231_OB_539309_UKSH.xml.zip,2024-01-01 00:00:34,,
SO.30135567,30135567,1,7,2011-07-01,,,1.0,3.0,1,1,1,,101.0,1,0,0,935543210,523,2456515210,55468,POINT (-757202.62 -1044080.83),True,2015-09-01 00:22:16,20150831_OB_539309_UKSH.xml.gz,2015-09-01 00:22:16,2024-01-01 00:00:34,change
SO.30135567,30135567,1,7,2023-12-23,2009-12-31,,1.0,3.0,1,1,1,2,73.0,1,3269823,5297923,935543210,523,2456515210,55468,POINT (-757202.62 -1044080.83),True,2024-01-01 00:00:34,20231231_OB_539309_UKSH.xml.zip,2024-01-01 00:00:34,,
SO.30135575,30135575,1,20,2014-09-10,2014-07-14,7,0.0,3.0,1,1,9,,1252.0,1,610694,673345,902502210,545,2345678210,55468,POINT (-756106 -1043982),True,2015-09-01 00:22:16,20150831_OB_539309_UKSH.xml.gz,2015-09-01 00:22:16,2023-06-01 00:14:42,change
SO.30135575,30135575,1,20,2023-05-15,2014-07-14,7,0.0,3.0,1,1,9,,1252.0,1,3071731,4932069,902502210,545,2345678210,55468,POINT (-756106.48 -1043981.97),True,2023-06-01 00:14:42,20230531_OB_539309_UKSH.xml.zip,2023-06-01 00:14:42,,
SO.34051643,34051643,1,,2011-07-01,,,1.0,,,,,,,,0,0,,99,,55468,POINT (-756905.88 -1043905.56),False,2015-09-01 00:22:16,20150831_OB_539309_UKSH.xml.gz,2015-09-01 00:22:16,2024-05-01 00:03:20,removed
SO.34051651,34051651,1,,2011-07-01,,,0.0,,,,,,,,0,0,,197,1457005210,55468,POINT (-756494.88 -1043995.56),False,2015-09-01 00:22:16,20150831_OB_539309_UKSH.xml.gz,2015-09-01 00:22:16,2022-12-01 00:05:50,change
SO.34051651,34051651,1,13,2022-11-16,1970-01-01,7,0.0,1.0,4,3,2,2,2860.0,4,2923545,4655305,381185210,197,1304118210,55468,POINT (-756496.37 -1043991.03),True,2022-12-01 00:05:50,20221130_OB_539309_UKSH.xml.zip,2022-12-01 00:05:50,,
SO.34051660,34051660,1,,2011-07-01,,,0.0,,,,,,,,0,0,,217,1304116210,55468,POINT (-756468 -1043998),False,2015-09-01 00:22:16,20150831_OB_539309_UKSH.xml.gz,2015-09-01 00:22:16,2025-07-01 00:03:00,removed
SO.34051678,34051678,1,7,2012-04-27,2011-09-02,1,1.0,3.0,1,1,1,2,201.0,1,34712,670698,915586210,577,2403774210,55468,,True,2015-09-01 00:22:16,20150831_OB_539309_UKSH.xml.gz,2015-09-01 00:22:16,2022-11-01 00:06:54,change
SO.34051678,34051678,1,7,2018-07-04,2011-09-02,1,1.0,3.0,1,1,1,2,201.0,1,1795510,2474369,915586210,577,2403774210,55468,POINT (-757816.31 -1044038.34),True,2022-11-01 00:06:54,20221031_OB_539309_UKSH.xml.zip,2022-11-01 00:06:54,,
SO.34051686,34051686,1,7,2014-07-18,,1,1.0,2.0,1,1,1,,50.0,1,599279,664996,16094897010,609,30813298010,55468,POINT (-757518.86 -1043993.52),True,2015-09-01 00:22:16,20150831_OB_539309_UKSH.xml.gz,2015-09-01 00:22:16,2024-01-01 00:00:34,change
SO.34051686,34051686,1,7,2023-12-23,2008-12-31,1,1.0,2.0,1,1,1,2,50.0,1,3269823,5297923,16094897010,609,30813298010,55468,POINT (-757518.86 -1043993.52),True,2024-01-01 00:00:34,20231231_OB_539309_UKSH.xml.zip,2024-01-01 00:00:34,,
SO.39588408,39588408,3,19,2011-07-01,,,,,,,,,,,0,0,380917210,,1304341210,,POINT (-756694.67 -1044129.41),True,2015-09-01 00:22:16,20150831_OB_539309_UKSH.xml.gz,2015-09-01 00:22:16,,
SO.39588416,39588416,3,19,2011-07-01,,,,,,,,,,,0,0,,,1304153210,,POINT (-756815.05 -1044069.35),False,2016-01-01 00:00:01,20151231_OB_539309_UKSH.xml.gz,2016-01-01 00:00:01,2023-09-01 00:02:20,removed
SO.39588424,39588424,3,19,2011-07-01,,,,,,,,,,,0,0,381063210,,1304378210,,POINT (-756818.04 -1044100.91),True,2015-09-01 00:22:16,20150831_OB_539309_UKSH.xml.gz,2015-09-01 00:22:16,2020-11-01 00:18:21,change
SO.39588424,39588424,3,18,2020-10-07,2020-10-07,1,0.0,1.0,4,3,2,2,25.0,4,2344999,3537289,381063210,,1304378210,,POINT (-756818.04 -1044100.91),True,2020-11-01 00:18:21,20201031_OB_539309_UKSH.xml.zip,2020-11-01 00:18:21,2024-12-01 00:02:37,change
SO.39588424,39588424,3,18,2024-11-13,2024-10-10,1,0.0,2.0,4,3,2,2,55.0,4,3857934,6151668,381063210,,1304378210,,POINT (-756818.23 -1044099.48),True,2024-12-01 00:02:37,20241130_OB_539309_UKSH.xml.zip,2024-12-01 00:02:37,,
SO.39588432,39588432,3,18,2011-07-01,,,,,,,,,,,0,0,796325210,,2130140210,,POINT (-756992.04 -1043953.36),True,2015-09-01 00:22:16,20150831_OB_539309_UKSH.xml.gz,2015-09-01 00:22:16,,
SO.39589790,39589790,3,19,2011-07-01,,,,,,,,,,,0,0,861344210,,2218711210,,POINT (-756737.69 -1043982.76),True,2015-09-01 00:22:16,20150831_OB_539309_UKSH.xml.gz,2015-09-01 00:22:16,,
SO.39591255,39591255,3,1,2011-07-01,,,,,,,,,,,0,0,381112210,,1304374210,,POINT (-756297.28 -1043888.79),True,2015-09-01 00:22:16,20150831_OB_539309_UKSH.xml.gz,2015-09-01 00:22:16,,
SO.42580749,42580749,3,5,2011-07-01,,,,,,,,,,,0,0,381204210,,1304303210,,POINT (-756823.62 -1044024.04),True,2015-09-01 00:22:16,20150831_OB_539309_UKSH.xml.gz,2015-09-01 00:22:16,2020-02-01 00:11:13,change
SO.42580749,42580749,3,5,2011-07-01,,,,,,,,,,,0,0,381204210,,1304303210,,POINT (-756823.62 -1044024.04),True,2020-02-01 00:11:13,20200131_OB_539309_UKSH.xml.zip,2020-02-01 00:11:13,2024-12-01 00:02:37,change
SO.42580749,42580749,3,5,2024-11-22,,,,,,,,,,,3892544,6194301,381204210,,1304303210,,POINT (-756821.4 -1044023.35),True,2024-12-01 00:02:37,20241130_OB_539309_UKSH.xml.zip,2024-12-01 00:02:37,,
SO.42580757,42580757,3,18,2011-07-01,,,,,,,,,,,0,835064,,,1600051210,,POINT (-756962.88 -1044168.1),False,2015-09-01 00:22:16,20150831_OB_539309_UKSH.xml.gz,2015-09-01 00:22:16,2025-03-01 00:03:14,removed
SO.42582113,42582113,3,19,2011-07-01,,,,,,,,,,,0,0,855098210,,2211429210,,POINT (-756764.46 -1044098.24),True,2015-09-01 00:22:16,20150831_OB_539309_UKSH.xml.gz,2015-09-01 00:22:16,,
SO.42653088,42653088,3,13,2011-07-01,,,,,,,,,,,0,0,381185210,,1304118210,,POINT (-756496.37 -1043991.03),True,2015-09-01 00:22:16,20150831_OB_539309_UKSH.xml.gz,2015-09-01 00:22:16,2022-12-01 00:05:50,removed
SO.42654505,42654505,3,13,2011-07-01,,,,,,,,,,,0,0,381173210,,1304119210,,POINT (-756530.23 -1043969.31),True,2015-09-01 00:22:16,20150831_OB_539309_UKSH.xml.gz,2015-09-01 00:22:16,,
SO.42654513,42654513,3,13,2011-07-01,,,,,,,,,,,0,0,381175210,,1304117210,,POINT (-756449.63 -1044028.37),True,2015-09-01 00:22:16,20150831_OB_539309_UKSH.xml.gz,2015-09-01 00:22:16,2022-12-01 00:05:50,change
SO.42654513,42654513,3,13,2022-10-18,,,,,,,,,,,2897634,4654209,,,1304117210,,POINT (-756452.39 -1044033.46),False,2022-12-01 00:05:50,20221130_OB_539309_UKSH.xml.zip,2022-12-01 00:05:50,2023-09-01 00:02:20,removed
SO.42654521,42654521,3,19,2011-07-01,,,,,,,,,,,0,0,381180210,,1569788210,,POINT (-756533.6 -1043751.19),True,2015-09-01 00:22:16,20150831_OB_539309_UKSH.xml.gz,2015-09-01 00:22:16,2021-06-02 00:00:04,change
SO.42654521,42654521,3,19,2011-07-01,,,,,,,,,,,0,0,381180210,,1569788210,,POINT (-756533.6 -1043751.19),True,2021-06-02 00:00:04,20210601_OB_539309_UKSH.xml.zip,2021-06-02 00:00:04,2025-04-01 00:03:10,change
SO.42654521,42654521,3,19,2011-07-01,,,,,,,,,,,0,0,381180210,,1569788210,,POINT (-756533.6 -1043751.19),True,2025-04-01 00:03:10,20250331_OB_539309_UKSH.xml.zip,2025-04-01 00:03:10,,
SO.42654530,42654530,3,18,2011-07-01,,,,,,,,,,,0,0,517698210,,1650396210,,POINT (-756607.22 -1044118.17),True,2015-09-01 00:22:16,20150831_OB_539309_UKSH.xml.gz,2015-09-01 00:22:16,,
SO.42654548,42654548,3,18,2011-07-01,,,,,,,,,,,0,0,381193210,,1304320210,,POINT (-757135.45 -1043794.18),True,2015-09-01 00:22:16,20150831_OB_539309_UKSH.xml.gz,2015-09-01 00:22:16,,
SO.42654556,42654556,3,19,2011-07-01,,,,,,,,,,,0,0,381195210,,1304132210,,POINT (-756572.29 -1043933.02),True,2015-09-01 00:22:16,20150831_OB_539309_UKSH.xml.gz,2015-09-01 00:22:16,2017-04-01 00:21:46,change
SO.42654556,42654556,3,10,2017-03-08,,,,,,,,,,,1301129,1751640,381195210,,1304132210,,POINT (-756570.38 -1043934.01),True,2017-04-01 00:21:46,20170331_OB_539309_UKSH.xml.gz,2017-04-01 00:21:46,,
SO.42873266,42873266,3,13,2011-07-01,,,,,,,,,,,0,0,381169210,,1304338210,,POINT (-756610.95 -1043828.16),True,2015-09-01 00:22:16,20150831_OB_539309_UKSH.xml.gz,2015-09-01 00:22:16,2021-06-02 00:00:04,change
SO.42873266,42873266,3,13,2011-07-01,,,,,,,,,,,0,0,381169210,,1304338210,,POINT (-756610.95 -1043828.16),True,2021-06-02 00:00:04,20210601_OB_539309_UKSH.xml.zip,2021-06-02 00:00:04,2025-04-01 00:03:10,change
SO.42873266,42873266,3,12,2025-03-27,,,,,,,,,,,4175201,6561648,381169210,,1304338210,,POINT (-756610.95 -1043828.16),True,2025-04-01 00:03:10,20250331_OB_539309_UKSH.xml.zip,2025-04-01 00:03:10,,
SO.42873274,42873274,3,13,2011-07-01,,,,,,,,,,,0,0,381170210,,1304356210,,POINT (-756479.74 -1043717.43),True,2015-09-01 00:22:16,20150831_OB_539309_UKSH.xml.gz,2015-09-01 00:22:16,2025-04-01 00:03:10,change
SO.42873274,42873274,3,12,2025-03-27,2025-03-06,7,0.0,2.0,4,3,2,2,382.0,4,4175961,6562964,381170210,,1304356210,,POINT (-756479.74 -1043717.43),True,2025-04-01 00:03:10,20250331_OB_539309_UKSH.xml.zip,2025-04-01 00:03:10,,
SO.42873282,42873282,3,19,2011-07-01,,,,,,,,,,,0,0,381133210,,1304083210,,POINT (-757017.28 -1044090.62),True,2015-09-01 00:22:16,20150831_OB_539309_UKSH.xml.gz,2015-09-01 00:22:16,2019-03-02 00:00:07,change
SO.42873282,42873282,3,19,2019-02-08,,,,,,,,,,,1948189,2747845,381133210,,1304083210,,POINT (-757040.21 -1044082.85),True,2019-03-02 00:00:07,20190301_OB_539309_UKSH.xml.zip,2019-03-02 00:00:07,,
SO.42873291,42873291,3,18,2011-07-01,,,,,,,,,,,0,0,381158210,,1304381210,,POINT (-756588.53 -1044107.73),True,2015-09-01 00:22:16,20150831_OB_539309_UKSH.xml.gz,2015-09-01 00:22:16,,
SO.42922330,42922330,3,19,2011-07-01,,,,,,,,,,,0,0,881348210,,2281982210,,POINT (-758647.54 -1043118.92),True,2015-09-01 00:22:16,20150831_OB_539309_UKSH.xml.gz,2015-09-01 00:22:16,,
SO.42922348,42922348,3,19,2011-07-01,,,,,,,,,,,0,0,881350210,,2281984210,,POINT (-758681.35 -1043078.38),True,2015-09-01 00:22:16,20150831_OB_539309_UKSH.xml.gz,2015-09-01 00:22:16,,
SO.42922372,42922372,3,19,2011-07-01,,,,,,,,,,,0,0,508512210,,1634134210,,POINT (-757971.21 -1044354.61),True,2015-09-01 00:22:16,20150831_OB_539309_UKSH.xml.gz,2015-09-01 00:22:16,,
SO.42922381,42922381,3,19,2011-07-01,,,,,,,,,,,0,0,881340210,,2281970210,,POINT (-758661.93 -1042985.99),True,2015-09-01 00:22:16,20150831_OB_539309_UKSH.xml.gz,2015-09-01 00:22:16,,
SO.42922399,42922399,3,19,2011-07-01,,,,,,,,,,,0,0,881343210,,2281973210,,POINT (-758756.76 -1043044.83),True,2015-09-01 00:22:16,20150831_OB_539309_UKSH.xml.gz,2015-09-01 00:22:16,,
SO.42922402,42922402,3,19,2011-07-01,,,,,,,,,,,0,0,381127210,,1304210210,,POINT (-759803.45 -1042836.97),True,2015-09-01 00:22:16,20150831_OB_539309_UKSH.xml.gz,2015-09-01 00:22:16,2023-04-01 00:06:22,change
SO.42922402,42922402,3,19,2023-03-14,,,,,,,,,,,3027952,4842379,381127210,,1304210210,,POINT (-759797.21 -1042843.83),True,2023-04-01 00:06:22,20230331_OB_539309_UKSH.xml.zip,2023-04-01 00:06:22,,
SO.42922411,42922411,3,19,2011-07-01,,,,,,,,,,,0,0,381129210,,1304211210,,POINT (-759822.67 -1042839.08),True,2015-09-01 00:22:16,20150831_OB_539309_UKSH.xml.gz,2015-09-01 00:22:16,2023-04-01 00:06:22,change
SO.42922411,42922411,3,19,2023-03-14,,,,,,,,,,,3027949,4842376,381129210,,1304211210,,POINT (-759816.72 -1042829.55),True,2023-04-01 00:06:22,20230331_OB_539309_UKSH.xml.zip,2023-04-01 00:06:22,,
SO.43232132,43232132,3,18,2011-07-01,,,,,,,,,,,0,0,889583210,,2307138210,,POINT (-757941.92 -1043809.8),True,2015-09-01 00:22:16,20150831_OB_539309_UKSH.xml.gz,2015-09-01 00:22:16,,
SO.43232141,43232141,3,18,2011-07-01,,,,,,,,,,,0,0,887154210,,2273270210,,POINT (-757031.06 -1043904.6),True,2015-09-01 00:22:16,20150831_OB_539309_UKSH.xml.gz,2015-09-01 00:22:16,,
SO.43232159,43232159,3,18,2011-07-01,,,,,,,,,,,0,0,888032210,,2298254210,,POINT (-756416.61 -1044156.42),True,2015-09-01 00:22:16,20150831_OB_539309_UKSH.xml.gz,2015-09-01 00:22:16,,
SO.43235620,43235620,3,13,2011-07-01,,,,,,,,,,,0,0,914838210,,2378318210,,POINT (-756549.59 -1043946.21),True,2015-09-01 00:22:16,20150831_OB_539309_UKSH.xml.gz,2015-09-01 00:22:16,2025-07-01 00:03:00,change
SO.43235620,43235620,3,13,2011-07-01,,,,,,,,,,,0,0,914838210,,2378318210,,POINT (-756549.59 -1043946.21),True,2025-07-01 00:03:00,20250630_OB_539309_UKSH.xml.zip,2025-07-01 00:03:00,,
SO.43237100,43237100,3,13,2011-07-01,,,,,,,,,,,0,0,930990210,,2442768210,,POINT (-756636 -1044064.96),True,2015-09-01 00:22:16,20150831_OB_539309_UKSH.xml.gz,2015-09-01 00:22:16,,
SO.43237118,43237118,3,19,2011-07-01,,,,,,,,,,,0,0,936708210,,2452219210,,POINT (-757311.63 -1044336.08),True,2015-09-01 00:22:16,20150831_OB_539309_UKSH.xml.gz,2015-09-01 00:22:16,,
SO.43237126,43237126,3,18,2011-07-01,,,,,,,,,,,0,0,927075210,,2425737210,,POINT (-757802.18 -1044378.5),True,2015-09-01 00:22:16,20150831_OB_539309_UKSH.xml.gz,2015-09-01 00:22:16,,
SO.43237134,43237134,3,19,2011-07-01,,,,,,,,,,,0,0,927077210,,2425739210,,POINT (-757787.35 -1044362.78),True,2015-09-01 00:22:16,20150831_OB_539309_UKSH.xml.gz,2015-09-01 00:22:16,,
SO.43237142,43237142,3,18,2011-07-01,,,,,,,,,,,0,0,380948210,,1304365210,,POINT (-756829.11 -1043976.51),True,2015-09-01 00:22:16,20150831_OB_539309_UKSH.xml.gz,2015-09-01 00:22:16,2018-03-01 00:24:20,change
SO.43237142,43237142,3,18,2018-02-18,,,,,,,,,,,1700401,2318024,380948210,,1304365210,,POINT (-756827.96 -1043980.62),True,2018-03-01 00:24:20,20180228_OB_539309_UKSH.xml.gz,2018-03-01 00:24:20,,
SO.43237151,43237151,3,19,2011-07-01,,,,,,,,,,,0,0,380964210,,1304280210,,POINT (-756716.53 -1044133.08),True,2015-09-01 00:22:16,20150831_OB_539309_UKSH.xml.gz,2015-09-01 00:22:16,,
SO.43238581,43238581,3,18,2011-07-01,,,,,,,,,,,0,0,380987210,,1304321210,,POINT (-757195.6 -1044035.56),True,2015-09-01 00:22:16,20150831_OB_539309_UKSH.xml.gz,2015-09-01 00:22:16,2019-08-01 00:09:38,change
SO.43238581,43238581,3,18,2019-07-22,,,,,,,,,,,2049476,2952066,380987210,,1304321210,,POINT (-757195.72 -1044036.97),True,2019-08-01 00:09:38,20190731_OB_539309_UKSH.xml.zip,2019-08-01 00:09:38,,
SO.43480888,43480888,3,18,2011-07-01,,,,,,,,,,,0,0,920556210,,2410793210,,POINT (-757812.43 -1043806.69),True,2015-09-01 00:22:16,20150831_OB_539309_UKSH.xml.gz,2015-09-01 00:22:16,,
SO.43663672,43663672,3,20,2011-07-01,,,,,,,,,,,0,130386,,,2378317210,,POINT (-756511 -1043942.81),False,2015-09-01 00:22:16,20150831_OB_539309_UKSH.xml.gz,2015-09-01 00:22:16,2025-03-01 00:03:14,removed
SO.45695997,45695997,3,19,2011-07-01,,,,,,,,,,,0,0,381073210,,1304366210,,POINT (-757077.05 -1044098.61),True,2015-09-01 00:22:16,20150831_OB_539309_UKSH.xml.gz,2015-09-01 00:22:16,,
SO.45697175,45697175,3,19,2011-07-01,,,,,,,,,,,0,0,381043210,,1304293210,,POINT (-757185.3 -1043917.32),True,2015-09-01 00:22:16,20150831_OB_539309_UKSH.xml.gz,2015-09-01 00:22:16,2019-04-01 00:06:53,removed
SO.45701261,45701261,3,18,2011-07-01,,,,,,,,,,,0,0,381018210,,1304292210,,POINT (-757161.74 -1043999.65),True,2015-09-01 00:22:16,20150831_OB_539309_UKSH.xml.gz,2015-09-01 00:22:16,,
SO.45701270,45701270,3,19,2011-07-01,,,,,,,,,,,0,0,381021210,,1304216210,,POINT (-756938.71 -1044063.8),True,2015-09-01 00:22:16,20150831_OB_539309_UKSH.xml.gz,2015-09-01 00:22:16,2019-07-01 00:07:42,change
SO.45701270,45701270,3,19,2011-07-01,,,,,,,,,,,0,0,381021210,,1304216210,,POINT (-756938.71 -1044063.8),True,2019-07-01 00:07:42,20190630_OB_539309_UKSH.xml.zip,2019-07-01 00:07:42,2022-11-01 00:06:54,change
SO.45701270,45701270,3,19,2011-07-01,,,,,,,,,,,0,4618382,,,1304216210,,POINT (-756938.71 -1044063.8),False,2022-11-01 00:06:54,20221031_OB_539309_UKSH.xml.zip,2022-11-01 00:06:54,2022-12-01 00:05:50,removed
SO.45701288,45701288,3,18,2011-07-01,,,,,,,,,,,0,0,381048210,,1304306210,,POINT (-756615.09 -1044253.74),True,2015-09-01 00:22:16,20150831_OB_539309_UKSH.xml.gz,2015-09-01 00:22:16,,
SO.45701296,45701296,3,19,2011-07-01,,,,,,,,,,,0,0,381055210,,1304308210,,POINT (-756830.39 -1044007.93),True,2015-09-01 00:22:16,20150831_OB_539309_UKSH.xml.gz,2015-09-01 00:22:16,2020-02-01 00:11:13,change
SO.45701296,45701296,3,19,2020-01-22,,,,,,,,,,,2189211,3221180,381055210,,1304308210,,POINT (-756824.34 -1044003.46),True,2020-02-01 00:11:13,20200131_OB_539309_UKSH.xml.zip,2020-02-01 00:11:13,,
SO.45702250,45702250,3,19,2011-07-01,,,,,,,,,,,0,0,381064210,,1304379210,,POINT (-756821.39 -1044099.73),True,2015-09-01 00:22:16,20150831_OB_539309_UKSH.xml.gz,2015-09-01 00:22:16,2024-12-01 00:02:37,removed
SO.45702268,45702268,3,13,2011-07-01,,,,,,,,,,,0,0,381102210,,1304284210,,POINT (-757182.14 -1044072.95),True,2015-09-01 00:22:16,20150831_OB_539309_UKSH.xml.gz,2015-09-01 00:22:16,2022-08-01 00:03:03,change
SO.45702268,45702268,3,13,2011-07-01,,,,,,,,,,,0,0,381102210,,1304284210,,POINT (-757182.14 -1044072.95),True,2022-08-01 00:03:03,20220731_OB_539309_UKSH.xml.zip,2022-08-01 00:03:03,,
SO.45702276,45702276,3,18,2011-07-01,,,,,,,,,,,0,0,801044210,,2137319210,,POINT (-757226.33 -1044052.5),True,2015-09-01 00:22:16,20150831_OB_539309_UKSH.xml.gz,2015-09-01 00:22:16,,
SO.45707642,45707642,3,19,2011-07-01,,,,,,,,,,,0,0,381057210,,1304156210,,POINT (-756841.69 -1044117.61),True,2015-09-01 00:22:16,20150831_OB_539309_UKSH.xml.gz,2015-09-01 00:22:16,2022-11-01 00:06:54,change
SO.45707642,45707642,3,19,2011-07-01,,,,,,,,,,,0,4618382,,,1304156210,,POINT (-756841.69 -1044117.61),False,2022-11-01 00:06:54,20221031_OB_539309_UKSH.xml.zip,2022-11-01 00:06:54,2022-12-01 00:05:50,removed
SO.45707651,45707651,3,18,2011-07-01,,,,,,,,,,,0,0,381067210,,1304262210,,POINT (-757001.93 -1043799.17),True,2015-09-01 00:22:16,20150831_OB_539309_UKSH.xml.gz,2015-09-01 00:22:16,,
SO.45707669,45707669,3,1,2011-07-01,,,,,,,,,,,0,0,381111210,,1304376210,,POINT (-756196.53 -1043974.81),True,2015-09-01 00:22:16,20150831_OB_539309_UKSH.xml.gz,2015-09-01 00:22:16,,
SO.45707677,45707677,3,1,2011-07-01,,,,,,,,,,,0,0,381113210,,1304375210,,POINT (-756269.53 -1043901.31),True,2015-09-01 00:22:16,20150831_OB_539309_UKSH.xml.gz,2015-09-01 00:22:16,,
SO.49138995,49138995,3,19,2011-07-01,,,,,,,,,,,0,0,381205210,,1304307210,,POINT (-756954.68 -1044088.31),True,2015-09-01 00:22:16,20150831_OB_539309_UKSH.xml.gz,2015-09-01 00:22:16,2022-08-01 00:03:03,removed
SO.49140272,49140272,3,10,2011-07-01,,,,,,,,,,,0,0,599231210,,1815801210,,POINT (-757191.73 -1044037.97),True,2015-09-01 00:22:16,20150831_OB_539309_UKSH.xml.gz,2015-09-01 00:22:16,2019-08-01 00:09:38,change
SO.49140272,49140272,3,10,2019-07-22,,,,,,,,,,,2049481,2952070,599231210,,1815801210,,POINT (-757190.58 -1044037.61),True,2019-08-01 00:09:38,20190731_OB_539309_UKSH.xml.zip,2019-08-01 00:09:38,2024-06-01 00:02:47,change
SO.49140272,49140272,3,19,2024-05-03,2007-10-12,1,0.0,1.0,4,3,2,2,44.0,4,3396756,5525723,599231210,,1815801210,,POINT (-757190.58 -1044037.61),True,2024-06-01 00:02:47,20240531_OB_539309_UKSH.xml.zip,2024-06-01 00:02:47,,
SO.49189930,49189930,3,18,2011-07-01,,,,,,,,,,,0,0,381166210,,1304371210,,POINT (-756583.15 -1044045.98),True,2015-09-01 00:22:16,20150831_OB_539309_UKSH.xml.gz,2015-09-01 00:22:16,,
SO.49189956,49189956,3,13,2011-07-01,,,,,,,,,,,0,0,381188210,,1304346210,,POINT (-756407.73 -1044046.27),True,2015-09-01 00:22:16,20150831_OB_539309_UKSH.xml.gz,2015-09-01 00:22:16,,
SO.49194879,49194879,3,19,2011-07-01,,,,,,,,,,,0,0,381189210,,1304323210,,POINT (-756569.46 -1043853.56),True,2015-09-01 00:22:16,20150831_OB_539309_UKSH.xml.gz,2015-09-01 00:22:16,2025-04-01 00:03:10,change
SO.49194879,49194879,3,19,2025-03-14,,,,,,,,,,,4143864,6520288,381189210,,1304323210,,POINT (-756571.98 -1043854.02),True,2025-04-01 00:03:10,20250331_OB_539309_UKSH.xml.zip,2025-04-01 00:03:10,,
SO.49196111,49196111,3,13,2011-07-01,,,,,,,,,,,0,0,381174210,,1304124210,,POINT (-756536.19 -1043965.42),True,2015-09-01 00:22:16,20150831_OB_539309_UKSH.xml.gz,2015-09-01 00:22:16,,
SO.49196120,49196120,3,16,2011-07-01,,,,,,,,,,,0,0,381176210,,1304367210,,POINT (-756546.6 -1043849.88),True,2015-09-01 00:22:16,20150831_OB_539309_UKSH.xml.gz,2015-09-01 00:22:16,2022-11-01 00:06:54,change
SO.49196120,49196120,3,16,2011-07-01,,,,,,,,,,,0,4621315,,,1304367210,,POINT (-756546.6 -1043849.88),False,2022-11-01 00:06:54,20221031_OB_539309_UKSH.xml.zip,2022-11-01 00:06:54,2022-12-01 00:05:50,removed
SO.49196138,49196138,3,19,2011-07-01,,,,,,,,,,,0,0,381179210,,1304283210,,POINT (-757174.65 -1044128.34),True,2015-09-01 00:22:16,20150831_OB_539309_UKSH.xml.gz,2015-09-01 00:22:16,,
SO.49196146,49196146,3,13,2011-07-01,,,,,,,,,,,0,0,381182210,,1304285210,,POINT (-757159.62 -1044074.49),True,2015-09-01 00:22:16,20150831_OB_539309_UKSH.xml.gz,2015-09-01 00:22:16,,
SO.49196154,49196154,3,18,2011-07-01,,,,,,,,,,,0,0,517759210,,1650496210,,POINT (-756633.42 -1044124.31),True,2015-09-01 00:22:16,20150831_OB_539309_UKSH.xml.gz,2015-09-01 00:22:16,,
SO.49196162,49196162,3,5,2011-07-01,,,,,,,,,,,0,0,381203210,,1304302210,,POINT (-757189.3 -1044190.96),True,2015-09-01 00:22:16,20150831_OB_539309_UKSH.xml.gz,2015-09-01 00:22:16,,
SO.49354523,49354523,3,10,2011-07-01,,,,,,,,,,,0,0,932938210,,2452320210,,POINT (-757100.16 -1044117.15),True,2015-09-01 00:22:16,20150831_OB_539309_UKSH.xml.gz,2015-09-01 00:22:16,,
SO.49671111,49671111,3,19,2011-07-01,,,,,,,,,,,0,0,381095210,,1304148210,,POINT (-756700.61 -1044064.07),True,2015-09-01 00:22:16,20150831_OB_539309_UKSH.xml.gz,2015-09-01 00:22:16,2022-12-01 00:05:50,change
SO.49671111,49671111,3,19,2011-07-01,,,,,,,,,,,0,0,381095210,,1304148210,,POINT (-756700.61 -1044064.07),True,2022-12-01 00:05:50,20221130_OB_539309_UKSH.xml.zip,2022-12-01 00:05:50,2024-06-01 00:02:47,change
SO.49671111,49671111,3,19,2011-07-01,,,,,,,,,,,0,0,381095210,,1304148210,,POINT (-756700.61 -1044064.07),True,2024-06-01 00:02:47,20240531_OB_539309_UKSH.xml.zip,2024-06-01 00:02:47,,
SO.49684442,49684442,3,16,2015-02-07,,,,,,,,,,,681474,799024,381141210,,1304120210,,POINT (-756546.12 -1044039.54),True,2015-09-01 00:22:16,20150831_OB_539309_UKSH.xml.gz,2015-09-01 00:22:16,2019-05-01 00:13:50,change
SO.49684442,49684442,3,16,2019-04-08,,,,,,,,,,,1984719,2821406,381141210,,1304120210,,POINT (-756527.38 -1044052.19),True,2019-05-01 00:13:50,20190430_OB_539309_UKSH.xml.zip,2019-05-01 00:13:50,,
SO.49684451,49684451,3,13,2011-07-01,,,,,,,,,,,0,0,381172210,,1304116210,,POINT (-756468.35 -1043997.53),True,2015-09-01 00:22:16,20150831_OB_539309_UKSH.xml.gz,2015-09-01 00:22:16,,
SO.49684469,49684469,3,19,2011-07-01,,,,,,,,,,,0,0,381130210,,1304157210,,POINT (-756839.03 -1044101.51),True,2015-09-01 00:22:16,20150831_OB_539309_UKSH.xml.gz,2015-09-01 00:22:16,,
SO.49684477,49684477,3,18,2011-07-01,,,,,,,,,,,0,0,381132210,,1304336210,,POINT (-757036.56 -1044067.85),True,2015-09-01 00:22:16,20150831_OB_539309_UKSH.xml.gz,2015-09-01 00:22:16,,
SO.49738551,49738551,3,19,2011-07-01,,,,,,,,,,,0,0,881347210,,2281981210,,POINT (-758680.46 -1043109.33),True,2015-09-01 00:22:16,20150831_OB_539309_UKSH.xml.gz,2015-09-01 00:22:16,,
SO.49738569,49738569,3,19,2011-07-01,,,,,,,,,,,0,0,881349210,,2281983210,,POINT (-758646.88 -1043107.65),True,2015-09-01 00:22:16,20150831_OB_539309_UKSH.xml.gz,2015-09-01 00:22:16,,
SO.49738577,49738577,3,19,2011-07-01,,,,,,,,,,,0,0,881351210,,2281985210,,POINT (-758676.2 -1043033.34),True,2015-09-01 00:22:16,20150831_OB_539309_UKSH.xml.gz,2015-09-01 00:22:16,,
SO.49743163,49743163,3,19,2011-07-01,,,,,,,,,,,0,0,881341210,,2281971210,,POINT (-758701.88 -1043008.59),True,2015-09-01 00:22:16,20150831_OB_539309_UKSH.xml.gz,2015-09-01 00:22:16,,
SO.49743171,49743171,3,19,2011-07-01,,,,,,,,,,,0,0,881344210,,2281976210,,POINT (-758752.26 -1043078.87),True,2015-09-01 00:22:16,20150831_OB_539309_UKSH.xml.gz,2015-09-01 00:22:16,,
SO.49743180,49743180,3,19,2011-07-01,,,,,,,,,,,0,0,881345210,,2281978210,,POINT (-758750.2 -1043111.58),True,2015-09-01 00:22:16,20150831_OB_539309_UKSH.xml.gz,2015-09-01 00:22:16,,
SO.49743198,49743198,3,19,2011-07-01,,,,,,,,,,,0,0,381128210,,1304209210,,POINT (-759808.97 -1042811),True,2015-09-01 00:22:16,20150831_OB_539309_UKSH.xml.gz,2015-09-01 00:22:16,2023-05-01 00:00:46,change
SO.49743198,49743198,3,19,2011-07-01,,,,,,,,,,,0,4890883,,,1304209210,,POINT (-759808.97 -1042811),False,2023-05-01 00:00:46,20230430_OB_539309_UKSH.xml.zip,2023-05-01 00:00:46,2023-09-01 00:02:20,removed
SO.49743228,49743228,3,19,2011-07-01,,,,,,,,,,,0,0,441500210,,1504648210,,POINT (-756179.44 -1043669.82),True,2015-09-01 00:22:16,20150831_OB_539309_UKSH.xml.gz,2015-09-01 00:22:16,2022-06-01 00:09:23,removed
SO.49986333,49986333,3,16,2011-07-01,,,,,,,,,,,0,0,902362210,,2313860210,,POINT (-756380.21 -1043805.01),True,2015-09-01 00:22:16,20150831_OB_539309_UKSH.xml.gz,2015-09-01 00:22:16,,
SO.49986341,49986341,3,18,2011-07-01,,,,,,,,,,,0,0,926251210,,2417145210,,POINT (-757300.93 -1044003.95),True,2015-09-01 00:22:16,20150831_OB_539309_UKSH.xml.gz,2015-09-01 00:22:16,,
SO.49986350,49986350,3,12,2011-07-01,,,,,,,,,,,0,71235,,,2378316210,,POINT (-756501.47 -1043914.44),False,2015-09-01 00:22:16,20150831_OB_539309_UKSH.xml.gz,2015-09-01 00:22:16,2016-05-01 00:06:54,removed
SO.49988280,49988280,3,19,2011-07-01,,,,,,,,,,,0,0,380931210,,1304348210,,POINT (-756178.35 -1043656.4),True,2015-09-01 00:22:16,20150831_OB_539309_UKSH.xml.gz,2015-09-01 00:22:16,,
SO.50000705,50000705,3,19,2011-07-01,,,,,,,,,,,0,0,886160210,,2298620210,,POINT (-757022.66 -1043938.25),True,2015-09-01 00:22:16,20150831_OB_539309_UKSH.xml.gz,2015-09-01 00:22:16,2019-09-01 00:05:16,change
SO.50000705,50000705,3,19,2011-07-01,,,,,,,,,,,0,0,886160210,,2298620210,,POINT (-757022.66 -1043938.25),True,2019-09-01 00:05:16,20190831_OB_539309_UKSH.xml.zip,2019-09-01 00:05:16,,
SO.50016776,50016776,3,13,2011-07-01,,,,,,,,,,,0,0,930989210,,2442767210,,POINT (-756650.69 -1044038.29),True,2015-09-01 00:22:16,20150831_OB_539309_UKSH.xml.gz,2015-09-01 00:22:16,2024-09-01 00:02:29,change
SO.50016776,50016776,3,13,2011-07-01,,,,,,,,,,,0,0,930989210,,2442767210,,POINT (-756650.69 -1044038.29),True,2024-09-01 00:02:29,20240831_OB_539309_UKSH.xml.zip,2024-09-01 00:02:29,,
SO.50016784,50016784,3,19,2011-07-01,,,,,,,,,,,0,0,927076210,,2425738210,,POINT (-757771.88 -1044379.55),True,2015-09-01 00:22:16,20150831_OB_539309_UKSH.xml.gz,2015-09-01 00:22:16,,
SO.50016792,50016792,3,18,2011-07-01,,,,,,,,,,,0,0,380926210,,1304364210,,POINT (-756965.18 -1043916.96),True,2015-09-01 00:22:16,20150831_OB_539309_UKSH.xml.gz,2015-09-01 00:22:16,,
SO.50022644,50022644,3,19,2011-07-01,,,,,,,,,,,0,0,380937210,,1304104210,,POINT (-756750.29 -1044010.73),True,2015-09-01 00:22:16,20150831_OB_539309_UKSH.xml.gz,2015-09-01 00:22:16,2023-01-01 00:03:45,change
SO.50022644,50022644,3,19,2022-12-12,1900-01-01,10,0.0,1.0,4,3,2,2,61.0,4,2948947,4699616,380937210,,1304104210,,POINT (-756750.05 -1044010.69),True,2023-01-01 00:03:45,20221231_OB_539309_UKSH.xml.zip,2023-01-01 00:03:45,2023-07-01 00:03:19,change
SO.50022644,50022644,3,19,2023-06-05,1900-01-01,10,0.0,1.0,4,3,2,2,61.0,4,3087101,4964250,380937210,,1304104210,,POINT (-756746.37 -1044009.81),True,2023-07-01 00:03:19,20230630_OB_539309_UKSH.xml.zip,2023-07-01 00:03:19,,
SO.50048023,50048023,3,12,2011-07-01,,,,,,,,,,,0,0,868839210,,2242310210,,POINT (-756354.16 -1043703.04),True,2015-09-01 00:22:16,20150831_OB_539309_UKSH.xml.gz,2015-09-01 00:22:16,2025-04-01 00:03:10,change
SO.50048023,50048023,3,12,2011-07-01,,,,,,,,,,,0,0,868839210,,2242310210,,POINT (-756354.16 -1043703.04),True,2025-04-01 00:03:10,20250331_OB_539309_UKSH.xml.zip,2025-04-01 00:03:10,2025-05-01 00:07:36,change
SO.50048023,50048023,3,12,2011-07-01,,,,,,,,,,,0,0,868839210,,2242310210,,POINT (-756354.16 -1043703.04),True,2025-05-01 00:07:36,20250430_OB_539309_UKSH.xml.zip,2025-05-01 00:07:36,2025-11-01 00:06:17,change
SO.50048023,50048023,3,12,2011-07-01,,,,,,,,,,,0,0,868839210,,2242310210,,POINT (-756354.16 -1043703.04),True,2025-11-01 00:06:17,20251031_OB_539309_UKSH.xml.zip,2025-11-01 00:06:17,,
SO.50048562,50048562,3,13,2011-07-01,,,,,,,,,,,0,0,380972210,,1304235210,,POINT (-756847.55 -1044196.43),True,2015-09-01 00:22:16,20150831_OB_539309_UKSH.xml.gz,2015-09-01 00:22:16,2019-12-01 00:05:31,removed
SO.50071343,50071343,3,19,2011-07-01,,,,,,,,,,,0,0,868268210,,2240704210,,POINT (-757789.18 -1044349.67),True,2015-09-01 00:22:16,20150831_OB_539309_UKSH.xml.gz,2015-09-01 00:22:16,,
SO.50168037,50168037,3,19,2011-07-01,,,,,,,,,,,0,0,881346210,,2281980210,,POINT (-758714.51 -1043115.85),True,2015-09-01 00:22:16,20150831_OB_539309_UKSH.xml.gz,2015-09-01 00:22:16,,
SO.51046555,51046555,1,7,2014-02-20,,1,1.0,1.0,1,1,1,2,327.0,1,537898,655351,20986772010,613,21188417010,55468,POINT (-757397.04 -1043780.03),True,2015-09-01 00:22:16,20150831_OB_539309_UKSH.xml.gz,2015-09-01 00:22:16,2024-01-01 00:00:34,change
SO.51046555,51046555,1,7,2023-12-23,2012-12-31,1,1.0,1.0,1,1,1,2,327.0,1,3269823,5297923,20986772010,613,21188417010,55468,POINT (-757386.91 -1043779.1),True,2024-01-01 00:00:34,20231231_OB_539309_UKSH.xml.zip,2024-01-01 00:00:34,,
SO.51065886,51065886,1,7,2012-04-27,2011-10-03,1,1.0,2.0,1,1,1,2,138.0,1,34597,859365,964056210,614,2505870210,55468,,True,2015-09-01 00:22:16,20150831_OB_539309_UKSH.xml.gz,2015-09-01 00:22:16,2015-12-01 00:47:52,change
SO.51065886,51065886,1,7,2015-11-26,2011-10-03,1,1.0,2.0,1,1,1,,138.0,1,456854,1015657,964056210,614,2505870210,55468,POINT (-757827.25 -1044330.95),True,2015-12-01 00:47:52,20151130_OB_539309_UKSH.xml.gz,2015-12-01 00:47:52,2024-01-01 00:00:34,change
SO.51065886,51065886,1,7,2023-12-23,2011-10-03,1,1.0,2.0,1,1,1,2,138.0,1,3269823,5297923,964056210,614,2505870210,55468,POINT (-757827.25 -1044330.95),True,2024-01-01 00:00:34,20231231_OB_539309_UKSH.xml.zip,2024-01-01 00:00:34,,
SO.51072173,51072173,1,7,2013-09-04,2008-01-28,1,1.0,3.0,1,1,1,2,93.0,1,434035,748396,925592210,582,2422754210,55468,POINT (-757480.61 -1043974.76),True,2015-09-01 00:22:16,20150831_OB_539309_UKSH.xml.gz,2015-09-01 00:22:16,,
SO.51074711,51074711,1,7,2013-11-20,2011-12-14,1,1.0,2.0,1,1,1,,93.0,1,456855,401004,14993770010,574,20159123010,55468,POINT (-757621.96 -1043970.92),True,2015-09-01 00:22:16,20150831_OB_539309_UKSH.xml.gz,2015-09-01 00:22:16,2018-12-02 00:00:03,change
SO.51074711,51074711,1,7,2018-11-24,2011-12-14,1,1.0,2.0,1,1,1,2,93.0,1,1893799,2648605,14993770010,574,20159123010,55468,POINT (-757621.96 -1043970.92),True,2018-12-02 00:00:03,20181201_OB_539309_UKSH.xml.gz,2018-12-02 00:00:03,,
SO.51079429,51079429,1,7,2012-04-27,2012-04-05,1,1.0,2.0,1,1,1,2,123.0,1,35386,0,15059793010,617,21462126010,55468,,True,2015-09-01 00:22:16,20150831_OB_539309_UKSH.xml.gz,2015-09-01 00:22:16,2015-12-01 00:47:52,change
SO.51079429,51079429,1,7,2015-11-26,2012-04-05,1,1.0,2.0,1,1,1,,123.0,1,456854,1015657,15059793010,617,21462126010,55468,POINT (-757558.81 -1044179.24),True,2015-12-01 00:47:52,20151130_OB_539309_UKSH.xml.gz,2015-12-01 00:47:52,2024-01-01 00:00:34,change
SO.51079429,51079429,1,7,2023-12-23,2012-04-05,1,1.0,2.0,1,1,1,2,123.0,1,3269823,5297923,15059793010,617,21462126010,55468,POINT (-757558.81 -1044179.24),True,2024-01-01 00:00:34,20231231_OB_539309_UKSH.xml.zip,2024-01-01 00:00:34,,
SO.51080494,51080494,1,7,2013-11-20,,2,1.0,2.0,1,1,1,,130.0,1,456855,401004,15045624010,616,21874232010,55468,POINT (-757844.73 -1044306.06),True,2015-09-01 00:22:16,20150831_OB_539309_UKSH.xml.gz,2015-09-01 00:22:16,2018-12-02 00:00:03,change
SO.51080494,51080494,1,7,2018-11-24,,1,1.0,2.0,1,1,1,2,130.0,1,1893799,2648605,15045624010,616,21874232010,55468,POINT (-757844.73 -1044306.06),True,2018-12-02 00:00:03,20181201_OB_539309_UKSH.xml.gz,2018-12-02 00:00:03,2024-01-01 00:00:34,change
SO.51080494,51080494,1,7,2023-12-23,2012-12-31,1,1.0,2.0,1,1,1,2,130.0,1,3269823,5297923,15045624010,616,21874232010,55468,POINT (-757844.73 -1044306.06),True,2024-01-01 00:00:34,20231231_OB_539309_UKSH.xml.zip,2024-01-01 00:00:34,,
SO.51129183,51129183,1,7,2013-11-20,2012-04-24,4,1.0,2.0,1,1,1,,116.0,1,456855,401004,14678418010,620,18838220010,55468,POINT (-757250.36 -1044128.18),True,2015-09-01 00:22:16,20150831_OB_539309_UKSH.xml.gz,2015-09-01 00:22:16,2018-12-02 00:00:03,change
SO.51129183,51129183,1,7,2018-11-24,2012-04-24,1,1.0,2.0,1,1,1,2,116.0,1,1893799,2648605,14678418010,620,18838220010,55468,POINT (-757250.36 -1044128.18),True,2018-12-02 00:00:03,20181201_OB_539309_UKSH.xml.gz,2018-12-02 00:00:03,,
SO.51178346,51178346,1,7,2012-06-09,2012-05-23,1,1.0,3.0,1,1,1,2,122.0,1,58885,0,,618,2542039210,55468,POINT (-757867.34 -1043903.78),False,2015-09-01 00:22:16,20150831_OB_539309_UKSH.xml.gz,2015-09-01 00:22:16,2017-04-01 00:21:46,change
SO.51178346,51178346,1,7,2017-03-27,2012-05-23,1,1.0,3.0,1,1,1,2,160.0,1,1316853,1781234,24952614010,618,60378935010,55468,POINT (-757865.56 -1043904.76),True,2017-04-01 00:21:46,20170331_OB_539309_UKSH.xml.gz,2017-04-01 00:21:46,2026-02-01 00:00:48,change
SO.51178346,51178346,1,7,2026-01-08,2012-05-23,1,1.0,3.0,1,1,1,2,160.0,11,4852736,7496056,24952614010,618,60378935010,55468,POINT (-757865.56 -1043904.76),True,2026-02-01 00:00:48,20260131_OB_539309_UKSH.xml.zip,2026-02-01 00:00:48,,
SO.51205769,51205769,1,7,2013-11-20,2012-06-01,6,1.0,2.0,1,1,1,,87.0,1,456855,401004,937061210,619,2458898210,55468,POINT (-757738.68 -1043940.05),True,2015-09-01 00:22:16,20150831_OB_539309_UKSH.xml.gz,2015-09-01 00:22:16,2018-12-02 00:00:03,change
SO.51205769,51205769,1,7,2018-11-24,2012-06-01,6,1.0,2.0,1,1,1,2,87.0,1,1893799,2648605,937061210,619,2458898210,55468,POINT (-757738.68 -1043940.05),True,2018-12-02 00:00:03,20181201_OB_539309_UKSH.xml.gz,2018-12-02 00:00:03,,
SO.51229714,51229714,1,7,2013-11-20,2012-03-06,1,1.0,2.0,1,1,1,,120.0,1,456855,401004,892654210,615,2318522210,55468,POINT (-758015.58 -1043851.79),True,2015-09-01 00:22:16,20150831_OB_539309_UKSH.xml.gz,2015-09-01 00:22:16,2018-12-02 00:00:03,change
SO.51229714,51229714,1,7,2018-11-24,2012-03-06,1,1.0,2.0,1,1,1,2,124.0,1,1893799,2648605,892654210,615,2318522210,55468,POINT (-758015.58 -1043851.79),True,2018-12-02 00:00:03,20181201_OB_539309_UKSH.xml.gz,2018-12-02 00:00:03,,
SO.51282798,51282798,1,7,2013-11-20,2012-06-20,1,1.0,2.0,1,1,1,,128.0,1,456855,401004,911818210,621,2396871210,55468,POINT (-757595.97 -1043947.2),True,2015-09-01 00:22:16,20150831_OB_539309_UKSH.xml.gz,2015-09-01 00:22:16,2018-12-02 00:00:03,change
SO.51282798,51282798,1,7,2018-11-24,2012-06-20,1,1.0,2.0,1,1,1,2,128.0,1,1893799,2648605,911818210,621,2396871210,55468,POINT (-757595.97 -1043947.2),True,2018-12-02 00:00:03,20181201_OB_539309_UKSH.xml.gz,2018-12-02 00:00:03,,
SO.51290456,51290456,1,7,2013-11-20,2012-03-05,1,2.0,2.0,1,1,1,,207.0,1,456855,401004,925592210,584,2422754210,55468,POINT (-757480.38 -1043982.57),True,2015-09-01 00:22:16,20150831_OB_539309_UKSH.xml.gz,2015-09-01 00:22:16,2018-12-02 00:00:03,change
SO.51290456,51290456,1,7,2018-11-24,2012-03-05,1,1.0,2.0,1,1,1,2,206.0,1,1893799,2648605,925592210,584,2422754210,55468,POINT (-757480.38 -1043982.57),True,2018-12-02 00:00:03,20181201_OB_539309_UKSH.xml.gz,2018-12-02 00:00:03,,
SO.51290642,51290642,1,7,2013-11-20,2011-10-03,2,1.0,2.0,1,1,1,,206.0,1,456855,599757,20464530010,585,2551924210,55468,POINT (-757451.9 -1044000.81),True,2015-09-01 00:22:16,20150831_OB_539309_UKSH.xml.gz,2015-09-01 00:22:16,2018-12-02 00:00:03,change
SO.51290642,51290642,1,7,2018-11-24,2011-10-03,1,1.0,2.0,1,1,1,2,206.0,1,1893799,2648605,20464530010,585,2551924210,55468,POINT (-757451.9 -1044000.81),True,2018-12-02 00:00:03,20181201_OB_539309_UKSH.xml.gz,2018-12-02 00:00:03,,
SO.51291070,51291070,1,7,2015-02-08,2011-10-03,1,1.0,2.0,1,1,1,,143.0,1,689128,807866,21760284010,588,26358012010,55468,POINT (-757479.95 -1044011.87),True,2015-09-01 00:22:16,20150831_OB_539309_UKSH.xml.gz,2015-09-01 00:22:16,2018-12-02 00:00:03,change
SO.51291070,51291070,1,7,2018-11-24,2011-10-03,1,1.0,2.0,1,1,1,2,206.0,1,1893799,2648605,21760284010,588,26358012010,55468,POINT (-757479.95 -1044011.87),True,2018-12-02 00:00:03,20181201_OB_539309_UKSH.xml.gz,2018-12-02 00:00:03,,
SO.51299631,51299631,1,7,2012-07-02,2012-06-06,4,1.0,1.0,1,1,1,2,48.0,1,106520,1851,,645,23176899010,55468,POINT (-756800.25 -1044181.65),False,2015-09-01 00:22:16,20150831_OB_539309_UKSH.xml.gz,2015-09-01 00:22:16,2018-06-01 00:23:16,change
SO.51299631,51299631,1,7,2018-05-03,2018-05-03,4,1.0,1.0,1,1,1,2,89.0,1,1750145,2404689,,645,68009088010,55468,POINT (-756802.64 -1044180.15),False,2018-06-01 00:23:16,20180531_OB_539309_UKSH.xml.gz,2018-06-01 00:23:16,2018-08-01 00:19:58,change
SO.51299631,51299631,1,7,2018-05-03,2018-05-03,4,1.0,1.0,1,1,1,2,89.0,1,1750145,2471073,26973369010,645,68009088010,55468,POINT (-756802.64 -1044180.15),True,2018-08-01 00:19:58,20180731_OB_539309_UKSH.xml.gz,2018-08-01 00:19:58,,
SO.51319365,51319365,1,7,2013-11-20,2012-02-06,2,1.0,2.0,1,1,1,,92.0,1,456855,401004,15262734010,622,19493350010,55468,POINT (-757915.41 -1044240.96),True,2015-09-01 00:22:16,20150831_OB_539309_UKSH.xml.gz,2015-09-01 00:22:16,2018-12-02 00:00:03,change
SO.51319365,51319365,1,7,2018-11-24,2012-02-06,1,1.0,2.0,1,1,1,2,92.0,1,1893799,2648605,15262734010,622,19493350010,55468,POINT (-757915.41 -1044240.96),True,2018-12-02 00:00:03,20181201_OB_539309_UKSH.xml.gz,2018-12-02 00:00:03,2022-12-01 00:05:50,change
SO.51319365,51319365,1,7,2018-11-24,2012-02-06,1,1.0,2.0,1,1,1,2,92.0,1,1893799,2648605,15262734010,622,19493350010,55468,POINT (-757915.41 -1044240.96),True,2022-12-01 00:05:50,20221130_OB_539309_UKSH.xml.zip,2022-12-01 00:05:50,,
SO.51319420,51319420,1,7,2013-11-20,2012-02-06,1,3.0,2.0,1,1,1,,275.0,1,456855,401004,15262732010,624,19493347010,55468,POINT (-757925.61 -1044229.69),True,2015-09-01 00:22:16,20150831_OB_539309_UKSH.xml.gz,2015-09-01 00:22:16,2018-12-02 00:00:03,change
SO.51319420,51319420,1,7,2018-11-24,2012-02-06,1,1.0,2.0,1,1,1,2,92.0,1,1893799,2648605,15262732010,624,19493347010,55468,POINT (-757925.61 -1044229.69),True,2018-12-02 00:00:03,20181201_OB_539309_UKSH.xml.gz,2018-12-02 00:00:03,2022-12-01 00:05:50,change
SO.51319420,51319420,1,7,2018-11-24,2012-02-06,1,1.0,2.0,1,1,1,2,92.0,1,1893799,2648605,15262732010,624,19493347010,55468,POINT (-757925.61 -1044229.69),True,2022-12-01 00:05:50,20221130_OB_539309_UKSH.xml.zip,2022-12-01 00:05:50,,
SO.51319667,51319667,1,7,2013-11-20,2012-02-06,2,1.0,2.0,1,1,1,,91.0,1,456855,401004,15262735010,623,19493348010,55468,POINT (-757920.3 -1044235.14),True,2015-09-01 00:22:16,20150831_OB_539309_UKSH.xml.gz,2015-09-01 00:22:16,2018-12-02 00:00:03,change
SO.51319667,51319667,1,7,2018-11-24,2012-02-06,1,1.0,2.0,1,1,1,2,91.0,1,1893799,2648605,15262735010,623,19493348010,55468,POINT (-757920.3 -1044235.14),True,2018-12-02 00:00:03,20181201_OB_539309_UKSH.xml.gz,2018-12-02 00:00:03,2022-12-01 00:05:50,change
SO.51319667,51319667,1,7,2018-11-24,2012-02-06,1,1.0,2.0,1,1,1,2,91.0,1,1893799,2648605,15262735010,623,19493348010,55468,POINT (-757920.3 -1044235.14),True,2022-12-01 00:05:50,20221130_OB_539309_UKSH.xml.zip,2022-12-01 00:05:50,,
SO.51331047,51331047,1,7,2013-11-20,2012-06-25,1,1.0,2.0,1,1,1,,86.0,1,456855,401004,964783210,578,2541984210,55468,POINT (-756179.38 -1043784.29),True,2015-09-01 00:22:16,20150831_OB_539309_UKSH.xml.gz,2015-09-01 00:22:16,2018-12-02 00:00:03,change
SO.51331047,51331047,1,7,2018-11-24,2012-06-25,1,1.0,2.0,1,1,1,2,86.0,1,1893799,2648605,964783210,578,2541984210,55468,POINT (-756179.38 -1043784.29),True,2018-12-02 00:00:03,20181201_OB_539309_UKSH.xml.gz,2018-12-02 00:00:03,,
SO.51340984,51340984,1,7,2013-11-20,2012-06-29,1,1.0,2.0,1,1,1,,85.0,1,456855,401004,964261210,625,2525425210,55468,POINT (-756922.33 -1043933.08),True,2015-09-01 00:22:16,20150831_OB_539309_UKSH.xml.gz,2015-09-01 00:22:16,2018-12-02 00:00:03,change
SO.51340984,51340984,1,7,2018-11-24,2012-06-29,1,1.0,2.0,1,1,1,2,85.0,1,1893799,2648605,964261210,625,2525425210,55468,POINT (-756922.33 -1043933.08),True,2018-12-02 00:00:03,20181201_OB_539309_UKSH.xml.gz,2018-12-02 00:00:03,,
SO.51341000,51341000,1,7,2013-11-20,2012-06-22,1,1.0,2.0,1,1,1,,123.0,1,456855,401004,909229210,626,2380779210,55468,POINT (-757844.62 -1044214.99),True,2015-09-01 00:22:16,20150831_OB_539309_UKSH.xml.gz,2015-09-01 00:22:16,2018-12-02 00:00:03,change
SO.51341000,51341000,1,7,2018-11-24,2012-06-22,1,1.0,2.0,1,1,1,2,123.0,1,1893799,2648605,909229210,626,2380779210,55468,POINT (-757844.62 -1044214.99),True,2018-12-02 00:00:03,20181201_OB_539309_UKSH.xml.gz,2018-12-02 00:00:03,,
SO.51456397,51456397,1,7,2012-08-13,2012-07-30,1,1.0,2.0,1,1,1,2,116.0,1,181504,81879,15511220010,630,23354849010,55468,,True,2015-09-01 00:22:16,20150831_OB_539309_UKSH.xml.gz,2015-09-01 00:22:16,2015-12-01 00:47:52,change
SO.51456397,51456397,1,7,2015-11-26,2012-07-30,1,1.0,2.0,1,1,1,,116.0,1,456854,1015657,15511220010,630,23354849010,55468,POINT (-757378.83 -1043823.77),True,2015-12-01 00:47:52,20151130_OB_539309_UKSH.xml.gz,2015-12-01 00:47:52,2024-01-01 00:00:34,change
SO.51456397,51456397,1,7,2023-12-23,2012-07-30,1,1.0,2.0,1,1,1,2,116.0,1,3269823,5297923,15511220010,630,23354849010,55468,POINT (-757378.83 -1043823.77),True,2024-01-01 00:00:34,20231231_OB_539309_UKSH.xml.zip,2024-01-01 00:00:34,,
SO.51521903,51521903,1,7,2013-11-20,2012-08-27,1,1.0,2.0,1,1,1,,174.0,1,456855,401004,14933387010,627,21615754010,55468,POINT (-757535.65 -1044142.61),True,2015-09-01 00:22:16,20150831_OB_539309_UKSH.xml.gz,2015-09-01 00:22:16,2018-12-02 00:00:03,change
SO.51521903,51521903,1,7,2018-11-24,2012-08-27,1,1.0,2.0,1,1,1,2,175.0,1,1893799,2648605,14933387010,627,21615754010,55468,POINT (-757535.65 -1044142.61),True,2018-12-02 00:00:03,20181201_OB_539309_UKSH.xml.gz,2018-12-02 00:00:03,,
SO.51563045,51563045,1,7,2013-11-20,2012-09-07,1,2.0,1.0,1,1,1,,186.0,1,456855,401004,15122824010,631,23360288010,55468,POINT (-757884.77 -1044102.22),True,2015-09-01 00:22:16,20150831_OB_539309_UKSH.xml.gz,2015-09-01 00:22:16,2018-12-02 00:00:03,change
SO.51563045,51563045,1,7,2018-11-24,2012-09-07,1,2.0,1.0,1,1,1,2,193.0,1,1893799,2648605,15122824010,631,23360288010,55468,POINT (-757884.77 -1044102.22),True,2018-12-02 00:00:03,20181201_OB_539309_UKSH.xml.gz,2018-12-02 00:00:03,,
SO.51563142,51563142,1,7,2013-11-20,2012-09-07,1,2.0,1.0,1,1,1,,170.0,1,456855,401004,15122822010,633,23360286010,55468,POINT (-757879.16 -1044047.6),True,2015-09-01 00:22:16,20150831_OB_539309_UKSH.xml.gz,2015-09-01 00:22:16,2018-12-02 00:00:03,change
SO.51563142,51563142,1,7,2018-11-24,2012-09-07,1,2.0,1.0,1,1,1,2,193.0,1,1893799,2648605,15122822010,633,23360286010,55468,POINT (-757879.16 -1044047.6),True,2018-12-02 00:00:03,20181201_OB_539309_UKSH.xml.gz,2018-12-02 00:00:03,,
SO.51563258,51563258,1,7,2013-11-20,2012-09-07,1,2.0,1.0,1,1,1,,170.0,1,456855,401004,15122823010,632,23360287010,55468,POINT (-757881.63 -1044074.04),True,2015-09-01 00:22:16,20150831_OB_539309_UKSH.xml.gz,2015-09-01 00:22:16,2018-12-02 00:00:03,change
SO.51563258,51563258,1,7,2018-11-24,2012-09-07,1,2.0,1.0,1,1,1,2,193.0,1,1893799,2648605,15122823010,632,23360287010,55468,POINT (-757881.63 -1044074.04),True,2018-12-02 00:00:03,20181201_OB_539309_UKSH.xml.gz,2018-12-02 00:00:03,,
SO.51619300,51619300,1,7,2012-10-03,2012-08-08,1,1.0,3.0,1,1,1,2,144.0,1,263371,61427,914833210,579,2400455210,55468,POINT (-757639.99 -1044253.89),True,2015-09-01 00:22:16,20150831_OB_539309_UKSH.xml.gz,2015-09-01 00:22:16,2022-10-01 00:06:55,change
SO.51619300,51619300,1,7,2022-09-08,2022-09-08,1,1.0,3.0,1,1,1,2,144.0,1,2866876,4541530,914833210,579,2400455210,55468,POINT (-757639.99 -1044253.89),True,2022-10-01 00:06:55,20220930_OB_539309_UKSH.xml.zip,2022-10-01 00:06:55,2026-02-01 00:00:48,change
SO.51619300,51619300,1,7,2026-01-08,2022-09-08,1,1.0,3.0,1,1,1,2,144.0,16,4852736,7496056,914833210,579,2400455210,55468,POINT (-757639.99 -1044253.89),True,2026-02-01 00:00:48,20260131_OB_539309_UKSH.xml.zip,2026-02-01 00:00:48,,
SO.51627272,51627272,1,11,2012-10-05,,1,10.0,2.0,1,1,1,2,490.0,1,266390,71937,914836210,628,2378316210,55468,,True,2015-09-01 00:22:16,20150831_OB_539309_UKSH.xml.gz,2015-09-01 00:22:16,2015-12-01 00:47:52,change
SO.51627272,51627272,1,11,2015-11-26,,2,0.0,2.0,1,1,1,,490.0,1,456854,1015657,914836210,628,2378316210,55468,POINT (-756501.47 -1043914.44),True,2015-12-01 00:47:52,20151130_OB_539309_UKSH.xml.gz,2015-12-01 00:47:52,,
SO.51659000,51659000,1,7,2013-11-20,2012-10-08,1,1.0,,1,1,1,,99.0,1,456855,401004,15150336010,587,2551925210,55468,POINT (-757451.5 -1044012.11),True,2015-09-01 00:22:16,20150831_OB_539309_UKSH.xml.gz,2015-09-01 00:22:16,2018-12-02 00:00:03,change
SO.51659000,51659000,1,7,2018-11-24,2012-10-08,1,1.0,,1,1,1,2,,1,1893799,2648605,15150336010,587,2551925210,55468,POINT (-757451.5 -1044012.11),True,2018-12-02 00:00:03,20181201_OB_539309_UKSH.xml.gz,2018-12-02 00:00:03,2024-01-01 00:00:34,change
SO.51659000,51659000,1,7,2023-12-23,2012-10-08,1,1.0,1.0,1,1,1,2,63.0,1,3269823,5297923,15150336010,587,2551925210,55468,POINT (-757451.5 -1044012.11),True,2024-01-01 00:00:34,20231231_OB_539309_UKSH.xml.zip,2024-01-01 00:00:34,,
SO.51695774,51695774,1,7,2013-11-20,2012-09-21,6,1.0,2.0,1,1,1,,115.0,1,456855,401004,14665818010,629,18837461010,55468,POINT (-758008.13 -1043733.13),True,2015-09-01 00:22:16,20150831_OB_539309_UKSH.xml.gz,2015-09-01 00:22:16,2018-12-02 00:00:03,change
SO.51695774,51695774,1,7,2018-11-24,2012-09-21,1,1.0,2.0,1,1,1,2,115.0,1,1893799,2648605,14665818010,629,18837461010,55468,POINT (-758008.13 -1043733.13),True,2018-12-02 00:00:03,20181201_OB_539309_UKSH.xml.gz,2018-12-02 00:00:03,,
SO.51711737,51711737,1,7,2013-11-20,2012-10-17,1,1.0,2.0,1,1,1,,116.0,1,456855,401004,15585127010,634,25795642010,55468,POINT (-757588.25 -1044174.1),True,2015-09-01 00:22:16,20150831_OB_539309_UKSH.xml.gz,2015-09-01 00:22:16,2018-12-02 00:00:03,change
SO.51711737,51711737,1,7,2018-11-24,2012-10-17,1,1.0,2.0,1,1,1,2,116.0,1,1893799,2648605,15585127010,634,25795642010,55468,POINT (-757588.25 -1044174.1),True,2018-12-02 00:00:03,20181201_OB_539309_UKSH.xml.gz,2018-12-02 00:00:03,,
SO.51721236,51721236,1,7,2013-11-20,2012-10-26,1,1.0,2.0,1,1,1,,95.0,1,456855,401004,15487562010,635,22284755010,55468,POINT (-757609.59 -1044169.91),True,2015-09-01 00:22:16,20150831_OB_539309_UKSH.xml.gz,2015-09-01 00:22:16,2018-12-02 00:00:03,change
SO.51721236,51721236,1,7,2018-11-24,2012-10-26,1,1.0,2.0,1,1,1,2,95.0,1,1893799,2648605,15487562010,635,22284755010,55468,POINT (-757609.59 -1044169.91),True,2018-12-02 00:00:03,20181201_OB_539309_UKSH.xml.gz,2018-12-02 00:00:03,,
SO.51973103,51973103,1,7,2013-11-20,2012-12-05,2,1.0,2.0,1,1,1,,120.0,1,456855,401004,15227257010,636,24503439010,55468,POINT (-757964.56 -1044015.62),True,2015-09-01 00:22:16,20150831_OB_539309_UKSH.xml.gz,2015-09-01 00:22:16,2018-12-02 00:00:03,change
SO.51973103,51973103,1,7,2018-11-24,2012-12-05,1,2.0,2.0,1,1,1,2,120.0,1,1893799,2648605,15227257010,636,24503439010,55468,POINT (-757964.56 -1044015.62),True,2018-12-02 00:00:03,20181201_OB_539309_UKSH.xml.gz,2018-12-02 00:00:03,,
SO.52090299,52090299,1,7,2013-11-20,2012-12-17,1,2.0,2.0,1,1,1,,106.0,1,456855,401004,15258371010,637,24797322010,55468,POINT (-757928.07 -1044070.39),True,2015-09-01 00:22:16,20150831_OB_539309_UKSH.xml.gz,2015-09-01 00:22:16,2018-12-02 00:00:03,change
SO.52090299,52090299,1,7,2018-11-24,2012-12-17,1,1.0,2.0,1,1,1,2,106.0,1,1893799,2648605,15258371010,637,24797322010,55468,POINT (-757928.07 -1044070.39),True,2018-12-02 00:00:03,20181201_OB_539309_UKSH.xml.gz,2018-12-02 00:00:03,,
SO.52090710,52090710,1,7,2013-01-09,2012-12-18,1,1.0,2.0,1,1,1,2,118.0,1,364042,303969,15854948010,638,28003143010,55468,POINT (-757531.6 -1044177.6),True,2015-09-01 00:22:16,20150831_OB_539309_UKSH.xml.gz,2015-09-01 00:22:16,,
SO.52091180,52091180,1,7,2013-11-20,2012-12-21,1,2.0,2.0,1,1,1,,121.0,1,456855,401004,15340001010,639,25321504010,55468,POINT (-757961.7 -1044039.83),True,2015-09-01 00:22:16,20150831_OB_539309_UKSH.xml.gz,2015-09-01 00:22:16,2018-12-02 00:00:03,change
SO.52091180,52091180,1,7,2018-11-24,2012-12-21,1,2.0,2.0,1,1,1,2,121.0,1,1893799,2648605,15340001010,639,25321504010,55468,POINT (-757961.7 -1044039.83),True,2018-12-02 00:00:03,20181201_OB_539309_UKSH.xml.gz,2018-12-02 00:00:03,,
SO.52092101,52092101,1,7,2013-11-20,2012-12-17,2,1.0,2.0,1,1,1,,138.0,1,456855,401004,15007539010,640,21127689010,55468,POINT (-757685.81 -1044092.52),True,2015-09-01 00:22:16,20150831_OB_539309_UKSH.xml.gz,2015-09-01 00:22:16,2018-12-02 00:00:03,change
SO.52092101,52092101,1,7,2018-11-24,2012-12-17,1,1.0,2.0,1,1,1,2,138.0,1,1893799,2648605,15007539010,640,21127689010,55468,POINT (-757685.81 -1044092.52),True,2018-12-02 00:00:03,20181201_OB_539309_UKSH.xml.gz,2018-12-02 00:00:03,,
SO.53335651,53335651,1,7,2013-02-07,2013-01-28,1,1.0,2.0,1,1,1,2,135.0,1,377609,301180,15773598010,642,28780482010,55468,,True,2015-09-01 00:22:16,20150831_OB_539309_UKSH.xml.gz,2015-09-01 00:22:16,2015-12-01 00:47:52,change
SO.53335651,53335651,1,7,2015-11-26,2013-01-28,2,1.0,2.0,1,1,1,,135.0,1,456854,1015657,15773598010,642,28780482010,55468,POINT (-757720.36 -1044302.63),True,2015-12-01 00:47:52,20151130_OB_539309_UKSH.xml.gz,2015-12-01 00:47:52,2024-01-01 00:00:34,change
SO.53335651,53335651,1,7,2023-12-23,2013-01-28,2,1.0,2.0,1,1,1,2,135.0,1,3269823,5297923,15773598010,642,28780482010,55468,POINT (-757720.36 -1044302.63),True,2024-01-01 00:00:34,20231231_OB_539309_UKSH.xml.zip,2024-01-01 00:00:34,2026-02-01 00:00:48,change
SO.53335651,53335651,1,7,2026-01-08,2013-01-28,2,1.0,2.0,1,1,1,2,135.0,11,4852736,7496056,15773598010,642,28780482010,55468,POINT (-757720.36 -1044302.63),True,2026-02-01 00:00:48,20260131_OB_539309_UKSH.xml.zip,2026-02-01 00:00:48,,
SO.53776879,53776879,1,7,2013-11-20,2013-02-06,2,1.0,1.0,1,1,1,,97.0,1,456855,401004,15795217010,641,28465120010,55468,POINT (-757558.89 -1044393.87),True,2015-09-01 00:22:16,20150831_OB_539309_UKSH.xml.gz,2015-09-01 00:22:16,2018-12-02 00:00:03,change
SO.53776879,53776879,1,7,2018-11-24,2013-02-06,1,1.0,1.0,1,1,1,2,97.0,1,1893799,2648605,15795217010,641,28465120010,55468,POINT (-757558.89 -1044393.87),True,2018-12-02 00:00:03,20181201_OB_539309_UKSH.xml.gz,2018-12-02 00:00:03,2026-02-01 00:00:48,change
SO.53776879,53776879,1,7,2026-01-08,2013-02-06,1,1.0,1.0,1,1,1,2,97.0,11,4852736,7496056,15795217010,641,28465120010,55468,POINT (-757558.89 -1044393.87),True,2026-02-01 00:00:48,20260131_OB_539309_UKSH.xml.zip,2026-02-01 00:00:48,,
SO.53863003,53863003,1,7,2013-11-20,2013-02-27,2,2.0,1.0,1,1,1,,185.0,1,456855,401004,15410504010,643,26331137010,55468,POINT (-757738.02 -1044287.3),True,2015-09-01 00:22:16,20150831_OB_539309_UKSH.xml.gz,2015-09-01 00:22:16,2018-12-02 00:00:03,change
SO.53863003,53863003,1,7,2018-11-24,2013-02-27,1,2.0,1.0,1,1,1,2,185.0,1,1893799,2648605,15410504010,643,26331137010,55468,POINT (-757738.02 -1044287.3),True,2018-12-02 00:00:03,20181201_OB_539309_UKSH.xml.gz,2018-12-02 00:00:03,2026-02-01 00:00:48,change
SO.53863003,53863003,1,7,2026-01-08,2013-02-27,1,2.0,1.0,1,1,1,2,185.0,11,4852736,7496056,15410504010,643,26331137010,55468,POINT (-757738.02 -1044287.3),True,2026-02-01 00:00:48,20260131_OB_539309_UKSH.xml.zip,2026-02-01 00:00:48,,
SO.54003911,54003911,1,7,2013-04-12,,1,1.0,2.0,1,1,1,2,102.0,1,398725,310257,14885476010,646,20965929010,55468,POINT (-756937.12 -1044152.06),True,2015-09-01 00:22:16,20150831_OB_539309_UKSH.xml.gz,2015-09-01 00:22:16,2018-05-01 00:12:48,change
SO.54003911,54003911,1,7,2018-04-27,2018-04-26,1,1.0,2.0,1,1,1,2,102.0,1,1748212,2397589,14885476010,646,20965929010,55468,POINT (-756937.12 -1044152.06),True,2018-05-01 00:12:48,20180430_OB_539309_UKSH.xml.gz,2018-05-01 00:12:48,2026-02-01 00:00:48,change
SO.54003911,54003911,1,7,2026-01-08,2018-04-26,1,1.0,2.0,1,1,1,2,102.0,16,4852736,7496056,14885476010,646,20965929010,55468,POINT (-756937.12 -1044152.06),True,2026-02-01 00:00:48,20260131_OB_539309_UKSH.xml.zip,2026-02-01 00:00:48,,
SO.54007062,54007062,1,7,2013-04-15,,1,1.0,2.0,1,1,1,2,105.0,1,398749,305996,15905285010,644,29533166010,55468,POINT (-757911 -1044098.33),True,2015-09-01 00:22:16,20150831_OB_539309_UKSH.xml.gz,2015-09-01 00:22:16,2019-03-02 00:00:07,change
SO.54007062,54007062,1,7,2019-02-07,2019-02-05,1,1.0,2.0,1,1,1,2,105.0,1,1947345,2746253,15905285010,644,29533166010,55468,POINT (-757911 -1044098.33),True,2019-03-02 00:00:07,20190301_OB_539309_UKSH.xml.zip,2019-03-02 00:00:07,2022-11-01 00:06:54,change
SO.54007062,54007062,1,7,2019-02-07,2019-02-05,1,1.0,2.0,1,1,1,2,105.0,1,1947345,2746253,15905285010,644,29533166010,55468,POINT (-757911 -1044098.33),True,2022-11-01 00:06:54,20221031_OB_539309_UKSH.xml.zip,2022-11-01 00:06:54,2026-02-01 00:00:48,change
SO.54007062,54007062,1,7,2026-01-08,2019-02-05,1,1.0,2.0,1,1,1,2,105.0,15,4852736,7496056,15905285010,644,29533166010,55468,POINT (-757911 -1044098.33),True,2026-02-01 00:00:48,20260131_OB_539309_UKSH.xml.zip,2026-02-01 00:00:48,,
SO.54067839,54067839,1,7,2013-05-03,2013-04-24,1,2.0,2.0,1,3,1,2,123.0,1,401973,306305,15410480010,647,26331139010,55468,POINT (-757756.63 -1044266.79),True,2015-09-01 00:22:16,20150831_OB_539309_UKSH.xml.gz,2015-09-01 00:22:16,2026-02-01 00:00:48,change
SO.54067839,54067839,1,7,2026-01-08,2013-04-24,1,2.0,2.0,1,3,1,2,123.0,11,4852736,7496056,15410480010,647,26331139010,55468,POINT (-757756.63 -1044266.79),True,2026-02-01 00:00:48,20260131_OB_539309_UKSH.xml.zip,2026-02-01 00:00:48,,
SO.54068061,54068061,1,7,2013-05-03,2013-04-23,1,1.0,2.0,1,3,1,2,118.0,1,401970,331453,14446002010,649,2572484210,55468,POINT (-756917.33 -1044144.15),True,2015-09-01 00:22:16,20150831_OB_539309_UKSH.xml.gz,2015-09-01 00:22:16,2026-02-01 00:00:48,change
SO.54068061,54068061,1,7,2026-01-08,2013-04-23,1,1.0,2.0,1,3,1,2,118.0,11,4852736,7496056,14446002010,649,2572484210,55468,POINT (-756917.33 -1044144.15),True,2026-02-01 00:00:48,20260131_OB_539309_UKSH.xml.zip,2026-02-01 00:00:48,,
SO.54068703,54068703,1,7,2013-05-03,2013-04-23,1,1.0,2.0,1,1,1,2,159.0,1,403674,309389,929107210,648,2441387210,55468,POINT (-757617.74 -1044114.72),True,2015-09-01 00:22:16,20150831_OB_539309_UKSH.xml.gz,2015-09-01 00:22:16,2026-02-01 00:00:48,change
SO.54068703,54068703,1,7,2026-01-08,2013-04-23,1,1.0,2.0,1,1,1,2,159.0,11,4852736,7496056,929107210,648,2441387210,55468,POINT (-757617.74 -1044114.72),True,2026-02-01 00:00:48,20260131_OB_539309_UKSH.xml.zip,2026-02-01 00:00:48,,
SO.54072174,54072174,1,7,2013-05-09,2013-04-23,1,1.0,2.0,1,1,1,2,175.0,1,401969,405002,16393459010,652,25801386010,55468,POINT (-757963.28 -1044085.75),True,2015-09-01 00:22:16,20150831_OB_539309_UKSH.xml.gz,2015-09-01 00:22:16,2022-11-01 00:06:54,change
SO.54072174,54072174,1,7,2013-05-09,2013-04-23,1,1.0,2.0,1,1,1,2,175.0,1,401969,405002,16393459010,652,25801386010,55468,POINT (-757963.28 -1044085.75),True,2022-11-01 00:06:54,20221031_OB_539309_UKSH.xml.zip,2022-11-01 00:06:54,2026-02-01 00:00:48,change
SO.54072174,54072174,1,7,2026-01-08,2013-04-23,1,1.0,2.0,1,1,1,2,175.0,11,4852736,7496056,16393459010,652,25801386010,55468,POINT (-757963.28 -1044085.75),True,2026-02-01 00:00:48,20260131_OB_539309_UKSH.xml.zip,2026-02-01 00:00:48,,
SO.54078784,54078784,1,7,2013-05-09,,1,1.0,2.0,1,1,1,2,118.0,1,404430,308811,14612800010,650,18312436010,55468,POINT (-757877.08 -1044019.67),True,2015-09-01 00:22:16,20150831_OB_539309_UKSH.xml.gz,2015-09-01 00:22:16,2024-01-01 00:00:34,change
SO.54078784,54078784,1,7,2023-12-23,2013-12-31,1,1.0,2.0,1,1,1,2,118.0,1,3269823,5297923,14612800010,650,18312436010,55468,POINT (-757877.08 -1044019.67),True,2024-01-01 00:00:34,20231231_OB_539309_UKSH.xml.zip,2024-01-01 00:00:34,2026-02-01 00:00:48,change
SO.54078784,54078784,1,7,2026-01-08,2013-12-31,1,1.0,2.0,1,1,1,2,118.0,11,4852736,7496056,14612800010,650,18312436010,55468,POINT (-757877.08 -1044019.67),True,2026-02-01 00:00:48,20260131_OB_539309_UKSH.xml.zip,2026-02-01 00:00:48,,
SO.54096596,54096596,1,7,2013-05-15,2013-05-06,1,2.0,2.0,1,1,1,2,131.0,1,405815,306733,15606624010,651,28169147010,55468,POINT (-757964.5 -1043980.42),True,2015-09-01 00:22:16,20150831_OB_539309_UKSH.xml.gz,2015-09-01 00:22:16,2026-02-01 00:00:48,change
SO.54096596,54096596,1,7,2026-01-08,2013-05-06,1,2.0,2.0,1,1,1,2,131.0,11,4852736,7496056,15606624010,651,28169147010,55468,POINT (-757964.5 -1043980.42),True,2026-02-01 00:00:48,20260131_OB_539309_UKSH.xml.zip,2026-02-01 00:00:48,,
SO.54146615,54146615,1,7,2013-05-28,2013-05-15,1,1.0,2.0,1,1,1,2,62.0,1,409537,273788,925592210,583,2422754210,55468,POINT (-757480.18 -1043980.46),True,2015-09-01 00:22:16,20150831_OB_539309_UKSH.xml.gz,2015-09-01 00:22:16,2026-02-01 00:00:48,change
SO.54146615,54146615,1,7,2026-01-08,2013-05-15,1,1.0,2.0,1,1,1,2,62.0,11,4852736,7496056,925592210,583,2422754210,55468,POINT (-757480.18 -1043980.46),True,2026-02-01 00:00:48,20260131_OB_539309_UKSH.xml.zip,2026-02-01 00:00:48,,
SO.54167370,54167370,1,7,2013-06-04,2013-05-29,1,2.0,2.0,1,1,1,2,131.0,1,411392,308600,15616656010,653,28122766010,55468,POINT (-757975.22 -1043925.86),True,2015-09-01 00:22:16,20150831_OB_539309_UKSH.xml.gz,2015-09-01 00:22:16,2026-02-01 00:00:48,change
SO.54167370,54167370,1,7,2026-01-08,2013-05-29,1,2.0,2.0,1,1,1,2,131.0,11,4852736,7496056,15616656010,653,28122766010,55468,POINT (-757975.22 -1043925.86),True,2026-02-01 00:00:48,20260131_OB_539309_UKSH.xml.zip,2026-02-01 00:00:48,,
SO.54167574,54167574,1,7,2013-06-04,2013-05-07,1,1.0,2.0,1,1,1,2,144.0,1,411406,524148,879442210,654,2279038210,55468,POINT (-757313.72 -1043954.48),True,2015-09-01 00:22:16,20150831_OB_539309_UKSH.xml.gz,2015-09-01 00:22:16,2026-02-01 00:00:48,change
SO.54167574,54167574,1,7,2026-01-08,2013-05-07,1,1.0,2.0,1,1,1,2,144.0,11,4852736,7496056,879442210,654,2279038210,55468,POINT (-757313.72 -1043954.48),True,2026-02-01 00:00:48,20260131_OB_539309_UKSH.xml.zip,2026-02-01 00:00:48,,
SO.54168007,54168007,1,7,2013-06-04,,1,1.0,1.0,1,3,1,2,245.0,1,411424,309818,16046737010,655,30398193010,55468,POINT (-757391.58 -1043882.71),True,2015-09-01 00:22:16,20150831_OB_539309_UKSH.xml.gz,2015-09-01 00:22:16,2024-01-01 00:00:34,change
SO.54168007,54168007,1,7,2023-12-23,2013-12-31,1,1.0,1.0,1,3,1,2,245.0,1,3269823,5297923,16046737010,655,30398193010,55468,POINT (-757391.58 -1043882.71),True,2024-01-01 00:00:34,20231231_OB_539309_UKSH.xml.zip,2024-01-01 00:00:34,2026-02-01 00:00:48,change
SO.54168007,54168007,1,7,2026-01-08,2013-12-31,1,1.0,1.0,1,3,1,2,245.0,11,4852736,7496056,16046737010,655,30398193010,55468,POINT (-757391.58 -1043882.71),True,2026-02-01 00:00:48,20260131_OB_539309_UKSH.xml.zip,2026-02-01 00:00:48,,
SO.54226953,54226953,1,7,2013-06-24,2013-05-15,1,1.0,2.0,1,1,1,2,62.0,1,416625,310402,15990276010,591,26506681010,55468,POINT (-757451.21 -1044037.29),True,2015-09-01 00:22:16,20150831_OB_539309_UKSH.xml.gz,2015-09-01 00:22:16,2026-02-01 00:00:48,change
SO.54226953,54226953,1,7,2026-01-08,2013-05-15,1,1.0,2.0,1,1,1,2,62.0,11,4852736,7496056,15990276010,591,26506681010,55468,POINT (-757451.21 -1044037.29),True,2026-02-01 00:00:48,20260131_OB_539309_UKSH.xml.zip,2026-02-01 00:00:48,,
SO.54255465,54255465,1,7,2013-07-03,,1,1.0,2.0,1,1,1,2,112.0,1,419296,341341,15732735010,656,29420565010,55468,POINT (-757575.62 -1043962.1),True,2015-09-01 00:22:16,20150831_OB_539309_UKSH.xml.gz,2015-09-01 00:22:16,2024-01-01 00:00:34,change
SO.54255465,54255465,1,7,2023-12-23,2013-12-31,1,1.0,2.0,1,1,1,2,112.0,1,3269823,5297923,15732735010,656,29420565010,55468,POINT (-757575.62 -1043962.1),True,2024-01-01 00:00:34,20231231_OB_539309_UKSH.xml.zip,2024-01-01 00:00:34,2026-02-01 00:00:48,change
SO.54255465,54255465,1,7,2026-01-08,2013-12-31,1,1.0,2.0,1,1,1,2,112.0,11,4852736,7496056,15732735010,656,29420565010,55468,POINT (-757575.62 -1043962.1),True,2026-02-01 00:00:48,20260131_OB_539309_UKSH.xml.zip,2026-02-01 00:00:48,,
SO.54272726,54272726,1,7,2013-07-10,2013-07-03,1,1.0,2.0,1,1,1,2,227.0,1,420547,310770,16072750010,657,31216913010,55468,POINT (-756628.25 -1044094.08),True,2015-09-01 00:22:16,20150831_OB_539309_UKSH.xml.gz,2015-09-01 00:22:16,2026-02-01 00:00:48,change
SO.54272726,54272726,1,7,2026-01-08,2013-07-03,1,1.0,2.0,1,1,1,2,227.0,15,4852736,7496056,16072750010,657,31216913010,55468,POINT (-756628.25 -1044094.08),True,2026-02-01 00:00:48,20260131_OB_539309_UKSH.xml.zip,2026-02-01 00:00:48,,
SO.54336350,54336350,1,7,2013-07-31,2013-07-22,1,2.0,2.0,1,1,1,2,175.0,1,425511,312803,15895758010,658,30394114010,55468,POINT (-758001.92 -1043692.25),True,2015-09-01 00:22:16,20150831_OB_539309_UKSH.xml.gz,2015-09-01 00:22:16,2026-02-01 00:00:48,change
SO.54336350,54336350,1,7,2026-01-08,2013-07-22,1,2.0,2.0,1,1,1,2,175.0,15,4852736,7496056,15895758010,658,30394114010,55468,POINT (-758001.92 -1043692.25),True,2026-02-01 00:00:48,20260131_OB_539309_UKSH.xml.zip,2026-02-01 00:00:48,,
SO.54336619,54336619,1,7,2013-07-31,2013-07-22,1,2.0,2.0,1,1,1,2,175.0,1,425528,312803,15895759010,659,30394115010,55468,POINT (-757981.38 -1043694.78),True,2015-09-01 00:22:16,20150831_OB_539309_UKSH.xml.gz,2015-09-01 00:22:16,2026-02-01 00:00:48,change
SO.54336619,54336619,1,7,2026-01-08,2013-07-22,1,2.0,2.0,1,1,1,2,175.0,11,4852736,7496056,15895759010,659,30394115010,55468,POINT (-757981.38 -1043694.78),True,2026-02-01 00:00:48,20260131_OB_539309_UKSH.xml.zip,2026-02-01 00:00:48,,
SO.54336651,54336651,1,7,2013-07-31,2013-07-22,1,2.0,1.0,1,1,1,2,175.0,1,425539,312803,15895760010,660,30394116010,55468,POINT (-757959.38 -1043697.14),True,2015-09-01 00:22:16,20150831_OB_539309_UKSH.xml.gz,2015-09-01 00:22:16,2026-02-01 00:00:48,change
SO.54336651,54336651,1,7,2026-01-08,2013-07-22,1,2.0,1.0,1,1,1,2,175.0,11,4852736,7496056,15895760010,660,30394116010,55468,POINT (-757959.38 -1043697.14),True,2026-02-01 00:00:48,20260131_OB_539309_UKSH.xml.zip,2026-02-01 00:00:48,,
SO.54337976,54337976,1,7,2013-07-31,,1,1.0,2.0,1,1,1,2,119.0,1,425701,351417,878483210,667,2274667210,55468,POINT (-757892.43 -1044185.07),True,2015-09-01 00:22:16,20150831_OB_539309_UKSH.xml.gz,2015-09-01 00:22:16,2024-01-01 00:00:34,change
SO.54337976,54337976,1,7,2023-12-23,2013-12-31,1,1.0,2.0,1,1,1,2,119.0,1,3269823,5297923,878483210,667,2274667210,55468,POINT (-757892.43 -1044185.07),True,2024-01-01 00:00:34,20231231_OB_539309_UKSH.xml.zip,2024-01-01 00:00:34,2026-02-01 00:00:48,change
SO.54337976,54337976,1,7,2026-01-08,2013-12-31,1,1.0,2.0,1,1,1,2,119.0,11,4852736,7496056,878483210,667,2274667210,55468,POINT (-757892.43 -1044185.07),True,2026-02-01 00:00:48,20260131_OB_539309_UKSH.xml.zip,2026-02-01 00:00:48,,
SO.54557593,54557593,1,7,2013-10-08,2013-09-19,1,1.0,3.0,1,1,1,2,113.0,1,443494,393578,16359130010,661,23737000010,55468,POINT (-757004.61 -1044343.45),True,2015-09-01 00:22:16,20150831_OB_539309_UKSH.xml.gz,2015-09-01 00:22:16,,
SO.54560268,54560268,1,7,2013-10-09,2013-09-25,1,2.0,1.0,1,1,1,2,205.0,1,443695,365252,15903965010,662,30702073010,55468,POINT (-757825.81 -1044116.53),True,2015-09-01 00:22:16,20150831_OB_539309_UKSH.xml.gz,2015-09-01 00:22:16,2019-07-01 00:07:42,change
SO.54560268,54560268,1,7,2019-06-19,2013-09-25,1,2.0,1.0,1,1,1,2,205.0,1,2027870,2910405,15903965010,662,30702073010,55468,POINT (-757825.96 -1044115.85),True,2019-07-01 00:07:42,20190630_OB_539309_UKSH.xml.zip,2019-07-01 00:07:42,,
SO.54561205,54561205,1,7,2013-10-09,,1,1.0,1.0,1,1,1,2,213.0,1,443760,381675,15274669010,663,25185080010,55468,POINT (-757952.28 -1043737.15),True,2015-09-01 00:22:16,20150831_OB_539309_UKSH.xml.gz,2015-09-01 00:22:16,2024-01-01 00:00:34,change
SO.54561205,54561205,1,7,2023-12-23,2013-12-31,1,1.0,1.0,1,1,1,2,213.0,1,3269823,5297923,15274669010,663,25185080010,55468,POINT (-757952.28 -1043737.15),True,2024-01-01 00:00:34,20231231_OB_539309_UKSH.xml.zip,2024-01-01 00:00:34,2026-02-01 00:00:48,change
SO.54561205,54561205,1,7,2026-01-08,2013-12-31,1,1.0,1.0,1,1,1,2,213.0,11,4852736,7496056,15274669010,663,25185080010,55468,POINT (-757952.28 -1043737.15),True,2026-02-01 00:00:48,20260131_OB_539309_UKSH.xml.zip,2026-02-01 00:00:48,,
SO.59828463,59828463,1,7,2013-11-20,2013-11-11,1,2.0,2.0,1,3,1,2,201.0,1,456979,415314,16066910010,664,32014865010,55468,POINT (-757788.38 -1044047.36),True,2015-09-01 00:22:16,20150831_OB_539309_UKSH.xml.gz,2015-09-01 00:22:16,2026-02-01 00:00:48,change
SO.59828463,59828463,1,7,2026-01-08,2013-11-11,1,2.0,2.0,1,3,1,2,201.0,15,4852736,7496056,16066910010,664,32014865010,55468,POINT (-757788.38 -1044047.36),True,2026-02-01 00:00:48,20260131_OB_539309_UKSH.xml.zip,2026-02-01 00:00:48,,
SO.59841320,59841320,1,7,2013-11-20,,1,1.0,2.0,1,,1,2,94.0,1,457017,410264,16425621010,665,32262539010,55468,POINT (-757647.58 -1044432.44),True,2015-09-01 00:22:16,20150831_OB_539309_UKSH.xml.gz,2015-09-01 00:22:16,2024-01-01 00:00:34,change
SO.59841320,59841320,1,7,2023-12-23,2013-12-31,1,1.0,2.0,1,3,1,2,94.0,1,3269823,5297923,16425621010,665,32262539010,55468,POINT (-757647.58 -1044432.44),True,2024-01-01 00:00:34,20231231_OB_539309_UKSH.xml.zip,2024-01-01 00:00:34,2026-02-01 00:00:48,change
SO.59841320,59841320,1,7,2026-01-08,2013-12-31,1,1.0,2.0,1,3,1,2,94.0,11,4852736,7496056,16425621010,665,32262539010,55468,POINT (-757647.58 -1044432.44),True,2026-02-01 00:00:48,20260131_OB_539309_UKSH.xml.zip,2026-02-01 00:00:48,,
SO.62775936,62775936,1,7,2013-12-09,,1,,,1,1,1,2,,1,471664,445511,914198210,590,26506682010,55468,POINT (-757443.84 -1044035.79),True,2015-09-01 00:22:16,20150831_OB_539309_UKSH.xml.gz,2015-09-01 00:22:16,2024-01-01 00:00:34,change
SO.62775936,62775936,1,7,2023-12-23,2013-12-31,1,1.0,1.0,1,1,1,2,81.0,1,3269823,5297923,914198210,590,26506682010,55468,POINT (-757443.84 -1044035.79),True,2024-01-01 00:00:34,20231231_OB_539309_UKSH.xml.zip,2024-01-01 00:00:34,2026-02-01 00:00:48,change
SO.62775936,62775936,1,7,2026-01-08,2013-12-31,1,1.0,1.0,1,1,1,2,81.0,11,4852736,7496056,914198210,590,26506682010,55468,POINT (-757443.84 -1044035.79),True,2026-02-01 00:00:48,20260131_OB_539309_UKSH.xml.zip,2026-02-01 00:00:48,,
SO.62780093,62780093,1,7,2013-12-10,,1,1.0,2.0,1,1,1,2,,1,471971,527195,19908395010,666,2495620210,55468,POINT (-757318.69 -1044381.74),True,2015-09-01 00:22:16,20150831_OB_539309_UKSH.xml.gz,2015-09-01 00:22:16,2019-06-01 00:12:39,change
SO.62780093,62780093,1,7,2019-05-15,2019-05-14,1,1.0,2.0,1,1,1,2,204.0,1,2004186,2862062,19908395010,666,2495620210,55468,POINT (-757318.69 -1044381.74),True,2019-06-01 00:12:39,20190531_OB_539309_UKSH.xml.zip,2019-06-01 00:12:39,2026-02-01 00:00:48,change
SO.62780093,62780093,1,7,2026-01-08,2019-05-14,1,1.0,2.0,1,1,1,2,204.0,16,4852736,7496056,19908395010,666,2495620210,55468,POINT (-757318.69 -1044381.74),True,2026-02-01 00:00:48,20260131_OB_539309_UKSH.xml.zip,2026-02-01 00:00:48,,
SO.6398332,6398332,1,3,2013-11-20,,10,1.0,1.0,1,9,1,9,,9,456855,401004,381092210,1,1304146210,55468,POINT (-756726.35 -1044026.5),True,2015-09-01 00:22:16,20150831_OB_539309_UKSH.xml.gz,2015-09-01 00:22:16,2019-05-01 00:13:50,change
SO.6398332,6398332,1,3,2013-11-20,,10,1.0,1.0,1,9,1,9,,9,456855,401004,381092210,1,1304146210,55468,POINT (-756726.35 -1044026.5),True,2019-05-01 00:13:50,20190430_OB_539309_UKSH.xml.zip,2019-05-01 00:13:50,2022-06-01 00:09:23,change
SO.6398332,6398332,1,7,2022-05-30,,10,1.0,1.0,1,9,1,9,,9,2787538,4385805,381092210,1,1304146210,55468,POINT (-756726.35 -1044026.5),True,2022-06-01 00:09:23,20220531_OB_539309_UKSH.xml.zip,2022-06-01 00:09:23,2024-01-01 00:00:34,change
SO.6398332,6398332,1,7,2023-12-23,1919-12-31,10,1.0,1.0,1,9,1,2,91.0,9,3269822,5297922,381092210,1,1304146210,55468,POINT (-756726.35 -1044026.5),True,2024-01-01 00:00:34,20231231_OB_539309_UKSH.xml.zip,2024-01-01 00:00:34,,
SO.6398341,6398341,1,7,2013-11-20,,10,2.0,1.0,1,3,1,2,,1,456855,401004,381060210,2,1304149210,55468,POINT (-756761.77 -1044034.95),True,2015-09-01 00:22:16,20150831_OB_539309_UKSH.xml.gz,2015-09-01 00:22:16,2016-05-01 00:06:54,change
SO.6398341,6398341,1,7,2016-04-05,,10,2.0,1.0,1,3,1,2,,1,905764,1202381,381060210,2,1304149210,55468,POINT (-756761.77 -1044034.95),True,2016-05-01 00:06:54,20160430_OB_539309_UKSH.xml.gz,2016-05-01 00:06:54,2024-01-01 00:00:34,change
SO.6398341,6398341,1,7,2023-12-23,1919-12-31,10,2.0,1.0,1,3,1,2,231.0,1,3269822,5297922,381060210,2,1304149210,55468,POINT (-756761.77 -1044034.95),True,2024-01-01 00:00:34,20231231_OB_539309_UKSH.xml.zip,2024-01-01 00:00:34,,
SO.6398359,6398359,1,3,2013-11-20,,10,2.0,1.0,1,1,1,2,,1,456855,401004,381025210,3,1304151210,55468,POINT (-756778.1 -1044038.3),True,2015-09-01 00:22:16,20150831_OB_539309_UKSH.xml.gz,2015-09-01 00:22:16,2022-06-01 00:09:23,change
SO.6398359,6398359,1,7,2022-05-30,,10,2.0,1.0,1,1,1,2,,1,2787538,4385805,381025210,3,1304151210,55468,POINT (-756778.1 -1044038.3),True,2022-06-01 00:09:23,20220531_OB_539309_UKSH.xml.zip,2022-06-01 00:09:23,2024-01-01 00:00:34,change
SO.6398359,6398359,1,7,2023-12-23,1919-12-31,10,2.0,2.0,1,1,1,2,161.0,3,3269822,5297922,381025210,3,1304151210,55468,POINT (-756778.1 -1044038.3),True,2024-01-01 00:00:34,20231231_OB_539309_UKSH.xml.zip,2024-01-01 00:00:34,,
SO.6398367,6398367,1,3,2013-11-20,,9,1.0,1.0,9,9,9,9,,9,456855,401004,380943210,4,1304152210,55468,POINT (-756804.87 -1044074.56),False,2015-09-01 00:22:16,20150831_OB_539309_UKSH.xml.gz,2015-09-01 00:22:16,2016-11-01 00:31:45,change
SO.6398367,6398367,1,7,2016-10-12,,9,1.0,1.0,9,9,9,9,,9,1111553,1491749,380943210,4,1304152210,55468,POINT (-756815.1 -1044065.57),False,2016-11-01 00:31:45,20161031_OB_539309_UKSH.xml.gz,2016-11-01 00:31:45,2024-01-01 00:00:34,change
SO.6398367,6398367,1,7,2023-12-23,1945-12-31,9,1.0,2.0,3,1,1,2,328.0,1,3269822,5297922,380943210,4,1304152210,55468,POINT (-756815.1 -1044065.57),False,2024-01-01 00:00:34,20231231_OB_539309_UKSH.xml.zip,2024-01-01 00:00:34,,
SO.6398375,6398375,1,3,2013-11-20,,10,1.0,1.0,1,3,1,2,,1,456855,401004,381029210,5,1304174210,55468,POINT (-756787.64 -1044115.79),True,2015-09-01 00:22:16,20150831_OB_539309_UKSH.xml.gz,2015-09-01 00:22:16,2019-03-02 00:00:07,change
SO.6398375,6398375,1,3,2019-02-28,,10,1.0,1.0,1,3,1,2,,1,1960675,2773649,381029210,5,1304174210,55468,POINT (-756788.93 -1044115.83),True,2019-03-02 00:00:07,20190301_OB_539309_UKSH.xml.zip,2019-03-02 00:00:07,2022-06-01 00:09:23,change
SO.6398375,6398375,1,7,2022-05-30,,10,1.0,1.0,1,3,1,2,,1,2787538,4385805,381029210,5,1304174210,55468,POINT (-756788.93 -1044115.83),True,2022-06-01 00:09:23,20220531_OB_539309_UKSH.xml.zip,2022-06-01 00:09:23,2024-01-01 00:00:34,change
SO.6398375,6398375,1,7,2023-12-23,1919-12-31,10,1.0,2.0,1,3,1,2,54.0,1,3269822,5297922,381029210,5,1304174210,55468,POINT (-756788.93 -1044115.83),True,2024-01-01 00:00:34,20231231_OB_539309_UKSH.xml.zip,2024-01-01 00:00:34,,
SO.6398383,6398383,1,7,2013-11-20,,10,1.0,1.0,1,3,1,2,,1,456855,401004,381150210,6,1304173210,55468,POINT (-756782.86 -1044121.71),True,2015-09-01 00:22:16,20150831_OB_539309_UKSH.xml.gz,2015-09-01 00:22:16,2019-03-02 00:00:07,change
SO.6398383,6398383,1,7,2013-11-20,,10,1.0,1.0,1,3,1,2,,1,456855,401004,381150210,6,1304173210,55468,POINT (-756782.86 -1044121.71),True,2019-03-02 00:00:07,20190301_OB_539309_UKSH.xml.zip,2019-03-02 00:00:07,2024-01-01 00:00:34,change
SO.6398383,6398383,1,7,2023-12-23,2000-12-31,10,1.0,1.0,1,3,1,2,153.0,1,3269822,5297922,381150210,6,1304173210,55468,POINT (-756782.86 -1044121.71),True,2024-01-01 00:00:34,20231231_OB_539309_UKSH.xml.zip,2024-01-01 00:00:34,,
SO.6398391,6398391,1,3,2013-11-20,,9,1.0,1.0,9,9,9,9,,9,456855,401004,380945210,7,1304172210,55468,POINT (-756782.17 -1044132.81),True,2015-09-01 00:22:16,20150831_OB_539309_UKSH.xml.gz,2015-09-01 00:22:16,2019-08-01 00:09:38,change
SO.6398391,6398391,1,7,2019-07-18,2019-07-16,3,1.0,2.0,1,3,1,2,140.0,1,2047022,2946301,380945210,7,1304172210,55468,POINT (-756781.43 -1044133.82),True,2019-08-01 00:09:38,20190731_OB_539309_UKSH.xml.zip,2019-08-01 00:09:38,,
SO.6398405,6398405,1,3,2013-11-20,,10,1.0,1.0,1,1,1,2,,1,456855,401004,380935210,8,1304164210,55468,POINT (-756801.31 -1044158.31),True,2015-09-01 00:22:16,20150831_OB_539309_UKSH.xml.gz,2015-09-01 00:22:16,2021-08-01 10:37:29,change
SO.6398405,6398405,1,3,2013-11-20,,10,1.0,1.0,1,1,1,2,,1,456855,401004,380935210,8,1304164210,55468,POINT (-756801.31 -1044158.31),True,2021-08-01 10:37:29,20210731_OB_539309_UKSH.xml.zip,2021-08-01 10:37:29,2022-06-01 00:09:23,change
SO.6398405,6398405,1,7,2022-05-30,,10,1.0,1.0,1,1,1,2,,1,2787538,4385805,380935210,8,1304164210,55468,POINT (-756801.31 -1044158.31),True,2022-06-01 00:09:23,20220531_OB_539309_UKSH.xml.zip,2022-06-01 00:09:23,2023-08-01 00:03:49,change
SO.6398405,6398405,1,7,2023-07-14,,10,1.0,1.0,1,1,1,2,,1,3114687,5021292,380935210,8,1304164210,55468,POINT (-756801.47 -1044159.4),True,2023-08-01 00:03:49,20230731_OB_539309_UKSH.xml.zip,2023-08-01 00:03:49,2024-01-01 00:00:34,change
SO.6398405,6398405,1,7,2023-12-23,1919-12-31,10,1.0,1.0,1,1,1,2,74.0,4,3269822,5297922,380935210,8,1304164210,55468,POINT (-756801.47 -1044159.4),True,2024-01-01 00:00:34,20231231_OB_539309_UKSH.xml.zip,2024-01-01 00:00:34,,
SO.6398413,6398413,1,7,2013-11-20,,10,1.0,1.0,1,3,1,2,,4,456855,401004,381024210,9,1304163210,55468,POINT (-756802.01 -1044148.43),True,2015-09-01 00:22:16,20150831_OB_539309_UKSH.xml.gz,2015-09-01 00:22:16,2024-01-01 00:00:34,change
SO.6398413,6398413,1,7,2023-12-23,1919-12-31,10,2.0,1.0,1,1,1,2,139.0,3,3269822,5297922,381024210,9,1304163210,55468,POINT (-756802.01 -1044148.43),True,2024-01-01 00:00:34,20231231_OB_539309_UKSH.xml.zip,2024-01-01 00:00:34,,
SO.6398421,6398421,1,3,2013-11-20,,10,1.0,1.0,1,1,1,2,,1,456855,401004,381076210,10,1304162210,55468,POINT (-756807.26 -1044142.5),True,2015-09-01 00:22:16,20150831_OB_539309_UKSH.xml.gz,2015-09-01 00:22:16,2022-06-01 00:09:23,change
SO.6398421,6398421,1,7,2022-05-30,,10,1.0,1.0,1,1,1,2,,1,2787538,4385805,381076210,10,1304162210,55468,POINT (-756807.26 -1044142.5),True,2022-06-01 00:09:23,20220531_OB_539309_UKSH.xml.zip,2022-06-01 00:09:23,2024-01-01 00:00:34,change
SO.6398421,6398421,1,7,2023-12-23,1945-12-31,10,1.0,2.0,1,1,1,2,106.0,1,3269822,5297922,381076210,10,1304162210,55468,POINT (-756807.26 -1044142.5),True,2024-01-01 00:00:34,20231231_OB_539309_UKSH.xml.zip,2024-01-01 00:00:34,,
SO.6398430,6398430,1,7,2011-12-09,,,1.0,,3,1,1,2,,1,9854,0,,611,1304193210,55468,POINT (-757965.71 -1044329.25),False,2015-09-01 00:22:16,20150831_OB_539309_UKSH.xml.gz,2015-09-01 00:22:16,2016-02-01 00:00:02,change
SO.6398430,6398430,1,7,2016-01-15,,,1.0,,3,1,1,2,199.0,1,820906,1077961,,611,1304193210,55468,POINT (-757965.71 -1044329.25),False,2016-02-01 00:00:02,20160131_OB_539309_UKSH.xml.gz,2016-02-01 00:00:02,2016-06-01 00:48:14,change
SO.6398430,6398430,1,7,2016-01-15,,,1.0,,3,1,1,2,199.0,1,820906,1240627,381052210,611,1304193210,55468,POINT (-757965.71 -1044329.25),True,2016-06-01 00:48:14,20160531_OB_539309_UKSH.xml.gz,2016-06-01 00:48:14,2024-01-01 00:00:34,change
SO.6398430,6398430,1,7,2023-12-23,2011-12-31,2,1.0,,3,1,1,2,199.0,1,3269822,5297922,381052210,611,1304193210,55468,POINT (-757965.71 -1044329.25),True,2024-01-01 00:00:34,20231231_OB_539309_UKSH.xml.zip,2024-01-01 00:00:34,,
SO.6398448,6398448,1,3,2013-11-20,,10,1.0,1.0,1,1,1,2,,4,456855,401004,380934210,12,1304160210,55468,POINT (-756807.76 -1044128.1),True,2015-09-01 00:22:16,20150831_OB_539309_UKSH.xml.gz,2015-09-01 00:22:16,2019-05-01 00:13:50,change
SO.6398448,6398448,1,3,2013-11-20,,10,1.0,1.0,1,1,1,2,,4,456855,401004,380934210,12,1304160210,55468,POINT (-756807.76 -1044128.1),True,2019-05-01 00:13:50,20190430_OB_539309_UKSH.xml.zip,2019-05-01 00:13:50,2022-06-01 00:09:23,change
SO.6398448,6398448,1,7,2022-05-30,,10,1.0,1.0,1,1,1,2,,4,2787538,4385805,380934210,12,1304160210,55468,POINT (-756807.76 -1044128.1),True,2022-06-01 00:09:23,20220531_OB_539309_UKSH.xml.zip,2022-06-01 00:09:23,2024-01-01 00:00:34,change
SO.6398448,6398448,1,7,2023-12-23,1919-12-31,10,1.0,1.0,1,1,1,2,92.0,4,3269822,5297922,380934210,12,1304160210,55468,POINT (-756807.76 -1044128.1),True,2024-01-01 00:00:34,20231231_OB_539309_UKSH.xml.zip,2024-01-01 00:00:34,,
SO.6398464,6398464,1,3,2013-11-20,,10,2.0,1.0,1,9,1,2,,1,456855,401004,381058210,14,1304158210,55468,POINT (-756843.69 -1044136.23),True,2015-09-01 00:22:16,20150831_OB_539309_UKSH.xml.gz,2015-09-01 00:22:16,2022-06-01 00:09:23,change
SO.6398464,6398464,1,7,2022-05-30,,10,2.0,1.0,1,9,1,2,,1,2787538,4385805,381058210,14,1304158210,55468,POINT (-756843.69 -1044136.23),True,2022-06-01 00:09:23,20220531_OB_539309_UKSH.xml.zip,2022-06-01 00:09:23,2024-01-01 00:00:34,change
SO.6398464,6398464,1,7,2023-12-23,1980-12-31,10,2.0,2.0,1,1,1,2,155.0,3,3269822,5297922,381058210,14,1304158210,55468,POINT (-756843.69 -1044136.23),True,2024-01-01 00:00:34,20231231_OB_539309_UKSH.xml.zip,2024-01-01 00:00:34,,
SO.6398481,6398481,1,7,2013-11-20,,10,1.0,1.0,1,1,1,2,,1,456855,401004,380928210,16,1304090210,55468,POINT (-756915.25 -1044107.64),True,2015-09-01 00:22:16,20150831_OB_539309_UKSH.xml.gz,2015-09-01 00:22:16,2018-09-01 00:21:08,change
SO.6398481,6398481,1,7,2018-08-14,,10,1.0,1.0,1,1,1,2,,1,1827827,2516369,380928210,16,1304090210,55468,POINT (-756920.59 -1044101.86),True,2018-09-01 00:21:08,20180831_OB_539309_UKSH.xml.gz,2018-09-01 00:21:08,2023-03-01 00:11:14,change
SO.6398481,6398481,1,7,2018-08-14,,10,1.0,1.0,1,1,1,2,,1,1827827,2516369,380928210,16,1304090210,55468,POINT (-756920.59 -1044101.86),True,2023-03-01 00:11:14,20230228_OB_539309_UKSH.xml.zip,2023-03-01 00:11:14,2024-01-01 00:00:34,change
SO.6398481,6398481,1,7,2023-12-23,1970-12-31,10,1.0,2.0,1,1,1,2,211.0,1,3269822,5297922,380928210,16,1304090210,55468,POINT (-756920.59 -1044101.86),True,2024-01-01 00:00:34,20231231_OB_539309_UKSH.xml.zip,2024-01-01 00:00:34,,
SO.6398499,6398499,1,7,2013-11-20,,10,1.0,1.0,3,1,1,2,,4,456855,401004,912457210,17,2400606210,55468,POINT (-756975.13 -1044129.1),True,2015-09-01 00:22:16,20150831_OB_539309_UKSH.xml.gz,2015-09-01 00:22:16,2024-01-01 00:00:34,change
SO.6398499,6398499,1,7,2023-12-23,2000-12-31,10,1.0,2.0,3,1,1,2,168.0,1,3269822,5297922,912457210,17,2400606210,55468,POINT (-756975.13 -1044129.1),True,2024-01-01 00:00:34,20231231_OB_539309_UKSH.xml.zip,2024-01-01 00:00:34,,
SO.6398502,6398502,1,3,2013-11-20,,10,1.0,1.0,1,1,1,2,,1,456855,401004,381022210,18,1304101210,55468,POINT (-756780.89 -1044013.78),True,2015-09-01 00:22:16,20150831_OB_539309_UKSH.xml.gz,2015-09-01 00:22:16,2020-02-01 00:11:13,change
SO.6398502,6398502,1,3,2013-11-20,,10,1.0,1.0,1,1,1,2,,1,456855,401004,381022210,18,1304101210,55468,POINT (-756780.89 -1044013.78),True,2020-02-01 00:11:13,20200131_OB_539309_UKSH.xml.zip,2020-02-01 00:11:13,2022-06-01 00:09:23,change
SO.6398502,6398502,1,7,2022-05-30,,10,1.0,1.0,1,1,1,2,,1,2787538,4385805,381022210,18,1304101210,55468,POINT (-756780.89 -1044013.78),True,2022-06-01 00:09:23,20220531_OB_539309_UKSH.xml.zip,2022-06-01 00:09:23,2024-01-01 00:00:34,change
SO.6398502,6398502,1,7,2023-12-23,1919-12-31,10,2.0,2.0,1,1,1,2,129.0,1,3269822,5297922,381022210,18,1304101210,55468,POINT (-756780.89 -1044013.78),True,2024-01-01 00:00:34,20231231_OB_539309_UKSH.xml.zip,2024-01-01 00:00:34,,
SO.6398511,6398511,1,3,2013-11-20,,10,2.0,1.0,1,9,9,2,,1,456855,401004,380938210,19,1304103210,55468,POINT (-756756.96 -1043996.24),True,2015-09-01 00:22:16,20150831_OB_539309_UKSH.xml.gz,2015-09-01 00:22:16,2022-06-01 00:09:23,change
SO.6398511,6398511,1,7,2022-05-30,,10,2.0,1.0,1,9,9,2,,1,2787538,4385805,380938210,19,1304103210,55468,POINT (-756756.96 -1043996.24),True,2022-06-01 00:09:23,20220531_OB_539309_UKSH.xml.zip,2022-06-01 00:09:23,2023-01-01 00:03:45,change
SO.6398511,6398511,1,7,2022-12-12,1981-04-18,10,2.0,3.0,1,3,1,2,599.0,1,2948947,4699616,380938210,19,1304103210,55468,POINT (-756756.96 -1043996.24),True,2023-01-01 00:03:45,20221231_OB_539309_UKSH.xml.zip,2023-01-01 00:03:45,2023-07-01 00:03:19,change
SO.6398511,6398511,1,7,2023-06-05,1981-04-18,10,2.0,3.0,1,3,1,2,599.0,1,3087098,4964248,380938210,19,1304103210,55468,POINT (-756760.41 -1043994.6),True,2023-07-01 00:03:19,20230630_OB_539309_UKSH.xml.zip,2023-07-01 00:03:19,,
SO.6398529,6398529,1,7,2013-11-20,,10,1.0,1.0,1,3,1,2,,4,456855,401004,381156210,20,1304106210,55468,POINT (-756739.34 -1044000.47),True,2015-09-01 00:22:16,20150831_OB_539309_UKSH.xml.gz,2015-09-01 00:22:16,2023-07-01 00:03:19,change
SO.6398529,6398529,1,7,2013-11-20,,10,1.0,1.0,1,3,1,2,,4,456855,401004,381156210,20,1304106210,55468,POINT (-756739.34 -1044000.47),True,2023-07-01 00:03:19,20230630_OB_539309_UKSH.xml.zip,2023-07-01 00:03:19,2024-01-01 00:00:34,change
SO.6398529,6398529,1,7,2023-12-23,1919-12-31,10,1.0,1.0,1,3,1,2,171.0,4,3269822,5297922,381156210,20,1304106210,55468,POINT (-756739.34 -1044000.47),True,2024-01-01 00:00:34,20231231_OB_539309_UKSH.xml.zip,2024-01-01 00:00:34,,
SO.6398537,6398537,1,3,2013-11-20,,9,1.0,1.0,9,9,9,9,,9,456855,401004,381103210,21,1304145210,55468,POINT (-756685.17 -1044027.63),True,2015-09-01 00:22:16,20150831_OB_539309_UKSH.xml.gz,2015-09-01 00:22:16,2019-04-01 00:06:53,change
SO.6398537,6398537,1,3,2019-03-28,,9,1.0,1.0,9,9,9,9,,9,1978380,2809115,381103210,21,1304145210,55468,POINT (-756692.66 -1044013.85),True,2019-04-01 00:06:53,20190331_OB_539309_UKSH.xml.zip,2019-04-01 00:06:53,2020-09-01 00:10:15,change
SO.6398537,6398537,1,3,2020-08-10,2006-08-23,1,1.0,1.0,1,3,1,2,,1,2309979,3462674,381103210,21,1304145210,55468,POINT (-756692.66 -1044013.85),True,2020-09-01 00:10:15,20200831_OB_539309_UKSH.xml.zip,2020-09-01 00:10:15,2022-06-01 00:09:23,change
SO.6398537,6398537,1,7,2022-05-30,2006-08-23,1,1.0,1.0,1,3,1,2,,1,2787538,4385805,381103210,21,1304145210,55468,POINT (-756692.66 -1044013.85),True,2022-06-01 00:09:23,20220531_OB_539309_UKSH.xml.zip,2022-06-01 00:09:23,2024-01-01 00:00:34,change
SO.6398537,6398537,1,7,2023-12-23,2006-08-23,1,1.0,1.0,1,3,1,2,336.0,1,3269822,5297922,381103210,21,1304145210,55468,POINT (-756692.66 -1044013.85),True,2024-01-01 00:00:34,20231231_OB_539309_UKSH.xml.zip,2024-01-01 00:00:34,2024-06-01 00:02:47,change
SO.6398537,6398537,1,7,2023-12-23,2006-08-23,1,1.0,1.0,1,3,1,2,336.0,1,3269822,5297922,381103210,21,1304145210,55468,POINT (-756692.66 -1044013.85),True,2024-06-01 00:02:47,20240531_OB_539309_UKSH.xml.zip,2024-06-01 00:02:47,,
SO.6398545,6398545,1,3,2013-11-20,,10,1.0,1.0,1,3,1,2,,4,456855,401004,381088210,22,1304109210,55468,POINT (-756647.26 -1043904.95),True,2015-09-01 00:22:16,20150831_OB_539309_UKSH.xml.gz,2015-09-01 00:22:16,2022-06-01 00:09:23,change
SO.6398545,6398545,1,7,2022-05-30,,10,1.0,1.0,1,3,1,2,,4,2787538,4385805,381088210,22,1304109210,55468,POINT (-756647.26 -1043904.95),True,2022-06-01 00:09:23,20220531_OB_539309_UKSH.xml.zip,2022-06-01 00:09:23,2024-01-01 00:00:34,change
SO.6398545,6398545,1,7,2023-12-23,1970-12-31,10,1.0,1.0,1,1,1,2,239.0,1,3269822,5297922,381088210,22,1304109210,55468,POINT (-756647.26 -1043904.95),True,2024-01-01 00:00:34,20231231_OB_539309_UKSH.xml.zip,2024-01-01 00:00:34,,
SO.6398553,6398553,1,3,2013-11-20,,10,1.0,1.0,1,1,1,2,,1,456855,401004,380984210,23,1304142210,55468,POINT (-756670.59 -1044011.05),True,2015-09-01 00:22:16,20150831_OB_539309_UKSH.xml.gz,2015-09-01 00:22:16,2019-03-02 00:00:07,change
SO.6398553,6398553,1,3,2019-02-28,,10,1.0,1.0,1,1,1,2,,1,1960580,2773548,380984210,23,1304142210,55468,POINT (-756674.59 -1044012.03),True,2019-03-02 00:00:07,20190301_OB_539309_UKSH.xml.zip,2019-03-02 00:00:07,2022-06-01 00:09:23,change
SO.6398553,6398553,1,7,2022-05-30,,10,1.0,1.0,1,1,1,2,,1,2787538,4385805,380984210,23,1304142210,55468,POINT (-756674.59 -1044012.03),True,2022-06-01 00:09:23,20220531_OB_539309_UKSH.xml.zip,2022-06-01 00:09:23,2023-06-01 00:14:42,change
SO.6398553,6398553,1,7,2022-05-30,,10,1.0,1.0,1,1,1,2,,1,2787538,4385805,380984210,23,1304142210,55468,POINT (-756674.59 -1044012.03),True,2023-06-01 00:14:42,20230531_OB_539309_UKSH.xml.zip,2023-06-01 00:14:42,2024-01-01 00:00:34,change
SO.6398553,6398553,1,7,2023-12-23,1945-12-31,10,1.0,2.0,1,1,1,2,328.0,1,3269822,5297922,380984210,23,1304142210,55468,POINT (-756674.59 -1044012.03),True,2024-01-01 00:00:34,20231231_OB_539309_UKSH.xml.zip,2024-01-01 00:00:34,2024-03-01 00:02:58,change
SO.6398553,6398553,1,7,2024-02-28,1945-12-31,10,1.0,3.0,1,1,1,2,182.0,1,3324118,5401065,380984210,23,1304142210,55468,POINT (-756674.59 -1044012.03),True,2024-03-01 00:02:58,20240229_OB_539309_UKSH.xml.zip,2024-03-01 00:02:58,2024-09-01 00:02:29,change
SO.6398553,6398553,1,7,2024-02-28,1945-12-31,10,1.0,3.0,1,1,1,2,182.0,1,3324118,5401065,380984210,23,1304142210,55468,POINT (-756674.59 -1044012.03),True,2024-09-01 00:02:29,20240831_OB_539309_UKSH.xml.zip,2024-09-01 00:02:29,,
SO.6398561,6398561,1,3,2013-11-20,,10,1.0,1.0,3,1,1,2,,1,456855,401004,381134210,24,1304085210,55468,POINT (-756990.9 -1044059.58),True,2015-09-01 00:22:16,20150831_OB_539309_UKSH.xml.gz,2015-09-01 00:22:16,2022-06-01 00:09:23,change
SO.6398561,6398561,1,7,2022-05-30,,10,1.0,1.0,3,1,1,2,,1,2787538,4385805,381134210,24,1304085210,55468,POINT (-756990.9 -1044059.58),True,2022-06-01 00:09:23,20220531_OB_539309_UKSH.xml.zip,2022-06-01 00:09:23,2024-01-01 00:00:34,change
SO.6398561,6398561,1,7,2023-12-23,1919-12-31,10,2.0,2.0,3,1,1,2,152.0,3,3269822,5297922,381134210,24,1304085210,55468,POINT (-756990.9 -1044059.58),True,2024-01-01 00:00:34,20231231_OB_539309_UKSH.xml.zip,2024-01-01 00:00:34,,
SO.6398570,6398570,1,6,2013-11-20,,4,4.0,3.0,1,1,1,2,,1,456855,401004,381191210,25,1304137210,55468,POINT (-756621.92 -1044013.78),True,2015-09-01 00:22:16,20150831_OB_539309_UKSH.xml.gz,2015-09-01 00:22:16,2024-01-01 00:00:34,change
SO.6398570,6398570,1,6,2023-12-23,1990-12-31,4,4.0,3.0,1,1,1,2,186.0,3,3269822,5297922,381191210,25,1304137210,55468,POINT (-756621.92 -1044013.78),True,2024-01-01 00:00:34,20231231_OB_539309_UKSH.xml.zip,2024-01-01 00:00:34,,
SO.6398588,6398588,1,7,2013-11-20,,10,2.0,1.0,1,1,1,2,,1,456855,401004,380923210,26,1304134210,55468,POINT (-756617.05 -1043953.05),True,2015-09-01 00:22:16,20150831_OB_539309_UKSH.xml.gz,2015-09-01 00:22:16,2024-01-01 00:00:34,change
SO.6398588,6398588,1,7,2023-12-23,1919-12-31,10,2.0,2.0,1,1,1,2,150.0,3,3269822,5297922,380923210,26,1304134210,55468,POINT (-756617.05 -1043953.05),True,2024-01-01 00:00:34,20231231_OB_539309_UKSH.xml.zip,2024-01-01 00:00:34,,
SO.6398596,6398596,1,7,2013-11-20,,10,1.0,1.0,1,3,1,2,,1,456855,401004,380958210,27,1304094210,55468,POINT (-756856.51 -1044028.93),True,2015-09-01 00:22:16,20150831_OB_539309_UKSH.xml.gz,2015-09-01 00:22:16,2024-01-01 00:00:34,change
SO.6398596,6398596,1,7,2023-12-23,1960-12-31,10,2.0,1.0,1,3,1,2,128.0,1,3269822,5297922,380958210,27,1304094210,55468,POINT (-756856.51 -1044028.93),True,2024-01-01 00:00:34,20231231_OB_539309_UKSH.xml.zip,2024-01-01 00:00:34,,
SO.6398600,6398600,1,6,2013-11-20,,10,8.0,1.0,1,3,1,2,,4,456855,401004,381115210,28,1304113210,55468,POINT (-756558.73 -1043903.46),True,2015-09-01 00:22:16,20150831_OB_539309_UKSH.xml.gz,2015-09-01 00:22:16,2024-01-01 00:00:34,change
SO.6398600,6398600,1,6,2023-12-23,1919-12-31,10,10.0,4.0,1,3,1,2,297.0,3,3269822,5297922,381115210,28,1304113210,55468,POINT (-756558.73 -1043903.46),True,2024-01-01 00:00:34,20231231_OB_539309_UKSH.xml.zip,2024-01-01 00:00:34,,
SO.6398618,6398618,1,3,2013-11-20,,10,1.0,1.0,1,1,1,2,,1,456855,401004,380940210,29,1304095210,55468,POINT (-756867.67 -1044029.72),True,2015-09-01 00:22:16,20150831_OB_539309_UKSH.xml.gz,2015-09-01 00:22:16,2016-11-01 00:31:45,change
SO.6398618,6398618,1,7,2016-10-12,,10,1.0,1.0,1,1,1,2,,1,1111553,1491749,380940210,29,1304095210,55468,POINT (-756867.67 -1044029.72),True,2016-11-01 00:31:45,20161031_OB_539309_UKSH.xml.gz,2016-11-01 00:31:45,2018-10-01 00:09:09,change
SO.6398618,6398618,1,7,2016-10-12,,10,1.0,1.0,1,1,1,2,,1,1111553,1491749,380940210,29,1304095210,55468,POINT (-756867.67 -1044029.72),True,2018-10-01 00:09:09,20180930_OB_539309_UKSH.xml.gz,2018-10-01 00:09:09,2024-01-01 00:00:34,change
SO.6398618,6398618,1,7,2023-12-23,1960-12-31,10,2.0,1.0,1,1,1,2,121.0,3,3269822,5297922,380940210,29,1304095210,55468,POINT (-756867.67 -1044029.72),True,2024-01-01 00:00:34,20231231_OB_539309_UKSH.xml.zip,2024-01-01 00:00:34,,
SO.6398626,6398626,1,3,2011-07-01,,,,,,,,,,,0,0,380944210,30,1304110210,55468,POINT (-756626.5 -1043912.9),True,2015-09-01 00:22:16,20150831_OB_539309_UKSH.xml.gz,2015-09-01 00:22:16,2022-08-01 00:03:03,change
SO.6398626,6398626,1,7,2022-07-12,,,1.0,,,,,,,,2827324,4458529,380944210,30,1304110210,55468,POINT (-756609.74 -1043920.66),True,2022-08-01 00:03:03,20220731_OB_539309_UKSH.xml.zip,2022-08-01 00:03:03,2024-01-01 00:00:34,change
SO.6398626,6398626,1,7,2023-12-23,1919-12-31,10,1.0,1.0,1,1,1,2,196.0,3,3269822,5297922,380944210,30,1304110210,55468,POINT (-756609.74 -1043920.66),True,2024-01-01 00:00:34,20231231_OB_539309_UKSH.xml.zip,2024-01-01 00:00:34,,
SO.6398634,6398634,1,3,2013-11-20,,10,1.0,1.0,3,3,1,2,,4,456855,401004,381023210,31,1304108210,55468,POINT (-756641.45 -1043934.3),True,2015-09-01 00:22:16,20150831_OB_539309_UKSH.xml.gz,2015-09-01 00:22:16,2022-06-01 00:09:23,change
SO.6398634,6398634,1,7,2022-05-30,,10,1.0,1.0,3,3,1,2,,4,2787538,4385805,381023210,31,1304108210,55468,POINT (-756641.45 -1043934.3),True,2022-06-01 00:09:23,20220531_OB_539309_UKSH.xml.zip,2022-06-01 00:09:23,2023-02-01 00:07:01,removed
SO.6398642,6398642,1,3,2013-11-20,,10,1.0,1.0,1,3,9,2,,1,456855,401004,380949210,32,1304100210,55468,POINT (-756840.51 -1043930.34),True,2015-09-01 00:22:16,20150831_OB_539309_UKSH.xml.gz,2015-09-01 00:22:16,2018-03-01 00:24:20,change
SO.6398642,6398642,1,3,2013-11-20,,10,1.0,1.0,1,3,9,2,,1,456855,401004,380949210,32,1304100210,55468,POINT (-756840.51 -1043930.34),True,2018-03-01 00:24:20,20180228_OB_539309_UKSH.xml.gz,2018-03-01 00:24:20,2022-06-01 00:09:23,change
SO.6398642,6398642,1,7,2022-05-30,,10,1.0,1.0,1,3,9,2,,1,2787538,4385805,380949210,32,1304100210,55468,POINT (-756840.51 -1043930.34),True,2022-06-01 00:09:23,20220531_OB_539309_UKSH.xml.zip,2022-06-01 00:09:23,2024-01-01 00:00:34,change
SO.6398642,6398642,1,7,2023-12-23,1919-12-31,10,1.0,1.0,1,3,9,2,229.0,1,3269822,5297922,380949210,32,1304100210,55468,POINT (-756840.51 -1043930.34),True,2024-01-01 00:00:34,20231231_OB_539309_UKSH.xml.zip,2024-01-01 00:00:34,,
SO.6398651,6398651,1,3,2013-11-20,,10,1.0,1.0,1,1,1,2,,1,456855,401004,380946210,33,1304096210,55468,POINT (-756866.76 -1044066.27),True,2015-09-01 00:22:16,20150831_OB_539309_UKSH.xml.gz,2015-09-01 00:22:16,2019-03-02 00:00:07,change
SO.6398651,6398651,1,3,2019-02-10,,10,1.0,1.0,1,1,1,2,,1,1948554,2748665,380946210,33,1304096210,55468,POINT (-756868.98 -1044064.08),True,2019-03-02 00:00:07,20190301_OB_539309_UKSH.xml.zip,2019-03-02 00:00:07,2022-06-01 00:09:23,change
SO.6398651,6398651,1,7,2022-05-30,,10,1.0,1.0,1,1,1,2,,1,2787538,4385805,380946210,33,1304096210,55468,POINT (-756868.98 -1044064.08),True,2022-06-01 00:09:23,20220531_OB_539309_UKSH.xml.zip,2022-06-01 00:09:23,2023-09-01 00:02:20,change
SO.6398651,6398651,1,7,2023-08-22,1933-12-31,10,1.0,2.0,1,1,1,2,122.0,1,3156538,5090541,380946210,33,1304096210,55468,POINT (-756868.93 -1044064.52),True,2023-09-01 00:02:20,20230831_OB_539309_UKSH.xml.zip,2023-09-01 00:02:20,,
SO.6398669,6398669,1,7,2013-11-20,,10,2.0,1.0,1,3,1,2,,1,456855,401004,380947210,34,1304091210,55468,POINT (-756930.03 -1044077.07),True,2015-09-01 00:22:16,20150831_OB_539309_UKSH.xml.gz,2015-09-01 00:22:16,2019-07-01 00:07:42,change
SO.6398669,6398669,1,7,2019-06-27,,10,2.0,1.0,1,3,1,2,,1,2036290,2924433,380947210,34,1304091210,55468,POINT (-756925.1 -1044068.89),True,2019-07-01 00:07:42,20190630_OB_539309_UKSH.xml.zip,2019-07-01 00:07:42,2024-01-01 00:00:34,change
SO.6398669,6398669,1,7,2023-12-23,1919-12-31,10,2.0,1.0,1,3,1,2,80.0,1,3269822,5297922,380947210,34,1304091210,55468,POINT (-756925.1 -1044068.89),True,2024-01-01 00:00:34,20231231_OB_539309_UKSH.xml.zip,2024-01-01 00:00:34,,
SO.6398677,6398677,1,3,2013-11-20,,10,2.0,1.0,2,9,9,2,,1,456855,401004,381035210,35,1304097210,55468,POINT (-756845.24 -1044057.71),True,2015-09-01 00:22:16,20150831_OB_539309_UKSH.xml.gz,2015-09-01 00:22:16,2019-03-02 00:00:07,change
SO.6398677,6398677,1,3,2013-11-20,,10,2.0,1.0,2,9,9,2,,1,456855,401004,381035210,35,1304097210,55468,POINT (-756845.24 -1044057.71),True,2019-03-02 00:00:07,20190301_OB_539309_UKSH.xml.zip,2019-03-02 00:00:07,2019-07-01 00:07:42,change
SO.6398677,6398677,1,3,2013-11-20,,10,2.0,1.0,2,9,9,2,,1,456855,401004,381035210,35,1304097210,55468,POINT (-756845.24 -1044057.71),True,2019-07-01 00:07:42,20190630_OB_539309_UKSH.xml.zip,2019-07-01 00:07:42,2021-05-01 00:17:22,change
SO.6398677,6398677,1,3,2013-11-20,,10,2.0,1.0,2,9,9,2,,1,456855,3792498,,35,1304097210,55468,POINT (-756845.24 -1044057.71),False,2021-05-01 00:17:22,20210430_OB_539309_UKSH.xml.zip,2021-05-01 00:17:22,2022-12-01 00:05:50,removed
SO.6398685,6398685,1,3,2013-11-20,,10,1.0,1.0,1,1,1,2,,4,456855,401004,381148210,36,1304107210,55468,POINT (-756687.48 -1043967.69),True,2015-09-01 00:22:16,20150831_OB_539309_UKSH.xml.gz,2015-09-01 00:22:16,2022-06-01 00:09:23,change
SO.6398685,6398685,1,7,2022-05-30,,10,1.0,1.0,1,1,1,2,,4,2787538,4385805,381148210,36,1304107210,55468,POINT (-756687.48 -1043967.69),True,2022-06-01 00:09:23,20220531_OB_539309_UKSH.xml.zip,2022-06-01 00:09:23,2024-01-01 00:00:34,change
SO.6398685,6398685,1,7,2023-12-23,1919-12-31,10,1.0,2.0,1,1,1,2,141.0,1,3269822,5297922,381148210,36,1304107210,55468,POINT (-756687.48 -1043967.69),True,2024-01-01 00:00:34,20231231_OB_539309_UKSH.xml.zip,2024-01-01 00:00:34,,
SO.6398693,6398693,1,7,2013-11-20,,10,1.0,1.0,1,3,1,2,,1,456855,401004,381028210,37,1304098210,55468,POINT (-756847.36 -1044012.48),True,2015-09-01 00:22:16,20150831_OB_539309_UKSH.xml.gz,2015-09-01 00:22:16,2020-02-01 00:11:13,change
SO.6398693,6398693,1,7,2020-01-22,,10,1.0,1.0,1,3,1,2,,1,2189209,3221178,381028210,37,1304098210,55468,POINT (-756848.88 -1044015.24),True,2020-02-01 00:11:13,20200131_OB_539309_UKSH.xml.zip,2020-02-01 00:11:13,2022-11-01 00:06:54,change
SO.6398693,6398693,1,7,2020-01-22,,10,1.0,1.0,1,3,1,2,,1,2189209,3221178,381028210,37,1304098210,55468,POINT (-756848.88 -1044015.24),True,2022-11-01 00:06:54,20221031_OB_539309_UKSH.xml.zip,2022-11-01 00:06:54,2024-01-01 00:00:34,change
SO.6398693,6398693,1,7,2023-12-23,1919-12-31,10,1.0,1.0,1,1,1,2,145.0,1,3269822,5297922,381028210,37,1304098210,55468,POINT (-756848.88 -1044015.24),True,2024-01-01 00:00:34,20231231_OB_539309_UKSH.xml.zip,2024-01-01 00:00:34,,
SO.6398707,6398707,1,7,2013-11-20,,10,1.0,1.0,3,3,1,2,,1,456855,401004,381072210,38,1304171210,55468,POINT (-756773 -1044154.85),True,2015-09-01 00:22:16,20150831_OB_539309_UKSH.xml.gz,2015-09-01 00:22:16,2024-01-01 00:00:34,change
SO.6398707,6398707,1,7,2023-12-23,1980-12-31,10,1.0,2.0,3,3,1,2,177.0,1,3269822,5297922,381072210,38,1304171210,55468,POINT (-756773 -1044154.85),True,2024-01-01 00:00:34,20231231_OB_539309_UKSH.xml.zip,2024-01-01 00:00:34,,
SO.6398715,6398715,1,7,2013-11-20,,9,1.0,1.0,9,9,9,9,,9,456855,401004,381039210,39,1304177210,55468,POINT (-756799.21 -1044201.92),True,2015-09-01 00:22:16,20150831_OB_539309_UKSH.xml.gz,2015-09-01 00:22:16,2020-09-01 00:10:15,change
SO.6398715,6398715,1,7,2020-08-10,2004-07-02,1,1.0,1.0,1,1,1,2,,1,2309979,3462674,381039210,39,1304177210,55468,POINT (-756799.21 -1044201.92),True,2020-09-01 00:10:15,20200831_OB_539309_UKSH.xml.zip,2020-09-01 00:10:15,2024-01-01 00:00:34,change
SO.6398715,6398715,1,7,2023-12-23,2004-07-02,1,1.0,1.0,1,1,1,2,160.0,1,3269822,5297922,381039210,39,1304177210,55468,POINT (-756799.21 -1044201.92),True,2024-01-01 00:00:34,20231231_OB_539309_UKSH.xml.zip,2024-01-01 00:00:34,,
SO.6398723,6398723,1,7,2013-11-20,,10,1.0,1.0,1,1,1,2,,1,456855,401004,380950210,40,1304166210,55468,POINT (-756786.17 -1044169.42),True,2015-09-01 00:22:16,20150831_OB_539309_UKSH.xml.gz,2015-09-01 00:22:16,2016-11-01 00:31:45,change
SO.6398723,6398723,1,7,2013-11-20,,10,1.0,1.0,1,1,1,2,,1,456855,401004,380950210,40,1304166210,55468,POINT (-756786.17 -1044169.42),True,2016-11-01 00:31:45,20161031_OB_539309_UKSH.xml.gz,2016-11-01 00:31:45,2018-01-01 00:05:34,change
SO.6398723,6398723,1,7,2017-12-05,2017-11-30,10,2.0,1.0,1,1,1,2,167.0,1,1601918,2180000,380950210,40,1304166210,55468,POINT (-756786.17 -1044169.42),True,2018-01-01 00:05:34,20171231_OB_539309_UKSH.xml.gz,2018-01-01 00:05:34,2018-02-01 00:22:45,change
SO.6398723,6398723,1,7,2017-12-05,2017-11-30,10,2.0,1.0,1,1,1,2,167.0,1,1601918,2180000,380950210,40,1304166210,55468,POINT (-756786.17 -1044169.42),True,2018-02-01 00:22:45,20180131_OB_539309_UKSH.xml.gz,2018-02-01 00:22:45,2022-12-01 00:05:50,change
SO.6398723,6398723,1,7,2017-12-05,2017-11-30,10,2.0,1.0,1,1,1,2,167.0,1,1601918,2180000,380950210,40,1304166210,55468,POINT (-756786.17 -1044169.42),True,2022-12-01 00:05:50,20221130_OB_539309_UKSH.xml.zip,2022-12-01 00:05:50,2023-03-01 00:11:14,change
SO.6398723,6398723,1,7,2017-12-05,2017-11-30,10,2.0,1.0,1,1,1,2,167.0,1,1601918,2180000,380950210,40,1304166210,55468,POINT (-756786.17 -1044169.42),True,2023-03-01 00:11:14,20230228_OB_539309_UKSH.xml.zip,2023-03-01 00:11:14,,
SO.6398731,6398731,1,3,2013-11-20,,10,1.0,1.0,3,3,1,2,,1,456855,401004,380952210,41,1304093210,55468,POINT (-756897.12 -1044027.61),True,2015-09-01 00:22:16,20150831_OB_539309_UKSH.xml.gz,2015-09-01 00:22:16,2018-10-01 00:09:09,change
SO.6398731,6398731,1,3,2018-09-05,,10,1.0,1.0,3,3,1,2,,1,1840694,2541026,380952210,41,1304093210,55468,POINT (-756901.74 -1044032.13),True,2018-10-01 00:09:09,20180930_OB_539309_UKSH.xml.gz,2018-10-01 00:09:09,2022-06-01 00:09:23,change
SO.6398731,6398731,1,7,2022-05-30,,10,1.0,1.0,3,3,1,2,,1,2787538,4385805,380952210,41,1304093210,55468,POINT (-756901.74 -1044032.13),True,2022-06-01 00:09:23,20220531_OB_539309_UKSH.xml.zip,2022-06-01 00:09:23,2024-01-01 00:00:34,change
SO.6398731,6398731,1,7,2023-12-23,1919-12-31,10,1.0,1.0,3,3,1,2,166.0,3,3269822,5297922,380952210,41,1304093210,55468,POINT (-756901.74 -1044032.13),True,2024-01-01 00:00:34,20231231_OB_539309_UKSH.xml.zip,2024-01-01 00:00:34,,
SO.6398740,6398740,1,3,2013-11-20,,9,0.0,,9,9,9,9,,9,456855,401004,380951210,42,1304170210,55468,POINT (-756753.5 -1044157.95),True,2015-09-01 00:22:16,20150831_OB_539309_UKSH.xml.gz,2015-09-01 00:22:16,2019-05-01 00:13:50,change
SO.6398740,6398740,1,3,2019-04-02,,9,0.0,,9,9,9,9,,9,1981198,2814500,380951210,42,1304170210,55468,POINT (-756754.2 -1044153.5),True,2019-05-01 00:13:50,20190430_OB_539309_UKSH.xml.zip,2019-05-01 00:13:50,2022-08-01 00:03:03,change
SO.6398740,6398740,1,7,2022-07-12,,9,1.0,,9,9,9,9,,9,2827324,4458529,380951210,42,1304170210,55468,POINT (-756754.2 -1044153.5),True,2022-08-01 00:03:03,20220731_OB_539309_UKSH.xml.zip,2022-08-01 00:03:03,2024-01-01 00:00:34,change
SO.6398740,6398740,1,7,2023-12-23,,9,1.0,,9,9,9,9,51.0,9,3269822,5297922,380951210,42,1304170210,55468,POINT (-756754.2 -1044153.5),True,2024-01-01 00:00:34,20231231_OB_539309_UKSH.xml.zip,2024-01-01 00:00:34,2024-05-01 00:03:20,change
SO.6398740,6398740,1,7,2024-04-04,,9,1.0,,9,9,9,9,51.0,9,3350859,5456750,380951210,42,1304170210,55468,POINT (-756753.17 -1044152.77),True,2024-05-01 00:03:20,20240430_OB_539309_UKSH.xml.zip,2024-05-01 00:03:20,,
SO.6398758,6398758,1,3,2013-11-20,,10,1.0,1.0,1,1,1,2,,1,456855,401004,380953210,43,1304099210,55468,POINT (-756847.17 -1043996.34),True,2015-09-01 00:22:16,20150831_OB_539309_UKSH.xml.gz,2015-09-01 00:22:16,2020-02-01 00:11:13,change
SO.6398758,6398758,1,3,2020-01-22,,10,1.0,1.0,1,1,1,2,,1,2189210,3221179,380953210,43,1304099210,55468,POINT (-756847.96 -1043998.22),True,2020-02-01 00:11:13,20200131_OB_539309_UKSH.xml.zip,2020-02-01 00:11:13,2022-06-01 00:09:23,change
SO.6398758,6398758,1,7,2022-05-30,,10,1.0,1.0,1,1,1,2,,1,2787538,4385805,380953210,43,1304099210,55468,POINT (-756847.96 -1043998.22),True,2022-06-01 00:09:23,20220531_OB_539309_UKSH.xml.zip,2022-06-01 00:09:23,2024-01-01 00:00:34,change
SO.6398758,6398758,1,7,2023-12-23,1919-12-31,10,1.0,1.0,1,1,1,2,105.0,4,3269822,5297922,380953210,43,1304099210,55468,POINT (-756847.96 -1043998.22),True,2024-01-01 00:00:34,20231231_OB_539309_UKSH.xml.zip,2024-01-01 00:00:34,,
SO.6398766,6398766,1,3,2013-11-20,,10,1.0,1.0,1,3,1,2,,1,456855,401004,380956210,44,1304178210,55468,POINT (-756810.51 -1044215.32),True,2015-09-01 00:22:16,20150831_OB_539309_UKSH.xml.gz,2015-09-01 00:22:16,2017-11-01 00:41:04,change
SO.6398766,6398766,1,3,2013-11-20,,10,1.0,1.0,1,3,1,2,,1,456855,401004,380956210,44,1304178210,55468,POINT (-756810.51 -1044215.32),True,2017-11-01 00:41:04,20171031_OB_539309_UKSH.xml.gz,2017-11-01 00:41:04,2022-06-01 00:09:23,change
SO.6398766,6398766,1,7,2022-05-30,,10,1.0,1.0,1,3,1,2,,1,2787538,4385805,380956210,44,1304178210,55468,POINT (-756810.51 -1044215.32),True,2022-06-01 00:09:23,20220531_OB_539309_UKSH.xml.zip,2022-06-01 00:09:23,2024-01-01 00:00:34,change
SO.6398766,6398766,1,7,2023-12-23,1970-12-31,10,1.0,1.0,1,3,1,2,131.0,1,3269822,5297922,380956210,44,1304178210,55468,POINT (-756810.51 -1044215.32),True,2024-01-01 00:00:34,20231231_OB_539309_UKSH.xml.zip,2024-01-01 00:00:34,,
SO.6398774,6398774,1,3,2013-11-20,,10,1.0,,1,1,1,2,,1,456855,401004,380954210,45,1304169210,55468,POINT (-756755.62 -1044172.56),True,2015-09-01 00:22:16,20150831_OB_539309_UKSH.xml.gz,2015-09-01 00:22:16,2019-05-01 00:13:50,change
SO.6398774,6398774,1,3,2019-04-17,,10,1.0,,1,1,1,2,,1,1990475,2833335,380954210,45,1304169210,55468,POINT (-756752.29 -1044166.2),True,2019-05-01 00:13:50,20190430_OB_539309_UKSH.xml.zip,2019-05-01 00:13:50,2022-06-01 00:09:23,change
SO.6398774,6398774,1,7,2022-05-30,,10,1.0,,1,1,1,2,,1,2787538,4385805,380954210,45,1304169210,55468,POINT (-756752.29 -1044166.2),True,2022-06-01 00:09:23,20220531_OB_539309_UKSH.xml.zip,2022-06-01 00:09:23,2024-01-01 00:00:34,change
SO.6398774,6398774,1,7,2023-12-23,2009-12-31,10,1.0,3.0,1,1,1,2,51.0,1,3269822,5297922,380954210,45,1304169210,55468,POINT (-756752.29 -1044166.2),True,2024-01-01 00:00:34,20231231_OB_539309_UKSH.xml.zip,2024-01-01 00:00:34,2024-05-01 00:03:20,change
SO.6398774,6398774,1,7,2024-04-04,2009-12-31,10,1.0,3.0,1,1,1,2,51.0,1,3350852,5456744,380954210,45,1304169210,55468,POINT (-756751.48 -1044165.33),True,2024-05-01 00:03:20,20240430_OB_539309_UKSH.xml.zip,2024-05-01 00:03:20,2025-08-01 00:01:38,change
SO.6398774,6398774,1,7,2025-07-14,2009-12-31,10,1.0,3.0,1,1,1,2,51.0,1,4437283,6921003,380954210,45,1304169210,55468,POINT (-756748.49 -1044164.96),True,2025-08-01 00:01:38,20250731_OB_539309_UKSH.xml.zip,2025-08-01 00:01:38,,
SO.6398782,6398782,1,3,2013-11-20,,10,1.0,1.0,1,3,1,2,,4,456855,401004,381184210,46,1304141210,55468,POINT (-756654.97 -1043986.83),True,2015-09-01 00:22:16,20150831_OB_539309_UKSH.xml.gz,2015-09-01 00:22:16,2019-05-01 00:13:50,change
SO.6398782,6398782,1,3,2019-04-02,,10,1.0,1.0,1,3,1,2,,4,1981182,2814484,381184210,46,1304141210,55468,POINT (-756660.76 -1043990.44),True,2019-05-01 00:13:50,20190430_OB_539309_UKSH.xml.zip,2019-05-01 00:13:50,2021-06-02 00:00:04,change
SO.6398782,6398782,1,3,2019-04-02,,10,1.0,1.0,1,3,1,2,,4,1981182,2814484,381184210,46,1304141210,55468,POINT (-756660.76 -1043990.44),True,2021-06-02 00:00:04,20210601_OB_539309_UKSH.xml.zip,2021-06-02 00:00:04,2022-06-01 00:09:23,change
SO.6398782,6398782,1,7,2022-05-30,,10,1.0,1.0,1,3,1,2,,4,2787538,4385805,381184210,46,1304141210,55468,POINT (-756660.76 -1043990.44),True,2022-06-01 00:09:23,20220531_OB_539309_UKSH.xml.zip,2022-06-01 00:09:23,2024-01-01 00:00:34,change
SO.6398782,6398782,1,7,2023-12-23,2005-12-31,10,1.0,2.0,1,1,1,2,109.0,1,3269822,5297922,381184210,46,1304141210,55468,POINT (-756660.76 -1043990.44),True,2024-01-01 00:00:34,20231231_OB_539309_UKSH.xml.zip,2024-01-01 00:00:34,2024-10-01 00:03:29,change
SO.6398782,6398782,1,7,2023-12-23,2005-12-31,10,1.0,2.0,1,1,1,2,109.0,1,3269822,5297922,381184210,46,1304141210,55468,POINT (-756660.76 -1043990.44),True,2024-10-01 00:03:29,20240930_OB_539309_UKSH.xml.zip,2024-10-01 00:03:29,,
SO.6398791,6398791,1,3,2011-07-01,,,1.0,,3,3,1,2,,4,0,40542,,47,1304168210,55468,POINT (-756751.75 -1044179.26),False,2015-09-01 00:22:16,20150831_OB_539309_UKSH.xml.gz,2015-09-01 00:22:16,2024-08-01 00:02:59,removed
SO.6398804,6398804,1,7,2011-07-01,,,2.0,,3,3,1,2,,1,0,0,381006210,49,1304191210,55468,POINT (-756754.69 -1044189.71),True,2015-09-01 00:22:16,20150831_OB_539309_UKSH.xml.gz,2015-09-01 00:22:16,2019-08-01 00:09:38,change
SO.6398804,6398804,1,7,2019-07-24,,,2.0,,3,3,1,2,,1,2050722,2955102,381006210,49,1304191210,55468,POINT (-756754.92 -1044187.92),True,2019-08-01 00:09:38,20190731_OB_539309_UKSH.xml.zip,2019-08-01 00:09:38,2024-01-01 00:00:34,change
SO.6398804,6398804,1,7,2023-12-23,1970-12-31,10,2.0,2.0,3,1,1,2,156.0,3,3269822,5297922,381006210,49,1304191210,55468,POINT (-756754.92 -1044187.92),True,2024-01-01 00:00:34,20231231_OB_539309_UKSH.xml.zip,2024-01-01 00:00:34,2024-05-01 00:03:20,change
SO.6398804,6398804,1,7,2024-04-04,1970-12-31,10,2.0,2.0,3,1,1,2,156.0,3,3350891,5456781,381006210,49,1304191210,55468,POINT (-756753.37 -1044189.4),True,2024-05-01 00:03:20,20240430_OB_539309_UKSH.xml.zip,2024-05-01 00:03:20,2024-12-01 00:02:37,change
SO.6398804,6398804,1,7,2024-11-01,1970-12-31,10,2.0,2.0,1,1,1,2,374.0,1,3829824,6114586,381006210,49,1304191210,55468,POINT (-756753.37 -1044189.4),True,2024-12-01 00:02:37,20241130_OB_539309_UKSH.xml.zip,2024-12-01 00:02:37,2025-01-01 13:01:03,change
SO.6398804,6398804,1,7,2024-11-01,1970-12-31,10,2.0,2.0,1,1,1,2,374.0,1,3829824,6114586,381006210,49,1304191210,55468,POINT (-756753.37 -1044189.4),True,2025-01-01 13:01:03,20241231_OB_539309_UKSH.xml.zip,2025-01-01 13:01:03,,
SO.6398812,6398812,1,3,2013-11-20,,10,1.0,1.0,1,1,1,2,,1,456855,401004,380962210,50,1304190210,55468,POINT (-756772.21 -1044203.53),True,2015-09-01 00:22:16,20150831_OB_539309_UKSH.xml.gz,2015-09-01 00:22:16,2019-03-02 00:00:07,change
SO.6398812,6398812,1,3,2019-02-10,,10,1.0,1.0,1,1,1,2,,1,1948570,2748687,380962210,50,1304190210,55468,POINT (-756777.99 -1044194.74),True,2019-03-02 00:00:07,20190301_OB_539309_UKSH.xml.zip,2019-03-02 00:00:07,2022-06-01 00:09:23,change
SO.6398812,6398812,1,7,2022-05-30,,10,1.0,1.0,1,1,1,2,,1,2787538,4385805,380962210,50,1304190210,55468,POINT (-756777.99 -1044194.74),True,2022-06-01 00:09:23,20220531_OB_539309_UKSH.xml.zip,2022-06-01 00:09:23,2023-04-01 00:06:22,change
SO.6398812,6398812,1,7,2023-03-20,2003-10-06,10,1.0,1.0,1,1,1,2,144.0,1,3031631,4850123,380962210,50,1304190210,55468,POINT (-756777.99 -1044194.74),True,2023-04-01 00:06:22,20230331_OB_539309_UKSH.xml.zip,2023-04-01 00:06:22,2023-05-01 00:00:46,change
SO.6398812,6398812,1,7,2023-03-20,2003-10-06,10,1.0,1.0,1,1,1,2,144.0,1,3031631,4850123,380962210,50,1304190210,55468,POINT (-756777.99 -1044194.74),True,2023-05-01 00:00:46,20230430_OB_539309_UKSH.xml.zip,2023-05-01 00:00:46,,
SO.6398821,6398821,1,7,2013-11-20,,10,1.0,1.0,1,1,1,2,,1,456855,401004,381163210,51,1304186210,55468,POINT (-756888.97 -1044057.83),True,2015-09-01 00:22:16,20150831_OB_539309_UKSH.xml.gz,2015-09-01 00:22:16,2019-07-01 00:07:42,change
SO.6398821,6398821,1,7,2019-06-19,,10,1.0,1.0,1,1,1,2,,1,2027943,2910578,381163210,51,1304186210,55468,POINT (-756894.49 -1044060.3),True,2019-07-01 00:07:42,20190630_OB_539309_UKSH.xml.zip,2019-07-01 00:07:42,2024-01-01 00:00:34,change
SO.6398821,6398821,1,7,2023-12-23,1919-12-31,10,1.0,1.0,1,1,1,2,114.0,1,3269822,5297922,381163210,51,1304186210,55468,POINT (-756894.49 -1044060.3),True,2024-01-01 00:00:34,20231231_OB_539309_UKSH.xml.zip,2024-01-01 00:00:34,,
SO.6398839,6398839,1,7,2013-11-20,,1,1.0,1.0,1,1,1,2,223.0,4,456855,401004,380960210,52,1304182210,55468,POINT (-756915.87 -1044032.74),True,2015-09-01 00:22:16,20150831_OB_539309_UKSH.xml.gz,2015-09-01 00:22:16,2024-01-01 00:00:34,change
SO.6398839,6398839,1,7,2023-12-23,1919-12-31,1,1.0,1.0,1,1,1,2,116.0,1,3269822,5297922,380960210,52,1304182210,55468,POINT (-756915.87 -1044032.74),True,2024-01-01 00:00:34,20231231_OB_539309_UKSH.xml.zip,2024-01-01 00:00:34,,
SO.6398847,6398847,1,7,2013-11-20,,10,2.0,1.0,1,1,1,2,,1,456855,401004,381030210,53,1304183210,55468,POINT (-756954.31 -1044037.09),True,2015-09-01 00:22:16,20150831_OB_539309_UKSH.xml.gz,2015-09-01 00:22:16,2023-04-01 00:06:22,change
SO.6398847,6398847,1,7,2023-03-23,2023-01-31,10,2.0,2.0,1,1,1,2,154.0,1,3035096,4857712,381030210,53,1304183210,55468,POINT (-756954.31 -1044037.09),True,2023-04-01 00:06:22,20230331_OB_539309_UKSH.xml.zip,2023-04-01 00:06:22,,
SO.6398863,6398863,1,5,2013-11-20,,10,1.0,1.0,1,1,1,2,,1,456855,401004,381207210,55,1304188210,55468,POINT (-756828.93 -1044081.68),True,2015-09-01 00:22:16,20150831_OB_539309_UKSH.xml.gz,2015-09-01 00:22:16,2024-01-01 00:00:34,change
SO.6398863,6398863,1,5,2023-12-23,,10,0.0,1.0,1,1,1,2,115.0,1,3269822,5297922,381207210,55,1304188210,55468,POINT (-756828.93 -1044081.68),True,2024-01-01 00:00:34,20231231_OB_539309_UKSH.xml.zip,2024-01-01 00:00:34,,
SO.6398871,6398871,1,5,2013-11-20,,,1.0,1.0,9,9,9,2,,9,456855,401004,381136210,56,1304184210,55468,POINT (-756974.26 -1044029.19),True,2015-09-01 00:22:16,20150831_OB_539309_UKSH.xml.gz,2015-09-01 00:22:16,2019-03-02 00:00:07,change
SO.6398871,6398871,1,5,2013-11-20,,,1.0,1.0,9,9,9,2,,9,456855,401004,381136210,56,1304184210,55468,POINT (-756974.26 -1044029.19),True,2019-03-02 00:00:07,20190301_OB_539309_UKSH.xml.zip,2019-03-02 00:00:07,2020-09-01 00:10:15,change
SO.6398871,6398871,1,5,2020-08-10,2014-01-10,1,1.0,1.0,1,1,1,2,,1,2309979,3462674,381136210,56,1304184210,55468,POINT (-756974.26 -1044029.19),True,2020-09-01 00:10:15,20200831_OB_539309_UKSH.xml.zip,2020-09-01 00:10:15,2023-04-01 00:06:22,change
SO.6398871,6398871,1,5,2020-08-10,2014-01-10,1,1.0,1.0,1,1,1,2,,1,2309979,3462674,381136210,56,1304184210,55468,POINT (-756974.26 -1044029.19),True,2023-04-01 00:06:22,20230331_OB_539309_UKSH.xml.zip,2023-04-01 00:06:22,2024-01-01 00:00:34,change
SO.6398871,6398871,1,5,2023-12-23,2014-01-10,1,1.0,1.0,1,1,1,2,829.0,1,3269822,5297922,381136210,56,1304184210,55468,POINT (-756981.79 -1044027.2),True,2024-01-01 00:00:34,20231231_OB_539309_UKSH.xml.zip,2024-01-01 00:00:34,,
SO.6398880,6398880,1,5,2013-11-20,,4,1.0,1.0,1,,1,2,707.0,,456855,401004,381208210,57,1304337210,55468,POINT (-756841.59 -1043820.36),True,2015-09-01 00:22:16,20150831_OB_539309_UKSH.xml.gz,2015-09-01 00:22:16,2016-01-01 00:00:01,change
SO.6398880,6398880,1,5,2015-12-15,,4,1.0,1.0,1,,1,2,707.0,,793409,1036577,381208210,57,1304337210,55468,POINT (-756841.59 -1043820.36),True,2016-01-01 00:00:01,20151231_OB_539309_UKSH.xml.gz,2016-01-01 00:00:01,2022-09-01 00:07:11,change
SO.6398880,6398880,1,5,2015-12-15,,4,1.0,1.0,1,,1,2,707.0,,793409,1036577,381208210,57,1304337210,55468,POINT (-756841.59 -1043820.36),True,2022-09-01 00:07:11,20220831_OB_539309_UKSH.xml.zip,2022-09-01 00:07:11,2022-11-01 00:06:54,change
SO.6398880,6398880,1,5,2015-12-15,,4,1.0,1.0,1,,1,2,707.0,,793409,1036577,381208210,57,1304337210,55468,POINT (-756841.59 -1043820.36),True,2022-11-01 00:06:54,20221031_OB_539309_UKSH.xml.zip,2022-11-01 00:06:54,2023-04-01 00:06:22,change
SO.6398880,6398880,1,5,2023-03-28,,4,1.0,1.0,1,1,1,2,707.0,1,3040157,4866874,381208210,57,1304337210,55468,POINT (-756841.59 -1043820.36),True,2023-04-01 00:06:22,20230331_OB_539309_UKSH.xml.zip,2023-04-01 00:06:22,,
SO.6398898,6398898,1,7,2013-11-20,,10,2.0,1.0,1,3,1,2,,1,456855,401004,380961210,58,1304195210,55468,POINT (-756827.37 -1044183.29),True,2015-09-01 00:22:16,20150831_OB_539309_UKSH.xml.gz,2015-09-01 00:22:16,2023-12-01 00:04:08,change
SO.6398898,6398898,1,7,2013-11-20,,10,2.0,1.0,1,3,1,2,,1,456855,401004,380961210,58,1304195210,55468,POINT (-756827.37 -1044183.29),True,2023-12-01 00:04:08,20231130_OB_539309_UKSH.xml.zip,2023-12-01 00:04:08,2024-01-01 00:00:34,change
SO.6398898,6398898,1,7,2023-12-06,2023-11-22,10,2.0,2.0,1,3,1,2,478.0,1,3246433,5261070,380961210,58,1304195210,55468,POINT (-756827.37 -1044183.29),True,2024-01-01 00:00:34,20231231_OB_539309_UKSH.xml.zip,2024-01-01 00:00:34,,
SO.6398901,6398901,1,7,2013-11-20,,10,1.0,1.0,1,3,9,2,,1,456855,401004,380922210,59,1304105210,55468,POINT (-756716.76 -1043992.2),True,2015-09-01 00:22:16,20150831_OB_539309_UKSH.xml.gz,2015-09-01 00:22:16,2024-01-01 00:00:34,change
SO.6398901,6398901,1,7,2023-12-23,1980-12-31,10,1.0,1.0,1,1,1,2,144.0,2,3269822,5297922,380922210,59,1304105210,55468,POINT (-756716.76 -1043992.2),True,2024-01-01 00:00:34,20231231_OB_539309_UKSH.xml.zip,2024-01-01 00:00:34,,
SO.6398910,6398910,1,3,2013-11-20,,9,1.0,1.0,9,9,9,9,,9,456855,401004,380966210,60,1304194210,55468,POINT (-756935.95 -1044034.05),True,2015-09-01 00:22:16,20150831_OB_539309_UKSH.xml.gz,2015-09-01 00:22:16,2019-08-01 00:09:38,change
SO.6398910,6398910,1,3,2019-07-24,,9,1.0,1.0,9,9,9,9,,9,2050836,2955303,380966210,60,1304194210,55468,POINT (-756936.16 -1044038.24),True,2019-08-01 00:09:38,20190731_OB_539309_UKSH.xml.zip,2019-08-01 00:09:38,2022-06-01 00:09:23,change
SO.6398910,6398910,1,7,2022-05-30,,9,1.0,1.0,9,9,9,9,,9,2787538,4385805,380966210,60,1304194210,55468,POINT (-756936.16 -1044038.24),True,2022-06-01 00:09:23,20220531_OB_539309_UKSH.xml.zip,2022-06-01 00:09:23,2024-01-01 00:00:34,change
SO.6398910,6398910,1,7,2023-12-23,1980-12-31,9,1.0,1.0,3,9,9,2,98.0,9,3269822,5297922,380966210,60,1304194210,55468,POINT (-756936.16 -1044038.24),True,2024-01-01 00:00:34,20231231_OB_539309_UKSH.xml.zip,2024-01-01 00:00:34,,
SO.6398928,6398928,1,7,2013-11-20,,10,1.0,1.0,1,1,1,2,,1,456855,401004,380965210,61,1304279210,55468,POINT (-756717.86 -1044142.68),True,2015-09-01 00:22:16,20150831_OB_539309_UKSH.xml.gz,2015-09-01 00:22:16,2024-01-01 00:00:34,change
SO.6398928,6398928,1,7,2023-12-23,1970-12-31,10,2.0,1.0,1,1,1,2,126.0,3,3269822,5297922,380965210,61,1304279210,55468,POINT (-756717.86 -1044142.68),True,2024-01-01 00:00:34,20231231_OB_539309_UKSH.xml.zip,2024-01-01 00:00:34,,
SO.6398936,6398936,1,3,2013-11-20,,10,1.0,1.0,1,1,1,2,,1,456855,401004,381069210,62,1304181210,55468,POINT (-756738.68 -1043957.63),True,2015-09-01 00:22:16,20150831_OB_539309_UKSH.xml.gz,2015-09-01 00:22:16,2019-03-02 00:00:07,change
SO.6398936,6398936,1,3,2019-02-08,,10,1.0,1.0,1,1,1,2,,1,1948206,2747883,381069210,62,1304181210,55468,POINT (-756733.73 -1043958.28),True,2019-03-02 00:00:07,20190301_OB_539309_UKSH.xml.zip,2019-03-02 00:00:07,2022-06-01 00:09:23,change
SO.6398936,6398936,1,7,2022-05-30,,10,1.0,1.0,1,1,1,2,,1,2787538,4385805,381069210,62,1304181210,55468,POINT (-756733.73 -1043958.28),True,2022-06-01 00:09:23,20220531_OB_539309_UKSH.xml.zip,2022-06-01 00:09:23,2023-04-01 00:06:22,change
SO.6398936,6398936,1,7,2022-05-30,,10,1.0,1.0,1,1,1,2,,1,2787538,4385805,381069210,62,1304181210,55468,POINT (-756733.73 -1043958.28),True,2023-04-01 00:06:22,20230331_OB_539309_UKSH.xml.zip,2023-04-01 00:06:22,2023-06-01 00:14:42,change
SO.6398936,6398936,1,7,2023-05-31,,10,1.0,1.0,1,1,1,2,,1,3084541,4959171,381069210,62,1304181210,55468,POINT (-756732.8 -1043956.43),True,2023-06-01 00:14:42,20230531_OB_539309_UKSH.xml.zip,2023-06-01 00:14:42,2024-01-01 00:00:34,change
SO.6398936,6398936,1,7,2023-12-23,1919-12-31,10,1.0,1.0,1,1,1,2,211.0,1,3269822,5297922,381069210,62,1304181210,55468,POINT (-756732.8 -1043956.43),True,2024-01-01 00:00:34,20231231_OB_539309_UKSH.xml.zip,2024-01-01 00:00:34,,
SO.6398944,6398944,1,3,2013-11-20,,4,1.0,1.0,1,1,1,2,,1,456855,401004,381091210,63,1304155210,55468,POINT (-756862.28 -1044104.32),True,2015-09-01 00:22:16,20150831_OB_539309_UKSH.xml.gz,2015-09-01 00:22:16,2022-06-01 00:09:23,change
SO.6398944,6398944,1,7,2022-05-30,,4,1.0,1.0,1,1,1,2,,1,2787538,4385805,381091210,63,1304155210,55468,POINT (-756862.28 -1044104.32),True,2022-06-01 00:09:23,20220531_OB_539309_UKSH.xml.zip,2022-06-01 00:09:23,2024-01-01 00:00:34,change
SO.6398944,6398944,1,7,2023-12-23,1990-12-31,4,1.0,2.0,1,1,1,2,117.0,1,3269822,5297922,381091210,63,1304155210,55468,POINT (-756862.26 -1044095.71),True,2024-01-01 00:00:34,20231231_OB_539309_UKSH.xml.zip,2024-01-01 00:00:34,,
SO.6398952,6398952,1,15,2013-11-20,,9,0.0,,9,9,9,9,,9,456855,401004,381149210,64,1304220210,55468,POINT (-757951.33 -1043367.28),True,2015-09-01 00:22:16,20150831_OB_539309_UKSH.xml.gz,2015-09-01 00:22:16,2019-05-01 00:13:50,change
SO.6398952,6398952,1,15,2019-04-17,,9,0.0,,9,9,9,9,,9,1990471,2833330,381149210,64,1304220210,55468,POINT (-757945.16 -1043366.58),True,2019-05-01 00:13:50,20190430_OB_539309_UKSH.xml.zip,2019-05-01 00:13:50,2024-01-01 00:00:34,change
SO.6398952,6398952,1,15,2023-12-23,,9,1.0,,9,3,1,2,57.0,1,3269822,5297922,381149210,64,1304220210,55468,POINT (-757945.16 -1043366.58),True,2024-01-01 00:00:34,20231231_OB_539309_UKSH.xml.zip,2024-01-01 00:00:34,,
SO.6398961,6398961,1,7,2013-11-20,,10,1.0,1.0,1,1,1,2,,1,456855,401004,380963210,65,1304165210,55468,POINT (-756790.56 -1044153.32),True,2015-09-01 00:22:16,20150831_OB_539309_UKSH.xml.gz,2015-09-01 00:22:16,2023-04-01 00:06:22,change
SO.6398961,6398961,1,7,2023-03-08,2004-11-10,10,1.0,2.0,1,1,1,2,133.0,1,3024581,4835265,380963210,65,1304165210,55468,POINT (-756790.56 -1044153.32),True,2023-04-01 00:06:22,20230331_OB_539309_UKSH.xml.zip,2023-04-01 00:06:22,,
SO.6398979,6398979,1,3,2013-11-20,,10,1.0,1.0,1,3,1,2,,1,456855,401004,380921210,66,1304092210,55468,POINT (-756907.59 -1044080.15),True,2015-09-01 00:22:16,20150831_OB_539309_UKSH.xml.gz,2015-09-01 00:22:16,2019-02-01 00:13:01,change
SO.6398979,6398979,1,3,2019-01-22,,10,1.0,1.0,1,3,1,2,,1,1936987,2726149,380921210,66,1304092210,55468,POINT (-756910.08 -1044079.26),True,2019-02-01 00:13:01,20190131_OB_539309_UKSH.xml.zip,2019-02-01 00:13:01,2019-07-01 00:07:42,change
SO.6398979,6398979,1,3,2019-01-22,,10,1.0,1.0,1,3,1,2,,1,1936987,2726149,380921210,66,1304092210,55468,POINT (-756910.08 -1044079.26),True,2019-07-01 00:07:42,20190630_OB_539309_UKSH.xml.zip,2019-07-01 00:07:42,2022-06-01 00:09:23,change
SO.6398979,6398979,1,7,2022-05-30,,10,1.0,1.0,1,3,1,2,,1,2787538,4385805,380921210,66,1304092210,55468,POINT (-756910.08 -1044079.26),True,2022-06-01 00:09:23,20220531_OB_539309_UKSH.xml.zip,2022-06-01 00:09:23,2023-12-01 00:04:08,change
SO.6398979,6398979,1,7,2023-11-10,,10,1.0,1.0,1,3,1,2,,1,3220528,5216783,380921210,66,1304092210,55468,POINT (-756903.83 -1044078.01),True,2023-12-01 00:04:08,20231130_OB_539309_UKSH.xml.zip,2023-12-01 00:04:08,2024-01-01 00:00:34,change
SO.6398979,6398979,1,7,2023-12-23,1945-12-31,10,1.0,1.0,1,3,1,2,213.0,4,3269822,5297922,380921210,66,1304092210,55468,POINT (-756903.83 -1044078.01),True,2024-01-01 00:00:34,20231231_OB_539309_UKSH.xml.zip,2024-01-01 00:00:34,,
SO.6398987,6398987,1,3,2013-11-20,,9,1.0,1.0,9,9,9,9,,9,456855,401004,380967210,67,1304196210,55468,POINT (-757009.82 -1044044.86),True,2015-09-01 00:22:16,20150831_OB_539309_UKSH.xml.gz,2015-09-01 00:22:16,2016-11-01 00:31:45,change
SO.6398987,6398987,1,3,2013-11-20,,9,1.0,1.0,9,9,9,9,,9,456855,401004,380967210,67,1304196210,55468,POINT (-757009.82 -1044044.86),True,2016-11-01 00:31:45,20161031_OB_539309_UKSH.xml.gz,2016-11-01 00:31:45,2024-01-01 00:00:34,change
SO.6398987,6398987,1,3,2023-12-23,,9,1.0,1.0,3,1,1,2,273.0,1,3269822,5297922,380967210,67,1304196210,55468,POINT (-757009.82 -1044044.86),True,2024-01-01 00:00:34,20231231_OB_539309_UKSH.xml.zip,2024-01-01 00:00:34,2024-05-01 00:03:20,change
SO.6398987,6398987,1,7,2024-04-12,2003-10-14,1,1.0,2.0,1,1,1,2,242.0,1,3356827,5469582,380967210,67,1304196210,55468,POINT (-757009.82 -1044044.86),True,2024-05-01 00:03:20,20240430_OB_539309_UKSH.xml.zip,2024-05-01 00:03:20,,
SO.6398995,6398995,1,3,2013-11-20,,10,1.0,1.0,1,3,1,2,,1,456855,401004,381009210,68,1304144210,55468,POINT (-757021.69 -1044041.87),True,2015-09-01 00:22:16,20150831_OB_539309_UKSH.xml.gz,2015-09-01 00:22:16,2022-06-01 00:09:23,change
SO.6398995,6398995,1,7,2022-05-30,,10,1.0,1.0,1,3,1,2,,1,2787538,4385805,381009210,68,1304144210,55468,POINT (-757021.69 -1044041.87),True,2022-06-01 00:09:23,20220531_OB_539309_UKSH.xml.zip,2022-06-01 00:09:23,2024-01-01 00:00:34,change
SO.6398995,6398995,1,7,2023-12-23,1919-12-31,10,1.0,1.0,1,1,1,2,95.0,1,3269822,5297922,381009210,68,1304144210,55468,POINT (-757021.69 -1044041.87),True,2024-01-01 00:00:34,20231231_OB_539309_UKSH.xml.zip,2024-01-01 00:00:34,,
SO.6399002,6399002,1,3,2013-11-20,,10,1.0,1.0,1,1,1,2,,1,456855,401004,381032210,69,1304197210,55468,POINT (-757047.01 -1044035.29),True,2015-09-01 00:22:16,20150831_OB_539309_UKSH.xml.gz,2015-09-01 00:22:16,2022-04-01 00:08:13,change
SO.6399002,6399002,1,3,2022-03-15,,10,1.0,1.0,1,1,1,2,,1,2726422,4266397,381032210,69,88606736010,55468,POINT (-757047.01 -1044035.29),True,2022-04-01 00:08:13,20220331_OB_539309_UKSH.xml.zip,2022-04-01 00:08:13,2022-06-01 00:09:23,change
SO.6399002,6399002,1,7,2022-05-30,,10,1.0,1.0,1,1,1,2,,1,2787538,4385805,381032210,69,88606736010,55468,POINT (-757047.01 -1044035.29),True,2022-06-01 00:09:23,20220531_OB_539309_UKSH.xml.zip,2022-06-01 00:09:23,2024-01-01 00:00:34,change
SO.6399002,6399002,1,7,2023-12-23,1919-12-31,10,1.0,1.0,1,1,1,2,130.0,1,3269822,5297922,381032210,69,88606736010,55468,POINT (-757047.01 -1044035.29),True,2024-01-01 00:00:34,20231231_OB_539309_UKSH.xml.zip,2024-01-01 00:00:34,,
SO.6399011,6399011,1,3,2013-11-20,,9,1.0,1.0,9,9,9,9,,9,456855,401004,381036210,70,1304198210,55468,POINT (-757067.87 -1044049.55),True,2015-09-01 00:22:16,20150831_OB_539309_UKSH.xml.gz,2015-09-01 00:22:16,2022-06-01 00:09:23,change
SO.6399011,6399011,1,7,2022-05-30,,9,1.0,1.0,9,9,9,9,,9,2787538,4385805,381036210,70,1304198210,55468,POINT (-757067.87 -1044049.55),True,2022-06-01 00:09:23,20220531_OB_539309_UKSH.xml.zip,2022-06-01 00:09:23,2023-02-01 00:07:01,change
SO.6399011,6399011,1,7,2022-05-30,,9,1.0,1.0,9,9,9,9,,9,2787538,4385805,381036210,70,1304198210,55468,POINT (-757067.87 -1044049.55),True,2023-02-01 00:07:01,20230131_OB_539309_UKSH.xml.zip,2023-02-01 00:07:01,2024-01-01 00:00:34,change
SO.6399011,6399011,1,7,2023-12-23,,9,1.0,1.0,9,9,9,2,114.0,9,3269822,5297922,381036210,70,1304198210,55468,POINT (-757067.87 -1044049.55),True,2024-01-01 00:00:34,20231231_OB_539309_UKSH.xml.zip,2024-01-01 00:00:34,,
SO.6399029,6399029,1,3,2013-11-20,,10,1.0,1.0,3,1,1,2,,1,456855,401004,381040210,71,1304199210,55468,POINT (-756908.12 -1044060.76),True,2015-09-01 00:22:16,20150831_OB_539309_UKSH.xml.gz,2015-09-01 00:22:16,2019-07-01 00:07:42,change
SO.6399029,6399029,1,3,2019-06-27,,10,1.0,1.0,3,1,1,2,,1,2036265,2924408,381040210,71,1304199210,55468,POINT (-756913.18 -1044060.99),True,2019-07-01 00:07:42,20190630_OB_539309_UKSH.xml.zip,2019-07-01 00:07:42,2022-06-01 00:09:23,change
SO.6399029,6399029,1,7,2022-05-30,,10,1.0,1.0,3,1,1,2,,1,2787538,4385805,381040210,71,1304199210,55468,POINT (-756913.18 -1044060.99),True,2022-06-01 00:09:23,20220531_OB_539309_UKSH.xml.zip,2022-06-01 00:09:23,2024-01-01 00:00:34,change
SO.6399029,6399029,1,7,2023-12-23,1945-12-31,10,1.0,1.0,3,1,1,2,198.0,1,3269822,5297922,381040210,71,1304199210,55468,POINT (-756913.18 -1044060.99),True,2024-01-01 00:00:34,20231231_OB_539309_UKSH.xml.zip,2024-01-01 00:00:34,,
SO.6399037,6399037,1,3,2013-11-20,,10,1.0,1.0,1,1,1,2,,1,456855,401004,381106210,72,1304213210,55468,POINT (-756563.93 -1043974.18),True,2015-09-01 00:22:16,20150831_OB_539309_UKSH.xml.gz,2015-09-01 00:22:16,2022-06-01 00:09:23,change
SO.6399037,6399037,1,7,2022-05-30,,10,1.0,1.0,1,1,1,2,,1,2787538,4385805,381106210,72,1304213210,55468,POINT (-756563.93 -1043974.18),True,2022-06-01 00:09:23,20220531_OB_539309_UKSH.xml.zip,2022-06-01 00:09:23,2023-01-01 00:03:45,change
SO.6399037,6399037,1,7,2022-12-21,,10,1.0,1.0,1,1,1,2,,1,2959514,4717182,381106210,72,1304213210,55468,POINT (-756564.94 -1043980.1),True,2023-01-01 00:03:45,20221231_OB_539309_UKSH.xml.zip,2023-01-01 00:03:45,2024-01-01 00:00:34,change
SO.6399037,6399037,1,7,2023-12-23,2007-12-31,10,1.0,1.0,1,1,1,2,145.0,1,3269822,5297922,381106210,72,1304213210,55468,POINT (-756564.94 -1043980.1),True,2024-01-01 00:00:34,20231231_OB_539309_UKSH.xml.zip,2024-01-01 00:00:34,,
SO.6399045,6399045,1,3,2013-11-20,,10,2.0,1.0,1,3,1,2,,1,456855,401004,381053210,73,1304200210,55468,POINT (-756883.63 -1044142.2),True,2015-09-01 00:22:16,20150831_OB_539309_UKSH.xml.gz,2015-09-01 00:22:16,2022-06-01 00:09:23,change
SO.6399045,6399045,1,7,2022-05-30,,10,2.0,1.0,1,3,1,2,,1,2787538,4385805,381053210,73,1304200210,55468,POINT (-756883.63 -1044142.2),True,2022-06-01 00:09:23,20220531_OB_539309_UKSH.xml.zip,2022-06-01 00:09:23,2023-01-01 00:03:45,change
SO.6399045,6399045,1,7,2022-12-06,1990-01-01,10,2.0,2.0,1,3,1,2,131.0,1,2944042,4689567,381053210,73,1304200210,55468,POINT (-756883.63 -1044142.2),True,2023-01-01 00:03:45,20221231_OB_539309_UKSH.xml.zip,2023-01-01 00:03:45,2023-02-01 00:07:01,change
SO.6399045,6399045,1,7,2023-01-17,1990-01-01,10,2.0,2.0,1,3,1,2,131.0,1,2982686,4755604,381053210,73,1304200210,55468,POINT (-756886.17 -1044144.36),True,2023-02-01 00:07:01,20230131_OB_539309_UKSH.xml.zip,2023-02-01 00:07:01,,
SO.6399053,6399053,1,3,2013-11-20,,10,1.0,1.0,1,3,1,2,,1,456855,401004,381070210,74,1304204210,55468,POINT (-756875.73 -1044107.31),True,2015-09-01 00:22:16,20150831_OB_539309_UKSH.xml.gz,2015-09-01 00:22:16,2019-03-02 00:00:07,change
SO.6399053,6399053,1,3,2019-02-11,,10,1.0,1.0,1,3,1,2,,1,1949368,2750090,381070210,74,1304204210,55468,POINT (-756881.47 -1044097.15),True,2019-03-02 00:00:07,20190301_OB_539309_UKSH.xml.zip,2019-03-02 00:00:07,2022-06-01 00:09:23,change
SO.6399053,6399053,1,7,2022-05-30,,10,1.0,1.0,1,3,1,2,,1,2787538,4385805,381070210,74,1304204210,55468,POINT (-756881.47 -1044097.15),True,2022-06-01 00:09:23,20220531_OB_539309_UKSH.xml.zip,2022-06-01 00:09:23,2023-04-01 00:06:22,change
SO.6399053,6399053,1,7,2023-03-29,1969-09-09,10,1.0,1.0,1,1,1,2,172.0,1,3040956,4868213,381070210,74,1304204210,55468,POINT (-756881.47 -1044097.15),True,2023-04-01 00:06:22,20230331_OB_539309_UKSH.xml.zip,2023-04-01 00:06:22,2023-06-01 00:14:42,change
SO.6399053,6399053,1,7,2023-03-29,1969-09-09,10,1.0,1.0,1,1,1,2,172.0,1,3040956,4868213,381070210,74,1304204210,55468,POINT (-756881.47 -1044097.15),True,2023-06-01 00:14:42,20230531_OB_539309_UKSH.xml.zip,2023-06-01 00:14:42,,
SO.6399061,6399061,1,3,2013-11-20,,10,1.0,1.0,3,3,1,2,,4,456855,401004,380969210,75,1304201210,55468,POINT (-757107.31 -1044059.94),True,2015-09-01 00:22:16,20150831_OB_539309_UKSH.xml.gz,2015-09-01 00:22:16,2022-06-01 00:09:23,change
SO.6399061,6399061,1,7,2022-05-30,,10,1.0,1.0,3,3,1,2,,4,2787538,4385805,380969210,75,1304201210,55468,POINT (-757107.31 -1044059.94),True,2022-06-01 00:09:23,20220531_OB_539309_UKSH.xml.zip,2022-06-01 00:09:23,2024-01-01 00:00:34,change
SO.6399061,6399061,1,7,2023-12-23,1919-12-31,10,1.0,1.0,3,3,1,2,199.0,3,3269822,5297922,380969210,75,1304201210,55468,POINT (-757107.31 -1044059.94),True,2024-01-01 00:00:34,20231231_OB_539309_UKSH.xml.zip,2024-01-01 00:00:34,,
SO.6399070,6399070,1,3,2013-11-20,,10,3.0,1.0,1,3,1,2,,1,456855,401004,380968210,76,1304202210,55468,POINT (-757075.7 -1044029.05),True,2015-09-01 00:22:16,20150831_OB_539309_UKSH.xml.gz,2015-09-01 00:22:16,2016-11-01 00:31:45,change
SO.6399070,6399070,1,7,2016-10-12,,10,3.0,1.0,1,3,1,2,,1,1111553,1491749,380968210,76,1304202210,55468,POINT (-757075.7 -1044029.05),True,2016-11-01 00:31:45,20161031_OB_539309_UKSH.xml.gz,2016-11-01 00:31:45,2024-01-01 00:00:34,change
SO.6399070,6399070,1,7,2023-12-23,2002-12-31,10,3.0,1.0,1,3,1,2,238.0,1,3269822,5297922,380968210,76,1304202210,55468,POINT (-757075.7 -1044029.05),True,2024-01-01 00:00:34,20231231_OB_539309_UKSH.xml.zip,2024-01-01 00:00:34,,
SO.6399088,6399088,1,3,2013-11-20,,9,1.0,1.0,9,9,9,9,,9,456855,401004,380970210,77,1304205210,55468,POINT (-757124.54 -1044068.9),True,2015-09-01 00:22:16,20150831_OB_539309_UKSH.xml.gz,2015-09-01 00:22:16,2020-09-01 00:10:15,change
SO.6399088,6399088,1,3,2020-08-10,,1,1.0,1.0,1,9,9,2,,9,2309979,3462674,380970210,77,1304205210,55468,POINT (-757124.54 -1044068.9),True,2020-09-01 00:10:15,20200831_OB_539309_UKSH.xml.zip,2020-09-01 00:10:15,2022-06-01 00:09:23,change
SO.6399088,6399088,1,7,2022-05-30,,1,1.0,1.0,1,9,9,2,,9,2787538,4385805,380970210,77,1304205210,55468,POINT (-757124.54 -1044068.9),True,2022-06-01 00:09:23,20220531_OB_539309_UKSH.xml.zip,2022-06-01 00:09:23,2024-01-01 00:00:34,change
SO.6399088,6399088,1,7,2023-12-23,,1,1.0,1.0,1,9,9,2,124.0,9,3269822,5297922,380970210,77,1304205210,55468,POINT (-757124.54 -1044068.9),True,2024-01-01 00:00:34,20231231_OB_539309_UKSH.xml.zip,2024-01-01 00:00:34,2026-04-01 00:02:58,change
SO.6399088,6399088,3,19,2026-03-03,2025-04-04,1,0.0,1.0,1,9,9,2,117.0,4,4968016,7667167,380970210,,1304205210,,POINT (-757124.54 -1044068.9),True,2026-04-01 00:02:58,20260331_OB_539309_UKSH.xml.zip,2026-04-01 00:02:58,2026-05-01 00:02:56,change
SO.6399088,6399088,3,19,2026-03-03,2025-04-04,1,0.0,1.0,1,9,9,2,117.0,4,4968016,7667167,380970210,,1304205210,,POINT (-757124.54 -1044068.9),True,2026-05-01 00:02:56,20260430_OB_539309_UKSH.xml.zip,2026-05-01 00:02:56,,
SO.6399096,6399096,1,3,2013-11-20,,10,2.0,1.0,3,1,1,2,,1,456855,401004,381066210,78,1304203210,55468,POINT (-757099.25 -1044024.11),True,2015-09-01 00:22:16,20150831_OB_539309_UKSH.xml.gz,2015-09-01 00:22:16,2022-06-01 00:09:23,change
SO.6399096,6399096,1,7,2022-05-30,,10,2.0,1.0,3,1,1,2,,1,2787538,4385805,381066210,78,1304203210,55468,POINT (-757099.25 -1044024.11),True,2022-06-01 00:09:23,20220531_OB_539309_UKSH.xml.zip,2022-06-01 00:09:23,2024-01-01 00:00:34,change
SO.6399096,6399096,1,7,2023-12-23,1919-12-31,10,2.0,1.0,3,1,1,2,246.0,1,3269822,5297922,381066210,78,1304203210,55468,POINT (-757099.25 -1044024.11),True,2024-01-01 00:00:34,20231231_OB_539309_UKSH.xml.zip,2024-01-01 00:00:34,,
SO.6399100,6399100,1,3,2013-11-20,,10,1.0,1.0,1,3,1,2,,4,456855,401004,380971210,79,1304206210,55468,POINT (-756853.53 -1044164.74),True,2015-09-01 00:22:16,20150831_OB_539309_UKSH.xml.gz,2015-09-01 00:22:16,2016-11-01 00:31:45,change
SO.6399100,6399100,1,7,2016-10-12,,10,1.0,1.0,1,3,1,2,,4,1111553,1491749,380971210,79,1304206210,55468,POINT (-756853.53 -1044164.74),True,2016-11-01 00:31:45,20161031_OB_539309_UKSH.xml.gz,2016-11-01 00:31:45,2019-05-01 00:13:50,change
SO.6399100,6399100,1,7,2019-04-17,,10,1.0,1.0,1,3,1,2,,4,1990488,2833347,380971210,79,1304206210,55468,POINT (-756861.14 -1044155.75),True,2019-05-01 00:13:50,20190430_OB_539309_UKSH.xml.zip,2019-05-01 00:13:50,2021-06-02 00:00:04,change
SO.6399100,6399100,1,7,2019-04-17,,10,1.0,1.0,1,3,1,2,,4,1990488,2833347,380971210,79,1304206210,55468,POINT (-756861.14 -1044155.75),True,2021-06-02 00:00:04,20210601_OB_539309_UKSH.xml.zip,2021-06-02 00:00:04,2024-01-01 00:00:34,change
SO.6399100,6399100,1,7,2023-12-23,1919-12-31,10,1.0,1.0,1,3,1,2,124.0,3,3269822,5297922,380971210,79,1304206210,55468,POINT (-756861.14 -1044155.75),True,2024-01-01 00:00:34,20231231_OB_539309_UKSH.xml.zip,2024-01-01 00:00:34,,
SO.6399118,6399118,1,3,2013-11-20,,10,2.0,1.0,3,1,1,2,,1,456855,401004,380973210,80,1304207210,55468,POINT (-756850.58 -1044186.8),True,2015-09-01 00:22:16,20150831_OB_539309_UKSH.xml.gz,2015-09-01 00:22:16,2019-12-01 00:05:31,change
SO.6399118,6399118,1,7,2019-11-11,2019-11-11,10,2.0,1.0,3,1,1,2,192.0,1,2122657,3100703,380973210,80,1304207210,55468,POINT (-756847.59 -1044193.55),True,2019-12-01 00:05:31,20191130_OB_539309_UKSH.xml.zip,2019-12-01 00:05:31,2021-02-01 00:06:52,change
SO.6399118,6399118,1,7,2019-11-11,2019-11-11,10,2.0,1.0,3,1,1,2,192.0,1,2122657,3100703,380973210,80,1304207210,55468,POINT (-756847.59 -1044193.55),True,2021-02-01 00:06:52,20210131_OB_539309_UKSH.xml.zip,2021-02-01 00:06:52,2021-04-01 00:19:34,change
SO.6399118,6399118,1,7,2021-03-26,2019-11-11,10,2.0,1.0,3,1,1,2,192.0,1,2457015,3758109,380973210,80,80577076010,55468,POINT (-756847.16 -1044194.58),True,2021-04-01 00:19:34,20210331_OB_539309_UKSH.xml.zip,2021-04-01 00:19:34,,
SO.6399126,6399126,1,7,2013-11-20,,10,2.0,,3,1,1,2,,1,456855,401004,381011210,81,1304208210,55468,POINT (-759806.75 -1042820.28),True,2015-09-01 00:22:16,20150831_OB_539309_UKSH.xml.gz,2015-09-01 00:22:16,2024-01-01 00:00:34,change
SO.6399126,6399126,1,7,2023-12-23,1919-12-31,10,2.0,2.0,3,1,1,2,207.0,1,3269822,5297922,381011210,81,1304208210,55468,POINT (-759808.3 -1042822.03),True,2024-01-01 00:00:34,20231231_OB_539309_UKSH.xml.zip,2024-01-01 00:00:34,,
SO.6399134,6399134,1,3,2013-11-20,,10,2.0,1.0,1,1,1,2,,1,456855,401004,380974210,82,1304217210,55468,POINT (-757128.62 -1044032.69),True,2015-09-01 00:22:16,20150831_OB_539309_UKSH.xml.gz,2015-09-01 00:22:16,2022-06-01 00:09:23,change
SO.6399134,6399134,1,7,2022-05-30,,10,2.0,1.0,1,1,1,2,,1,2787538,4385805,380974210,82,1304217210,55468,POINT (-757128.62 -1044032.69),True,2022-06-01 00:09:23,20220531_OB_539309_UKSH.xml.zip,2022-06-01 00:09:23,2024-01-01 00:00:34,change
SO.6399134,6399134,1,7,2023-12-23,1970-12-31,10,2.0,2.0,1,1,1,2,79.0,1,3269822,5297922,380974210,82,1304217210,55468,POINT (-757128.62 -1044032.69),True,2024-01-01 00:00:34,20231231_OB_539309_UKSH.xml.zip,2024-01-01 00:00:34,,
SO.6399142,6399142,1,3,2013-11-20,,10,1.0,1.0,1,3,1,2,,4,456855,401004,380918210,83,1304215210,55468,POINT (-757161.62 -1044051.52),True,2015-09-01 00:22:16,20150831_OB_539309_UKSH.xml.gz,2015-09-01 00:22:16,2022-06-01 00:09:23,change
SO.6399142,6399142,1,7,2022-05-30,,10,1.0,1.0,1,3,1,2,,4,2787538,4385805,380918210,83,1304215210,55468,POINT (-757161.62 -1044051.52),True,2022-06-01 00:09:23,20220531_OB_539309_UKSH.xml.zip,2022-06-01 00:09:23,2024-01-01 00:00:34,change
SO.6399142,6399142,1,7,2023-12-23,1919-12-31,10,1.0,1.0,1,3,1,2,145.0,3,3269822,5297922,380918210,83,1304215210,55468,POINT (-757161.62 -1044051.52),True,2024-01-01 00:00:34,20231231_OB_539309_UKSH.xml.zip,2024-01-01 00:00:34,,
SO.6399151,6399151,1,7,2013-11-20,,10,1.0,1.0,1,1,1,2,,1,456855,401004,380975210,84,1304218210,55468,POINT (-756863.95 -1044141.66),True,2015-09-01 00:22:16,20150831_OB_539309_UKSH.xml.gz,2015-09-01 00:22:16,2019-03-02 00:00:07,change
SO.6399151,6399151,1,7,2019-02-15,,10,1.0,1.0,1,1,1,2,,1,1952695,2756964,380975210,84,1304218210,55468,POINT (-756865.22 -1044146.52),True,2019-03-02 00:00:07,20190301_OB_539309_UKSH.xml.zip,2019-03-02 00:00:07,2021-06-02 00:00:04,change
SO.6399151,6399151,1,7,2019-02-15,,10,1.0,1.0,1,1,1,2,,1,1952695,2756964,380975210,84,1304218210,55468,POINT (-756865.22 -1044146.52),True,2021-06-02 00:00:04,20210601_OB_539309_UKSH.xml.zip,2021-06-02 00:00:04,2024-01-01 00:00:34,change
SO.6399151,6399151,1,7,2023-12-23,1945-12-31,10,1.0,1.0,1,1,1,2,62.0,1,3269822,5297922,380975210,84,1304218210,55468,POINT (-756865.22 -1044146.52),True,2024-01-01 00:00:34,20231231_OB_539309_UKSH.xml.zip,2024-01-01 00:00:34,,
SO.6399169,6399169,1,3,2013-11-20,,9,1.0,,9,9,9,9,,9,456855,401004,380985210,85,1304143210,55468,POINT (-756668.51 -1043993.14),True,2015-09-01 00:22:16,20150831_OB_539309_UKSH.xml.gz,2015-09-01 00:22:16,2019-03-02 00:00:07,change
SO.6399169,6399169,1,3,2019-02-28,,9,1.0,,9,9,9,9,,9,1960674,2773648,380985210,85,1304143210,55468,POINT (-756669.08 -1043992.83),True,2019-03-02 00:00:07,20190301_OB_539309_UKSH.xml.zip,2019-03-02 00:00:07,2022-06-01 00:09:23,change
SO.6399169,6399169,1,7,2022-05-30,,9,1.0,,9,9,9,9,,9,2787538,4385805,380985210,85,1304143210,55468,POINT (-756669.08 -1043992.83),True,2022-06-01 00:09:23,20220531_OB_539309_UKSH.xml.zip,2022-06-01 00:09:23,2024-01-01 00:00:34,change
SO.6399169,6399169,1,7,2023-12-23,,9,1.0,,9,9,9,9,108.0,9,3269822,5297922,380985210,85,1304143210,55468,POINT (-756669.08 -1043992.83),True,2024-01-01 00:00:34,20231231_OB_539309_UKSH.xml.zip,2024-01-01 00:00:34,2024-03-01 00:02:58,change
SO.6399169,6399169,1,7,2024-02-28,1900-01-01,10,1.0,1.0,1,1,1,2,207.0,3,3324118,5401065,380985210,85,1304143210,55468,POINT (-756669.08 -1043992.83),True,2024-03-01 00:02:58,20240229_OB_539309_UKSH.xml.zip,2024-03-01 00:02:58,2024-09-01 00:02:29,change
SO.6399169,6399169,1,7,2024-02-28,1900-01-01,10,1.0,1.0,1,1,1,2,207.0,3,3324118,5401065,380985210,85,1304143210,55468,POINT (-756669.08 -1043992.83),True,2024-09-01 00:02:29,20240831_OB_539309_UKSH.xml.zip,2024-09-01 00:02:29,,
SO.6399177,6399177,1,7,2013-11-20,,9,1.0,1.0,9,9,9,9,,9,456855,401004,381089210,86,1304084210,55468,POINT (-756977.2 -1044086.86),True,2015-09-01 00:22:16,20150831_OB_539309_UKSH.xml.gz,2015-09-01 00:22:16,2024-01-01 00:00:34,change
SO.6399177,6399177,1,7,2023-12-23,,9,2.0,1.0,2,1,1,2,97.0,3,3269822,5297922,381089210,86,1304084210,55468,POINT (-756977.2 -1044086.86),True,2024-01-01 00:00:34,20231231_OB_539309_UKSH.xml.zip,2024-01-01 00:00:34,,
SO.6399185,6399185,1,6,2013-11-20,,10,4.0,1.0,3,1,1,2,,1,456855,401004,381190210,87,1304138210,55468,POINT (-756607.58 -1044036.3),True,2015-09-01 00:22:16,20150831_OB_539309_UKSH.xml.gz,2015-09-01 00:22:16,2020-09-01 00:10:15,change
SO.6399185,6399185,1,6,2020-08-10,,10,4.0,1.0,1,1,1,2,,1,2309979,3462674,381190210,87,1304138210,55468,POINT (-756607.58 -1044036.3),True,2020-09-01 00:10:15,20200831_OB_539309_UKSH.xml.zip,2020-09-01 00:10:15,2024-01-01 00:00:34,change
SO.6399185,6399185,1,6,2023-12-23,1990-12-31,10,4.0,1.0,1,1,1,2,187.0,1,3269822,5297922,381190210,87,1304138210,55468,POINT (-756607.58 -1044036.3),True,2024-01-01 00:00:34,20231231_OB_539309_UKSH.xml.zip,2024-01-01 00:00:34,,
SO.6399193,6399193,1,3,2013-11-20,,10,1.0,1.0,1,3,1,2,,1,456855,401004,380977210,88,1304225210,55468,POINT (-757062.9 -1043885.22),True,2015-09-01 00:22:16,20150831_OB_539309_UKSH.xml.gz,2015-09-01 00:22:16,2022-06-01 00:09:23,change
SO.6399193,6399193,1,7,2022-05-30,,10,1.0,1.0,1,3,1,2,,1,2787538,4385805,380977210,88,1304225210,55468,POINT (-757062.9 -1043885.22),True,2022-06-01 00:09:23,20220531_OB_539309_UKSH.xml.zip,2022-06-01 00:09:23,2024-01-01 00:00:34,change
SO.6399193,6399193,1,7,2023-12-23,1945-12-31,10,1.0,3.0,1,3,1,2,82.0,1,3269822,5297922,380977210,88,1304225210,55468,POINT (-757062.9 -1043885.22),True,2024-01-01 00:00:34,20231231_OB_539309_UKSH.xml.zip,2024-01-01 00:00:34,,
SO.6399207,6399207,1,3,2013-11-20,,10,1.0,1.0,1,1,1,2,,1,456855,401004,380978210,89,1304226210,55468,POINT (-757063.87 -1043875.72),True,2015-09-01 00:22:16,20150831_OB_539309_UKSH.xml.gz,2015-09-01 00:22:16,2022-06-01 00:09:23,change
SO.6399207,6399207,1,7,2022-05-30,,10,1.0,1.0,1,1,1,2,,1,2787538,4385805,380978210,89,1304226210,55468,POINT (-757063.87 -1043875.72),True,2022-06-01 00:09:23,20220531_OB_539309_UKSH.xml.zip,2022-06-01 00:09:23,2024-01-01 00:00:34,change
SO.6399207,6399207,1,7,2023-12-23,1945-12-31,10,1.0,1.0,1,1,1,2,82.0,1,3269822,5297922,380978210,89,1304226210,55468,POINT (-757063.87 -1043875.72),True,2024-01-01 00:00:34,20231231_OB_539309_UKSH.xml.zip,2024-01-01 00:00:34,,
SO.6399215,6399215,1,3,2013-11-20,,10,2.0,1.0,1,2,1,2,,1,456855,401004,380979210,90,1304227210,55468,POINT (-757066.08 -1043849.3),True,2015-09-01 00:22:16,20150831_OB_539309_UKSH.xml.gz,2015-09-01 00:22:16,2022-06-01 00:09:23,change
SO.6399215,6399215,1,7,2022-05-30,,10,2.0,1.0,1,2,1,2,,1,2787538,4385805,380979210,90,1304227210,55468,POINT (-757066.08 -1043849.3),True,2022-06-01 00:09:23,20220531_OB_539309_UKSH.xml.zip,2022-06-01 00:09:23,2024-01-01 00:00:34,change
SO.6399215,6399215,1,7,2023-12-23,2000-12-31,10,2.0,2.0,1,2,1,2,112.0,1,3269822,5297922,380979210,90,1304227210,55468,POINT (-757066.08 -1043849.3),True,2024-01-01 00:00:34,20231231_OB_539309_UKSH.xml.zip,2024-01-01 00:00:34,,
SO.6399223,6399223,1,3,2013-11-20,,9,1.0,1.0,9,9,9,9,,9,456855,401004,380981210,91,1304230210,55468,POINT (-756942.21 -1043911.9),True,2015-09-01 00:22:16,20150831_OB_539309_UKSH.xml.gz,2015-09-01 00:22:16,2022-06-01 00:09:23,change
SO.6399223,6399223,1,7,2022-05-30,,9,1.0,1.0,9,9,9,9,,9,2787538,4385805,380981210,91,1304230210,55468,POINT (-756942.21 -1043911.9),True,2022-06-01 00:09:23,20220531_OB_539309_UKSH.xml.zip,2022-06-01 00:09:23,2023-03-01 00:11:14,change
SO.6399223,6399223,1,7,2023-02-10,2023-02-09,1,1.0,2.0,1,1,1,2,153.0,1,3003782,4794402,380981210,91,1304230210,55468,POINT (-756942.21 -1043911.9),True,2023-03-01 00:11:14,20230228_OB_539309_UKSH.xml.zip,2023-03-01 00:11:14,2023-05-01 00:00:46,change
SO.6399223,6399223,1,7,2023-02-10,2023-02-09,1,1.0,2.0,1,1,1,2,153.0,1,3003782,4794402,380981210,91,1304230210,55468,POINT (-756942.21 -1043911.9),True,2023-05-01 00:00:46,20230430_OB_539309_UKSH.xml.zip,2023-05-01 00:00:46,,
SO.6399231,6399231,1,7,2013-11-20,,10,2.0,1.0,1,3,1,2,,1,456855,401004,380982210,92,1304228210,55468,POINT (-757067.12 -1043839.74),True,2015-09-01 00:22:16,20150831_OB_539309_UKSH.xml.gz,2015-09-01 00:22:16,2024-01-01 00:00:34,change
SO.6399231,6399231,1,7,2023-12-23,1919-12-31,10,2.0,1.0,1,1,1,2,113.0,1,3269822,5297922,380982210,92,1304228210,55468,POINT (-757067.12 -1043839.74),True,2024-01-01 00:00:34,20231231_OB_539309_UKSH.xml.zip,2024-01-01 00:00:34,,
SO.6399240,6399240,1,3,2013-11-20,,10,1.0,1.0,3,3,1,2,,4,456855,401004,380927210,93,1304231210,55468,POINT (-756951.17 -1043912.64),True,2015-09-01 00:22:16,20150831_OB_539309_UKSH.xml.gz,2015-09-01 00:22:16,2022-06-01 00:09:23,change
SO.6399240,6399240,1,7,2022-05-30,,10,1.0,1.0,3,3,1,2,,4,2787538,4385805,380927210,93,1304231210,55468,POINT (-756951.17 -1043912.64),True,2022-06-01 00:09:23,20220531_OB_539309_UKSH.xml.zip,2022-06-01 00:09:23,2024-01-01 00:00:34,change
SO.6399240,6399240,1,7,2023-12-23,1945-12-31,10,1.0,1.0,3,3,1,2,56.0,3,3269822,5297922,380927210,93,1304231210,55468,POINT (-756951.17 -1043912.64),True,2024-01-01 00:00:34,20231231_OB_539309_UKSH.xml.zip,2024-01-01 00:00:34,,
SO.6399258,6399258,1,7,2013-11-20,,10,1.0,1.0,1,2,1,2,,1,456855,401004,381033210,94,1304223210,55468,POINT (-757054.03 -1043965.41),True,2015-09-01 00:22:16,20150831_OB_539309_UKSH.xml.gz,2015-09-01 00:22:16,2019-09-01 00:05:16,change
SO.6399258,6399258,1,7,2013-11-20,,10,1.0,1.0,1,2,1,2,,1,456855,401004,381033210,94,1304223210,55468,POINT (-757054.03 -1043965.41),True,2019-09-01 00:05:16,20190831_OB_539309_UKSH.xml.zip,2019-09-01 00:05:16,2021-06-02 00:00:04,change
SO.6399258,6399258,1,7,2013-11-20,,10,1.0,1.0,1,2,1,2,,1,456855,401004,381033210,94,1304223210,55468,POINT (-757054.03 -1043965.41),True,2021-06-02 00:00:04,20210601_OB_539309_UKSH.xml.zip,2021-06-02 00:00:04,2024-01-01 00:00:34,change
SO.6399258,6399258,1,7,2023-12-23,1945-12-31,10,2.0,1.0,1,1,1,2,158.0,3,3269822,5297922,381033210,94,1304223210,55468,POINT (-757054.03 -1043965.41),True,2024-01-01 00:00:34,20231231_OB_539309_UKSH.xml.zip,2024-01-01 00:00:34,,
SO.6399266,6399266,1,7,2013-11-20,,10,1.0,1.0,1,1,1,2,,4,456855,401004,381096210,95,1304221210,55468,POINT (-756871.05 -1044178.63),True,2015-09-01 00:22:16,20150831_OB_539309_UKSH.xml.gz,2015-09-01 00:22:16,2023-08-01 00:03:49,change
SO.6399266,6399266,1,7,2023-07-31,,10,1.0,1.0,1,1,1,2,,4,3128511,5048121,381096210,95,1304221210,55468,POINT (-756871.18 -1044180.09),True,2023-08-01 00:03:49,20230731_OB_539309_UKSH.xml.zip,2023-08-01 00:03:49,2024-01-01 00:00:34,change
SO.6399266,6399266,1,7,2023-12-23,1960-12-31,10,1.0,1.0,1,1,1,2,116.0,4,3269822,5297922,381096210,95,1304221210,55468,POINT (-756871.18 -1044180.09),True,2024-01-01 00:00:34,20231231_OB_539309_UKSH.xml.zip,2024-01-01 00:00:34,2024-10-01 00:03:29,change
SO.6399266,6399266,1,7,2023-12-23,1960-12-31,10,1.0,1.0,1,1,1,2,116.0,4,3269822,5297922,381096210,95,1304221210,55468,POINT (-756871.18 -1044180.09),True,2024-10-01 00:03:29,20240930_OB_539309_UKSH.xml.zip,2024-10-01 00:03:29,,
SO.6399274,6399274,1,7,2013-11-20,,10,1.0,1.0,1,1,1,2,,1,456855,401004,380983210,96,1304222210,55468,POINT (-757040.84 -1044003.13),True,2015-09-01 00:22:16,20150831_OB_539309_UKSH.xml.gz,2015-09-01 00:22:16,2022-07-01 00:08:32,change
SO.6399274,6399274,1,7,2022-06-16,,10,1.0,1.0,1,1,1,2,,1,2804413,4419387,380983210,96,1304222210,55468,POINT (-757050.5 -1044001.13),True,2022-07-01 00:08:32,20220630_OB_539309_UKSH.xml.zip,2022-07-01 00:08:32,2024-01-01 00:00:34,change
SO.6399274,6399274,1,7,2023-12-23,1945-12-31,10,1.0,1.0,1,1,1,2,96.0,1,3269822,5297922,380983210,96,1304222210,55468,POINT (-757050.5 -1044001.13),True,2024-01-01 00:00:34,20231231_OB_539309_UKSH.xml.zip,2024-01-01 00:00:34,,
SO.6399282,6399282,1,3,2013-11-20,,10,1.0,1.0,4,3,2,2,,4,456855,401004,380976210,97,1304229210,55468,POINT (-757069.56 -1043821.33),True,2015-09-01 00:22:16,20150831_OB_539309_UKSH.xml.gz,2015-09-01 00:22:16,2022-06-01 00:09:23,change
SO.6399282,6399282,1,7,2022-05-30,,10,1.0,1.0,4,3,2,2,,4,2787538,4385805,380976210,97,1304229210,55468,POINT (-757069.56 -1043821.33),True,2022-06-01 00:09:23,20220531_OB_539309_UKSH.xml.zip,2022-06-01 00:09:23,2024-01-01 00:00:34,change
SO.6399282,6399282,1,7,2023-12-23,1945-12-31,10,1.0,1.0,4,3,2,2,114.0,4,3269822,5297922,380976210,97,1304229210,55468,POINT (-757069.56 -1043821.33),True,2024-01-01 00:00:34,20231231_OB_539309_UKSH.xml.zip,2024-01-01 00:00:34,,
SO.6399291,6399291,1,3,2013-11-20,,10,1.0,1.0,3,3,1,2,,1,456855,401004,381041210,98,1304232210,55468,POINT (-757069.77 -1043804.3),True,2015-09-01 00:22:16,20150831_OB_539309_UKSH.xml.gz,2015-09-01 00:22:16,2021-05-01 00:17:22,change
SO.6399291,6399291,1,3,2013-11-20,,10,1.0,1.0,3,3,1,2,,1,456855,401004,381041210,98,1304232210,55468,POINT (-757069.77 -1043804.3),True,2021-05-01 00:17:22,20210430_OB_539309_UKSH.xml.zip,2021-05-01 00:17:22,2022-06-01 00:09:23,change
SO.6399291,6399291,1,7,2022-05-30,,10,1.0,1.0,3,3,1,2,,1,2787538,4385805,381041210,98,1304232210,55468,POINT (-757069.77 -1043804.3),True,2022-06-01 00:09:23,20220531_OB_539309_UKSH.xml.zip,2022-06-01 00:09:23,2024-01-01 00:00:34,change
SO.6399291,6399291,1,7,2023-12-23,1945-12-31,10,1.0,1.0,3,3,1,2,108.0,3,3269822,5297922,381041210,98,1304232210,55468,POINT (-757069.77 -1043804.3),True,2024-01-01 00:00:34,20231231_OB_539309_UKSH.xml.zip,2024-01-01 00:00:34,,
SO.6399312,6399312,1,3,2013-11-20,,10,1.0,1.0,3,1,1,2,,1,456855,401004,381083210,100,1304236210,55468,POINT (-756979.34 -1043838.66),True,2015-09-01 00:22:16,20150831_OB_539309_UKSH.xml.gz,2015-09-01 00:22:16,2022-06-01 00:09:23,change
SO.6399312,6399312,1,7,2022-05-30,,10,1.0,1.0,3,1,1,2,,1,2787538,4385805,381083210,100,1304236210,55468,POINT (-756979.34 -1043838.66),True,2022-06-01 00:09:23,20220531_OB_539309_UKSH.xml.zip,2022-06-01 00:09:23,2024-01-01 00:00:34,change
SO.6399312,6399312,1,7,2023-12-23,1970-12-31,10,1.0,1.0,3,1,1,2,100.0,1,3269822,5297922,381083210,100,1304236210,55468,POINT (-756979.34 -1043838.66),True,2024-01-01 00:00:34,20231231_OB_539309_UKSH.xml.zip,2024-01-01 00:00:34,,
SO.6399321,6399321,1,7,2013-11-20,,9,1.0,1.0,9,9,9,9,,9,456855,401004,380989210,101,1304242210,55468,POINT (-757087.46 -1043874.22),True,2015-09-01 00:22:16,20150831_OB_539309_UKSH.xml.gz,2015-09-01 00:22:16,2018-04-01 00:06:07,change
SO.6399321,6399321,1,7,2013-11-20,,9,1.0,1.0,9,9,9,9,,9,456855,401004,380989210,101,1304242210,55468,POINT (-757087.46 -1043874.22),True,2018-04-01 00:06:07,20180331_OB_539309_UKSH.xml.gz,2018-04-01 00:06:07,2019-09-01 00:05:16,change
SO.6399321,6399321,1,7,2013-11-20,,9,1.0,1.0,9,9,9,9,,9,456855,401004,380989210,101,1304242210,55468,POINT (-757087.46 -1043874.22),True,2019-09-01 00:05:16,20190831_OB_539309_UKSH.xml.zip,2019-09-01 00:05:16,2024-01-01 00:00:34,change
SO.6399321,6399321,1,7,2023-12-23,1945-12-31,9,1.0,1.0,9,1,1,2,84.0,1,3269822,5297922,380989210,101,1304242210,55468,POINT (-757087.46 -1043874.22),True,2024-01-01 00:00:34,20231231_OB_539309_UKSH.xml.zip,2024-01-01 00:00:34,,
SO.6399339,6399339,1,7,2013-11-20,,10,1.0,1.0,1,1,1,2,,1,456855,401004,380986210,102,1304243210,55468,POINT (-757089.98 -1043844.82),True,2015-09-01 00:22:16,20150831_OB_539309_UKSH.xml.gz,2015-09-01 00:22:16,2019-09-01 00:05:16,change
SO.6399339,6399339,1,7,2013-11-20,,10,1.0,1.0,1,1,1,2,,1,456855,401004,380986210,102,1304243210,55468,POINT (-757089.98 -1043844.82),True,2019-09-01 00:05:16,20190831_OB_539309_UKSH.xml.zip,2019-09-01 00:05:16,2023-01-01 00:03:45,change
SO.6399339,6399339,1,7,2022-12-21,1986-12-13,10,1.0,1.0,1,1,1,2,145.0,1,2959221,4716130,380986210,102,1304243210,55468,POINT (-757089.98 -1043844.82),True,2023-01-01 00:03:45,20221231_OB_539309_UKSH.xml.zip,2023-01-01 00:03:45,2023-02-01 00:07:01,change
SO.6399339,6399339,1,7,2022-12-21,1986-12-13,10,1.0,1.0,1,1,1,2,145.0,1,2959221,4716130,380986210,102,1304243210,55468,POINT (-757089.98 -1043844.82),True,2023-02-01 00:07:01,20230131_OB_539309_UKSH.xml.zip,2023-02-01 00:07:01,,
SO.6399347,6399347,1,3,2013-11-20,,10,1.0,1.0,1,3,9,2,,1,456855,401004,380930210,103,2298619210,55468,POINT (-757053.18 -1043942.13),True,2015-09-01 00:22:16,20150831_OB_539309_UKSH.xml.gz,2015-09-01 00:22:16,2019-09-01 00:05:16,change
SO.6399347,6399347,1,3,2019-08-12,,10,1.0,1.0,1,3,9,2,,1,2063417,2980187,380930210,103,2298619210,55468,POINT (-757055.95 -1043943.86),True,2019-09-01 00:05:16,20190831_OB_539309_UKSH.xml.zip,2019-09-01 00:05:16,2022-06-01 00:09:23,change
SO.6399347,6399347,1,7,2022-05-30,,10,1.0,1.0,1,3,9,2,,1,2787538,4385805,380930210,103,2298619210,55468,POINT (-757055.95 -1043943.86),True,2022-06-01 00:09:23,20220531_OB_539309_UKSH.xml.zip,2022-06-01 00:09:23,2024-01-01 00:00:34,change
SO.6399347,6399347,1,7,2023-12-23,1945-12-31,10,1.0,2.0,1,3,1,2,108.0,4,3269822,5297922,380930210,103,2298619210,55468,POINT (-757055.95 -1043943.86),True,2024-01-01 00:00:34,20231231_OB_539309_UKSH.xml.zip,2024-01-01 00:00:34,,
SO.6399355,6399355,1,3,2013-11-20,,10,1.0,1.0,1,3,1,2,,4,456855,401004,380919210,104,1304271210,55468,POINT (-757082.71 -1043925.09),True,2015-09-01 00:22:16,20150831_OB_539309_UKSH.xml.gz,2015-09-01 00:22:16,2019-06-01 00:12:39,change
SO.6399355,6399355,1,3,2013-11-20,,10,1.0,1.0,1,3,1,2,,4,456855,401004,380919210,104,1304271210,55468,POINT (-757082.71 -1043925.09),True,2019-06-01 00:12:39,20190531_OB_539309_UKSH.xml.zip,2019-06-01 00:12:39,2022-06-01 00:09:23,change
SO.6399355,6399355,1,7,2022-05-30,,10,1.0,1.0,1,3,1,2,,4,2787538,4385805,380919210,104,1304271210,55468,POINT (-757082.71 -1043925.09),True,2022-06-01 00:09:23,20220531_OB_539309_UKSH.xml.zip,2022-06-01 00:09:23,2024-01-01 00:00:34,change
SO.6399355,6399355,1,7,2023-12-23,1945-12-31,10,1.0,1.0,1,3,1,2,154.0,4,3269822,5297922,380919210,104,1304271210,55468,POINT (-757082.71 -1043925.09),True,2024-01-01 00:00:34,20231231_OB_539309_UKSH.xml.zip,2024-01-01 00:00:34,,
SO.6399363,6399363,1,3,2013-11-20,,10,1.0,1.0,1,1,1,2,,1,456855,401004,380994210,105,1304237210,55468,POINT (-756928.07 -1043910.16),True,2015-09-01 00:22:16,20150831_OB_539309_UKSH.xml.gz,2015-09-01 00:22:16,2022-06-01 00:09:23,change
SO.6399363,6399363,1,7,2022-05-30,,10,1.0,1.0,1,1,1,2,,1,2787538,4385805,380994210,105,1304237210,55468,POINT (-756928.07 -1043910.16),True,2022-06-01 00:09:23,20220531_OB_539309_UKSH.xml.zip,2022-06-01 00:09:23,2022-12-01 00:05:50,change
SO.6399363,6399363,1,7,2022-11-16,2022-11-03,10,1.0,2.0,1,1,1,2,139.0,1,2922035,4652726,380994210,105,1304237210,55468,POINT (-756928.28 -1043911.28),True,2022-12-01 00:05:50,20221130_OB_539309_UKSH.xml.zip,2022-12-01 00:05:50,,
SO.6399371,6399371,1,7,2013-11-20,,9,0.0,,9,9,9,9,,9,456855,401004,380990210,106,1304244210,55468,POINT (-757088.41 -1043883.28),True,2015-09-01 00:22:16,20150831_OB_539309_UKSH.xml.gz,2015-09-01 00:22:16,2018-03-01 00:24:20,change
SO.6399371,6399371,1,7,2018-02-16,,1,2.0,2.0,1,1,1,2,387.0,1,1699363,2316589,380990210,106,1304244210,55468,POINT (-757088.41 -1043883.28),True,2018-03-01 00:24:20,20180228_OB_539309_UKSH.xml.gz,2018-03-01 00:24:20,2018-04-01 00:06:07,change
SO.6399371,6399371,1,7,2018-02-16,,1,2.0,2.0,1,1,1,2,387.0,1,1699363,2316589,380990210,106,1304244210,55468,POINT (-757088.41 -1043883.28),True,2018-04-01 00:06:07,20180331_OB_539309_UKSH.xml.gz,2018-04-01 00:06:07,2019-09-01 00:05:16,change
SO.6399371,6399371,1,7,2018-02-16,,1,2.0,2.0,1,1,1,2,387.0,1,1699363,2316589,380990210,106,1304244210,55468,POINT (-757088.41 -1043883.28),True,2019-09-01 00:05:16,20190831_OB_539309_UKSH.xml.zip,2019-09-01 00:05:16,2024-01-01 00:00:34,change
SO.6399371,6399371,1,7,2023-12-23,2000-12-31,1,2.0,2.0,1,1,1,2,387.0,1,3269822,5297922,380990210,106,1304244210,55468,POINT (-757088.41 -1043883.28),True,2024-01-01 00:00:34,20231231_OB_539309_UKSH.xml.zip,2024-01-01 00:00:34,,
SO.6399380,6399380,1,3,2013-11-20,,10,1.0,1.0,1,1,1,2,,1,456855,401004,380993210,107,1304238210,55468,POINT (-756995.72 -1043864.77),True,2015-09-01 00:22:16,20150831_OB_539309_UKSH.xml.gz,2015-09-01 00:22:16,2022-06-01 00:09:23,change
SO.6399380,6399380,1,7,2022-05-30,,10,1.0,1.0,1,1,1,2,,1,2787538,4385805,380993210,107,1304238210,55468,POINT (-756995.72 -1043864.77),True,2022-06-01 00:09:23,20220531_OB_539309_UKSH.xml.zip,2022-06-01 00:09:23,2024-01-01 00:00:34,change
SO.6399380,6399380,1,7,2023-12-23,1945-12-31,10,1.0,1.0,1,1,1,2,85.0,1,3269822,5297922,380993210,107,1304238210,55468,POINT (-756995.72 -1043864.77),True,2024-01-01 00:00:34,20231231_OB_539309_UKSH.xml.zip,2024-01-01 00:00:34,,
SO.6399398,6399398,1,3,2013-11-20,,10,1.0,1.0,1,1,1,2,,1,456855,401004,380995210,108,1304089210,55468,POINT (-756909.77 -1044122.59),True,2015-09-01 00:22:16,20150831_OB_539309_UKSH.xml.gz,2015-09-01 00:22:16,2018-09-01 00:21:08,change
SO.6399398,6399398,1,3,2013-11-20,,10,1.0,1.0,1,1,1,2,,1,456855,401004,380995210,108,1304089210,55468,POINT (-756909.77 -1044122.59),True,2018-09-01 00:21:08,20180831_OB_539309_UKSH.xml.gz,2018-09-01 00:21:08,2019-08-01 00:09:38,change
SO.6399398,6399398,1,3,2019-07-24,,10,1.0,1.0,1,1,1,2,,1,2050822,2955288,380995210,108,1304089210,55468,POINT (-756903.62 -1044122.92),True,2019-08-01 00:09:38,20190731_OB_539309_UKSH.xml.zip,2019-08-01 00:09:38,2022-06-01 00:09:23,change
SO.6399398,6399398,1,7,2022-05-30,,10,1.0,1.0,1,1,1,2,,1,2787538,4385805,380995210,108,1304089210,55468,POINT (-756903.62 -1044122.92),True,2022-06-01 00:09:23,20220531_OB_539309_UKSH.xml.zip,2022-06-01 00:09:23,2024-01-01 00:00:34,change
SO.6399398,6399398,1,7,2023-12-23,1990-12-31,10,1.0,1.0,1,1,1,2,172.0,1,3269822,5297922,380995210,108,1304089210,55468,POINT (-756903.62 -1044122.92),True,2024-01-01 00:00:34,20231231_OB_539309_UKSH.xml.zip,2024-01-01 00:00:34,,
SO.6399401,6399401,1,3,2013-11-20,,10,2.0,1.0,1,1,1,2,,1,456855,401004,381068210,109,1304261210,55468,POINT (-757003.43 -1043806.57),True,2015-09-01 00:22:16,20150831_OB_539309_UKSH.xml.gz,2015-09-01 00:22:16,2022-06-01 00:09:23,change
SO.6399401,6399401,1,7,2022-05-30,,10,2.0,1.0,1,1,1,2,,1,2787538,4385805,381068210,109,1304261210,55468,POINT (-757003.43 -1043806.57),True,2022-06-01 00:09:23,20220531_OB_539309_UKSH.xml.zip,2022-06-01 00:09:23,2024-01-01 00:00:34,change
SO.6399401,6399401,1,7,2023-12-23,1945-12-31,10,2.0,2.0,1,1,1,2,109.0,1,3269822,5297922,381068210,109,1304261210,55468,POINT (-757003.43 -1043806.57),True,2024-01-01 00:00:34,20231231_OB_539309_UKSH.xml.zip,2024-01-01 00:00:34,,
SO.6399410,6399410,1,3,2013-11-20,,10,1.0,1.0,1,3,1,2,,4,456855,401004,380996210,110,1304245210,55468,POINT (-756863.02 -1044203.84),True,2015-09-01 00:22:16,20150831_OB_539309_UKSH.xml.gz,2015-09-01 00:22:16,2019-05-01 00:13:50,change
SO.6399410,6399410,1,3,2019-04-17,,10,1.0,1.0,1,3,1,2,,4,1990489,2833348,380996210,110,1304245210,55468,POINT (-756858.36 -1044210.3),True,2019-05-01 00:13:50,20190430_OB_539309_UKSH.xml.zip,2019-05-01 00:13:50,2022-06-01 00:09:23,change
SO.6399410,6399410,1,7,2022-05-30,,10,1.0,1.0,1,3,1,2,,4,2787538,4385805,380996210,110,1304245210,55468,POINT (-756858.36 -1044210.3),True,2022-06-01 00:09:23,20220531_OB_539309_UKSH.xml.zip,2022-06-01 00:09:23,2022-11-01 00:06:54,change
SO.6399410,6399410,1,7,2022-10-31,1937-01-01,10,1.0,1.0,1,3,1,2,100.0,4,2908459,4624684,380996210,110,1304245210,55468,POINT (-756859.09 -1044211.2),True,2022-11-01 00:06:54,20221031_OB_539309_UKSH.xml.zip,2022-11-01 00:06:54,2022-12-01 00:05:50,change
SO.6399410,6399410,1,7,2022-11-02,1937-01-01,10,1.0,1.0,1,3,1,2,100.0,4,2911064,4630025,380996210,110,1304245210,55468,POINT (-756860.66 -1044207.81),True,2022-12-01 00:05:50,20221130_OB_539309_UKSH.xml.zip,2022-12-01 00:05:50,,
SO.6399428,6399428,1,3,2013-11-20,,10,1.0,1.0,3,3,1,2,,1,456855,401004,380920210,111,1304239210,55468,POINT (-756997.7 -1043832.54),True,2015-09-01 00:22:16,20150831_OB_539309_UKSH.xml.gz,2015-09-01 00:22:16,2022-06-01 00:09:23,change
SO.6399428,6399428,1,7,2022-05-30,,10,1.0,1.0,3,3,1,2,,1,2787538,4385805,380920210,111,1304239210,55468,POINT (-756997.7 -1043832.54),True,2022-06-01 00:09:23,20220531_OB_539309_UKSH.xml.zip,2022-06-01 00:09:23,2024-01-01 00:00:34,change
SO.6399428,6399428,1,7,2023-12-23,1990-12-31,10,1.0,1.0,3,3,1,2,91.0,1,3269822,5297922,380920210,111,1304239210,55468,POINT (-756997.7 -1043832.54),True,2024-01-01 00:00:34,20231231_OB_539309_UKSH.xml.zip,2024-01-01 00:00:34,,
SO.6399436,6399436,1,3,2013-11-20,,10,1.0,1.0,3,3,1,2,,4,456855,401004,380998210,112,1304259210,55468,POINT (-756906.72 -1043852.45),True,2015-09-01 00:22:16,20150831_OB_539309_UKSH.xml.gz,2015-09-01 00:22:16,2022-06-01 00:09:23,change
SO.6399436,6399436,1,7,2022-05-30,,10,1.0,1.0,3,3,1,2,,4,2787538,4385805,380998210,112,1304259210,55468,POINT (-756906.72 -1043852.45),True,2022-06-01 00:09:23,20220531_OB_539309_UKSH.xml.zip,2022-06-01 00:09:23,2024-01-01 00:00:34,change
SO.6399436,6399436,1,7,2023-12-23,1945-12-31,10,1.0,1.0,3,3,1,2,58.0,3,3269822,5297922,380998210,112,1304259210,55468,POINT (-756906.72 -1043852.45),True,2024-01-01 00:00:34,20231231_OB_539309_UKSH.xml.zip,2024-01-01 00:00:34,,
SO.6399444,6399444,1,3,2013-11-20,,10,1.0,1.0,1,3,1,2,,4,456855,401004,380980210,113,1304240210,55468,POINT (-757005.29 -1043944.55),True,2015-09-01 00:22:16,20150831_OB_539309_UKSH.xml.gz,2015-09-01 00:22:16,2019-09-01 00:05:16,change
SO.6399444,6399444,1,3,2019-08-12,,10,1.0,1.0,1,3,1,2,,4,2063398,2980169,380980210,113,1304240210,55468,POINT (-757010.64 -1043938.5),True,2019-09-01 00:05:16,20190831_OB_539309_UKSH.xml.zip,2019-09-01 00:05:16,2022-06-01 00:09:23,change
SO.6399444,6399444,1,7,2022-05-30,,10,1.0,1.0,1,3,1,2,,4,2787538,4385805,380980210,113,1304240210,55468,POINT (-757010.64 -1043938.5),True,2022-06-01 00:09:23,20220531_OB_539309_UKSH.xml.zip,2022-06-01 00:09:23,2024-01-01 00:00:34,change
SO.6399444,6399444,1,7,2023-12-23,1945-12-31,10,1.0,1.0,1,3,1,2,100.0,3,3269822,5297922,380980210,113,1304240210,55468,POINT (-757010.64 -1043938.5),True,2024-01-01 00:00:34,20231231_OB_539309_UKSH.xml.zip,2024-01-01 00:00:34,,
SO.6399452,6399452,1,5,2013-11-20,,10,1.0,1.0,1,1,1,2,,1,456855,401004,381071210,114,1304212210,55468,POINT (-756554.96 -1043987.35),True,2015-09-01 00:22:16,20150831_OB_539309_UKSH.xml.gz,2015-09-01 00:22:16,2023-01-01 00:03:45,change
SO.6399452,6399452,1,5,2022-12-21,,10,1.0,1.0,1,1,1,2,,1,2959512,4717179,381071210,114,1304212210,55468,POINT (-756559.16 -1043989.64),True,2023-01-01 00:03:45,20221231_OB_539309_UKSH.xml.zip,2023-01-01 00:03:45,2024-01-01 00:00:34,change
SO.6399452,6399452,1,5,2023-12-23,1980-12-31,10,1.0,1.0,1,1,1,2,124.0,1,3269822,5297922,381071210,114,1304212210,55468,POINT (-756559.16 -1043989.64),True,2024-01-01 00:00:34,20231231_OB_539309_UKSH.xml.zip,2024-01-01 00:00:34,,
SO.6399461,6399461,1,3,2013-11-20,,6,1.0,1.0,1,1,1,2,,1,456855,401004,381061210,116,1304309210,55468,POINT (-756960.77 -1044181.82),True,2015-09-01 00:22:16,20150831_OB_539309_UKSH.xml.gz,2015-09-01 00:22:16,2022-06-01 00:09:23,change
SO.6399461,6399461,1,7,2022-05-30,,6,1.0,1.0,1,1,1,2,,1,2787538,4385805,381061210,116,1304309210,55468,POINT (-756960.77 -1044181.82),True,2022-06-01 00:09:23,20220531_OB_539309_UKSH.xml.zip,2022-06-01 00:09:23,2022-12-01 00:05:50,change
SO.6399461,6399461,1,7,2022-11-11,,6,1.0,1.0,1,1,1,2,,1,2919040,4646950,381061210,116,1304309210,55468,POINT (-756960.9 -1044182.66),True,2022-12-01 00:05:50,20221130_OB_539309_UKSH.xml.zip,2022-12-01 00:05:50,2024-01-01 00:00:34,change
SO.6399461,6399461,1,7,2023-12-23,1970-12-31,6,1.0,1.0,1,1,1,2,114.0,1,3269822,5297922,381061210,116,1304309210,55468,POINT (-756960.9 -1044182.66),True,2024-01-01 00:00:34,20231231_OB_539309_UKSH.xml.zip,2024-01-01 00:00:34,,
SO.6399479,6399479,1,3,2013-11-20,,7,1.0,1.0,1,1,1,2,,1,456855,401004,381062210,117,1304310210,55468,POINT (-756956.27 -1044202.68),True,2015-09-01 00:22:16,20150831_OB_539309_UKSH.xml.gz,2015-09-01 00:22:16,2022-06-01 00:09:23,change
SO.6399479,6399479,1,7,2022-05-30,,7,1.0,1.0,1,1,1,2,,1,2787538,4385805,381062210,117,1304310210,55468,POINT (-756956.27 -1044202.68),True,2022-06-01 00:09:23,20220531_OB_539309_UKSH.xml.zip,2022-06-01 00:09:23,2023-04-01 00:06:22,change
SO.6399479,6399479,1,7,2023-03-29,2023-03-23,1,1.0,2.0,1,1,1,2,149.0,1,3040872,4867975,381062210,117,1304310210,55468,POINT (-756956.27 -1044202.68),True,2023-04-01 00:06:22,20230331_OB_539309_UKSH.xml.zip,2023-04-01 00:06:22,2023-05-01 00:00:46,change
SO.6399479,6399479,1,7,2023-03-29,2023-03-23,1,1.0,2.0,1,1,1,2,149.0,1,3040872,4867975,381062210,117,1304310210,55468,POINT (-756956.27 -1044202.68),True,2023-05-01 00:00:46,20230430_OB_539309_UKSH.xml.zip,2023-05-01 00:00:46,,
SO.6399487,6399487,1,7,2013-11-20,,7,1.0,1.0,3,3,9,2,,1,456855,401004,381164210,118,1304313210,55468,POINT (-756951.95 -1044227.68),True,2015-09-01 00:22:16,20150831_OB_539309_UKSH.xml.gz,2015-09-01 00:22:16,2020-09-01 00:10:15,change
SO.6399487,6399487,1,7,2020-08-10,,1,1.0,1.0,3,3,9,2,,1,2309980,3462675,381164210,118,1304313210,55468,POINT (-756951.95 -1044227.68),True,2020-09-01 00:10:15,20200831_OB_539309_UKSH.xml.zip,2020-09-01 00:10:15,2024-01-01 00:00:34,change
SO.6399487,6399487,1,7,2023-12-23,1980-12-31,1,1.0,1.0,3,3,9,2,108.0,1,3269822,5297922,381164210,118,1304313210,55468,POINT (-756951.95 -1044227.68),True,2024-01-01 00:00:34,20231231_OB_539309_UKSH.xml.zip,2024-01-01 00:00:34,,
SO.6399495,6399495,1,3,2013-11-20,,10,1.0,1.0,1,1,1,2,,2,456855,401004,381014210,119,1304187210,55468,POINT (-756889.34 -1044074.25),True,2015-09-01 00:22:16,20150831_OB_539309_UKSH.xml.gz,2015-09-01 00:22:16,2018-10-01 00:09:09,change
SO.6399495,6399495,1,7,2018-09-25,,10,1.0,1.0,1,1,1,2,,2,1853099,2565477,381014210,119,1304187210,55468,POINT (-756889.34 -1044074.25),True,2018-10-01 00:09:09,20180930_OB_539309_UKSH.xml.gz,2018-10-01 00:09:09,2019-07-01 00:07:42,change
SO.6399495,6399495,1,7,2018-09-25,,10,1.0,1.0,1,1,1,2,,2,1853099,2565477,381014210,119,1304187210,55468,POINT (-756889.34 -1044074.25),True,2019-07-01 00:07:42,20190630_OB_539309_UKSH.xml.zip,2019-07-01 00:07:42,2021-06-02 00:00:04,change
SO.6399495,6399495,1,7,2018-09-25,,10,1.0,1.0,1,1,1,2,,2,1853099,2565477,381014210,119,1304187210,55468,POINT (-756889.34 -1044074.25),True,2021-06-02 00:00:04,20210601_OB_539309_UKSH.xml.zip,2021-06-02 00:00:04,2024-01-01 00:00:34,change
SO.6399495,6399495,1,7,2023-12-23,2000-12-31,10,1.0,1.0,1,1,1,2,182.0,2,3269822,5297922,381014210,119,1304187210,55468,POINT (-756889.34 -1044074.25),True,2024-01-01 00:00:34,20231231_OB_539309_UKSH.xml.zip,2024-01-01 00:00:34,,
SO.6399509,6399509,1,3,2013-11-20,,10,3.0,2.0,1,1,1,2,,1,456855,401004,380999210,120,1304246210,55468,POINT (-757092.42 -1043821.25),True,2015-09-01 00:22:16,20150831_OB_539309_UKSH.xml.gz,2015-09-01 00:22:16,2019-06-01 00:12:39,change
SO.6399509,6399509,1,3,2013-11-20,,10,3.0,2.0,1,1,1,2,,1,456855,401004,380999210,120,1304246210,55468,POINT (-757092.42 -1043821.25),True,2019-06-01 00:12:39,20190531_OB_539309_UKSH.xml.zip,2019-06-01 00:12:39,2022-06-01 00:09:23,change
SO.6399509,6399509,1,7,2022-05-30,,10,3.0,2.0,1,1,1,2,,1,2787538,4385805,380999210,120,1304246210,55468,POINT (-757092.42 -1043821.25),True,2022-06-01 00:09:23,20220531_OB_539309_UKSH.xml.zip,2022-06-01 00:09:23,2022-08-01 00:03:03,change
SO.6399509,6399509,1,7,2022-05-30,,10,3.0,2.0,1,1,1,2,,1,2787538,4385805,380999210,120,1304246210,55468,POINT (-757092.42 -1043821.25),True,2022-08-01 00:03:03,20220731_OB_539309_UKSH.xml.zip,2022-08-01 00:03:03,2024-01-01 00:00:34,change
SO.6399509,6399509,1,7,2023-12-23,2000-12-31,10,3.0,2.0,1,1,1,2,179.0,1,3269822,5297922,380999210,120,1304246210,55468,POINT (-757092.42 -1043821.25),True,2024-01-01 00:00:34,20231231_OB_539309_UKSH.xml.zip,2024-01-01 00:00:34,,
SO.6399517,6399517,1,3,2013-11-20,,10,1.0,1.0,4,3,2,2,,4,456855,401004,381002210,121,1304258210,55468,POINT (-756976.38 -1043875.54),True,2015-09-01 00:22:16,20150831_OB_539309_UKSH.xml.gz,2015-09-01 00:22:16,2021-12-01 00:22:04,change
SO.6399517,6399517,1,3,2021-11-08,,10,1.0,1.0,4,3,2,2,,4,2621877,4071258,381002210,121,1304258210,55468,POINT (-756975.95 -1043876.6),True,2021-12-01 00:22:04,20211130_OB_539309_UKSH.xml.zip,2021-12-01 00:22:04,2022-06-01 00:09:23,change
SO.6399517,6399517,1,3,2021-11-08,,10,1.0,1.0,4,3,2,2,,4,2621877,4071258,381002210,121,1304258210,55468,POINT (-756975.95 -1043876.6),True,2022-06-01 00:09:23,20220531_OB_539309_UKSH.xml.zip,2022-06-01 00:09:23,2024-01-01 00:00:34,change
SO.6399517,6399517,1,3,2023-12-23,1945-12-31,10,1.0,1.0,4,3,2,2,77.0,4,3269822,5297922,381002210,121,1304258210,55468,POINT (-756975.95 -1043876.6),True,2024-01-01 00:00:34,20231231_OB_539309_UKSH.xml.zip,2024-01-01 00:00:34,2024-05-01 00:03:20,change
SO.6399517,6399517,1,7,2024-04-10,1945-12-31,10,1.0,2.0,1,1,1,2,77.0,1,3344204,5465925,381002210,121,1304258210,55468,POINT (-756975.95 -1043876.6),True,2024-05-01 00:03:20,20240430_OB_539309_UKSH.xml.zip,2024-05-01 00:03:20,,
SO.6399525,6399525,1,3,2013-11-20,,10,1.0,1.0,1,3,1,2,,1,456855,401004,381001210,122,1304247210,55468,POINT (-757174.59 -1043866.66),True,2015-09-01 00:22:16,20150831_OB_539309_UKSH.xml.gz,2015-09-01 00:22:16,2022-06-01 00:09:23,change
SO.6399525,6399525,1,7,2022-05-30,,10,1.0,1.0,1,3,1,2,,1,2787538,4385805,381001210,122,1304247210,55468,POINT (-757174.59 -1043866.66),True,2022-06-01 00:09:23,20220531_OB_539309_UKSH.xml.zip,2022-06-01 00:09:23,2024-01-01 00:00:34,change
SO.6399525,6399525,1,7,2023-12-23,1980-12-31,10,1.0,1.0,1,1,1,2,68.0,1,3269822,5297922,381001210,122,1304247210,55468,POINT (-757174.59 -1043866.66),True,2024-01-01 00:00:34,20231231_OB_539309_UKSH.xml.zip,2024-01-01 00:00:34,,
SO.6399533,6399533,1,7,2013-11-20,,10,1.0,1.0,3,3,1,2,,1,456855,401004,381038210,123,1304267210,55468,POINT (-757158.44 -1043830.87),True,2015-09-01 00:22:16,20150831_OB_539309_UKSH.xml.gz,2015-09-01 00:22:16,2024-01-01 00:00:34,change
SO.6399533,6399533,1,7,2023-12-23,2000-12-31,10,1.0,1.0,3,3,1,2,155.0,1,3269822,5297922,381038210,123,1304267210,55468,POINT (-757158.44 -1043830.87),True,2024-01-01 00:00:34,20231231_OB_539309_UKSH.xml.zip,2024-01-01 00:00:34,,
SO.6399541,6399541,1,,2011-07-01,,,1.0,,,,,,,,0,0,,124,,55468,,False,2015-09-01 00:22:16,20150831_OB_539309_UKSH.xml.gz,2015-09-01 00:22:16,2018-04-01 00:06:07,removed
SO.6399550,6399550,1,3,2013-11-20,,10,2.0,1.0,3,2,1,2,,1,456855,401004,381003210,125,1304268210,55468,POINT (-757155.85 -1043864.27),True,2015-09-01 00:22:16,20150831_OB_539309_UKSH.xml.gz,2015-09-01 00:22:16,2022-06-01 00:09:23,change
SO.6399550,6399550,1,7,2022-05-30,,10,2.0,1.0,3,2,1,2,,1,2787538,4385805,381003210,125,1304268210,55468,POINT (-757155.85 -1043864.27),True,2022-06-01 00:09:23,20220531_OB_539309_UKSH.xml.zip,2022-06-01 00:09:23,2024-01-01 00:00:34,change
SO.6399550,6399550,1,7,2023-12-23,1945-12-31,10,2.0,2.0,3,2,1,2,128.0,1,3269822,5297922,381003210,125,1304268210,55468,POINT (-757155.85 -1043864.27),True,2024-01-01 00:00:34,20231231_OB_539309_UKSH.xml.zip,2024-01-01 00:00:34,,
SO.6399568,6399568,1,3,2013-11-20,,10,1.0,1.0,1,3,1,2,,1,456855,401004,381042210,126,1304248210,55468,POINT (-757250.56 -1043847.79),True,2015-09-01 00:22:16,20150831_OB_539309_UKSH.xml.gz,2015-09-01 00:22:16,2018-10-01 00:09:09,change
SO.6399568,6399568,1,7,2018-09-10,2018-09-10,10,1.0,1.0,1,3,1,2,106.0,1,1843484,2546000,381042210,126,1304248210,55468,POINT (-757250.56 -1043847.79),True,2018-10-01 00:09:09,20180930_OB_539309_UKSH.xml.gz,2018-10-01 00:09:09,2019-03-02 00:00:07,change
SO.6399568,6399568,1,7,2018-09-10,2018-09-10,10,1.0,1.0,1,3,1,2,106.0,1,1843484,2546000,381042210,126,1304248210,55468,POINT (-757250.56 -1043847.79),True,2019-03-02 00:00:07,20190301_OB_539309_UKSH.xml.zip,2019-03-02 00:00:07,2022-11-01 00:06:54,change
SO.6399568,6399568,1,7,2022-10-31,2018-09-10,10,1.0,1.0,1,3,1,2,106.0,1,2907613,4623440,,126,91895464010,55468,POINT (-757250.42 -1043849.54),False,2022-11-01 00:06:54,20221031_OB_539309_UKSH.xml.zip,2022-11-01 00:06:54,2022-12-01 00:05:50,change
SO.6399568,6399568,1,7,2022-10-31,2018-09-10,10,1.0,1.0,1,3,1,2,106.0,1,2907613,4658772,381042210,126,91895464010,55468,POINT (-757250.42 -1043849.54),True,2022-12-01 00:05:50,20221130_OB_539309_UKSH.xml.zip,2022-12-01 00:05:50,2023-03-01 00:11:14,change
SO.6399568,6399568,1,7,2022-10-31,2018-09-10,10,1.0,1.0,1,3,1,2,106.0,1,2907613,4658772,381042210,126,91895464010,55468,POINT (-757250.42 -1043849.54),True,2023-03-01 00:11:14,20230228_OB_539309_UKSH.xml.zip,2023-03-01 00:11:14,,
SO.6399576,6399576,1,3,2013-11-20,,10,1.0,1.0,1,3,1,2,,1,456855,401004,381012210,127,1304249210,55468,POINT (-757179.21 -1043836.8),True,2015-09-01 00:22:16,20150831_OB_539309_UKSH.xml.gz,2015-09-01 00:22:16,2022-06-01 00:09:23,change
SO.6399576,6399576,1,7,2022-05-30,,10,1.0,1.0,1,3,1,2,,1,2787538,4385805,381012210,127,1304249210,55468,POINT (-757179.21 -1043836.8),True,2022-06-01 00:09:23,20220531_OB_539309_UKSH.xml.zip,2022-06-01 00:09:23,2024-01-01 00:00:34,change
SO.6399576,6399576,1,7,2023-12-23,1945-12-31,10,1.0,2.0,1,3,1,2,94.0,1,3269822,5297922,381012210,127,1304249210,55468,POINT (-757179.21 -1043836.8),True,2024-01-01 00:00:34,20231231_OB_539309_UKSH.xml.zip,2024-01-01 00:00:34,,
SO.6399584,6399584,1,3,2013-11-20,,10,1.0,1.0,1,9,9,2,,9,456855,401004,381037210,128,1304273210,55468,POINT (-757156.2 -1043880.96),True,2015-09-01 00:22:16,20150831_OB_539309_UKSH.xml.gz,2015-09-01 00:22:16,2022-06-01 00:09:23,change
SO.6399584,6399584,1,7,2022-05-30,,10,1.0,1.0,1,9,9,2,,9,2787538,4385805,381037210,128,1304273210,55468,POINT (-757156.2 -1043880.96),True,2022-06-01 00:09:23,20220531_OB_539309_UKSH.xml.zip,2022-06-01 00:09:23,2024-01-01 00:00:34,change
SO.6399584,6399584,1,7,2023-12-23,1945-12-31,10,1.0,1.0,1,3,1,2,101.0,1,3269822,5297922,381037210,128,1304273210,55468,POINT (-757156.2 -1043880.96),True,2024-01-01 00:00:34,20231231_OB_539309_UKSH.xml.zip,2024-01-01 00:00:34,,
SO.6399592,6399592,1,7,2013-11-20,,10,1.0,1.0,1,1,1,2,,1,456855,401004,380992210,129,1304260210,55468,POINT (-756914.11 -1043846.15),True,2015-09-01 00:22:16,20150831_OB_539309_UKSH.xml.gz,2015-09-01 00:22:16,2020-04-01 00:13:40,change
SO.6399592,6399592,1,7,2020-03-23,2020-03-09,10,1.0,1.0,1,1,1,2,245.0,1,2228988,3303186,380992210,129,1304260210,55468,POINT (-756914.11 -1043846.15),True,2020-04-01 00:13:40,20200331_OB_539309_UKSH.xml.zip,2020-04-01 00:13:40,2022-09-01 00:07:11,change
SO.6399592,6399592,1,7,2022-08-30,2020-03-09,10,1.0,1.0,1,1,1,2,245.0,1,2860263,4526728,380992210,129,1304260210,55468,POINT (-756920.67 -1043846.61),True,2022-09-01 00:07:11,20220831_OB_539309_UKSH.xml.zip,2022-09-01 00:07:11,2023-03-01 00:11:14,change
SO.6399592,6399592,1,7,2022-08-30,2020-03-09,10,1.0,1.0,1,1,1,2,245.0,1,2860263,4526728,380992210,129,1304260210,55468,POINT (-756920.67 -1043846.61),True,2023-03-01 00:11:14,20230228_OB_539309_UKSH.xml.zip,2023-03-01 00:11:14,,
SO.6399606,6399606,1,3,2013-11-20,,9,1.0,1.0,9,9,9,9,,9,456855,401004,380997210,130,1304250210,55468,POINT (-756878.56 -1044211.44),True,2015-09-01 00:22:16,20150831_OB_539309_UKSH.xml.gz,2015-09-01 00:22:16,2019-05-01 00:13:50,change
SO.6399606,6399606,1,3,2013-11-20,,9,1.0,1.0,9,9,9,9,,9,456855,401004,380997210,130,1304250210,55468,POINT (-756878.56 -1044211.44),True,2019-05-01 00:13:50,20190430_OB_539309_UKSH.xml.zip,2019-05-01 00:13:50,2021-06-02 00:00:04,change
SO.6399606,6399606,1,3,2013-11-20,,9,1.0,1.0,9,9,9,9,,9,456855,401004,380997210,130,1304250210,55468,POINT (-756878.56 -1044211.44),True,2021-06-02 00:00:04,20210601_OB_539309_UKSH.xml.zip,2021-06-02 00:00:04,2022-06-01 00:09:23,change
SO.6399606,6399606,1,7,2022-05-30,,9,1.0,1.0,9,9,9,9,,9,2787538,4385805,380997210,130,1304250210,55468,POINT (-756878.56 -1044211.44),True,2022-06-01 00:09:23,20220531_OB_539309_UKSH.xml.zip,2022-06-01 00:09:23,2022-08-01 00:03:03,change
SO.6399606,6399606,1,7,2022-07-08,,9,1.0,1.0,9,9,9,9,,9,2824781,4454485,380997210,130,1304250210,55468,POINT (-756886.16 -1044207.37),True,2022-08-01 00:03:03,20220731_OB_539309_UKSH.xml.zip,2022-08-01 00:03:03,2022-10-01 00:06:55,change
SO.6399606,6399606,1,7,2022-09-21,1987-04-13,1,1.0,1.0,1,9,1,2,78.0,1,2875384,4560583,380997210,130,1304250210,55468,POINT (-756886.16 -1044207.37),True,2022-10-01 00:06:55,20220930_OB_539309_UKSH.xml.zip,2022-10-01 00:06:55,2022-11-01 00:06:54,change
SO.6399606,6399606,1,7,2022-10-11,1987-04-13,1,1.0,1.0,1,9,1,2,78.0,1,2887025,4583486,380997210,130,1304250210,55468,POINT (-756885.61 -1044208.76),True,2022-11-01 00:06:54,20221031_OB_539309_UKSH.xml.zip,2022-11-01 00:06:54,,
SO.6399622,6399622,1,3,2013-11-20,,10,1.0,1.0,1,3,1,2,,4,456855,401004,380988210,132,1304252210,55468,POINT (-757211.41 -1044029.74),True,2015-09-01 00:22:16,20150831_OB_539309_UKSH.xml.gz,2015-09-01 00:22:16,2019-08-01 00:09:38,change
SO.6399622,6399622,1,3,2019-07-22,,10,1.0,1.0,1,3,1,2,,4,2049487,2952076,380988210,132,1304252210,55468,POINT (-757212.46 -1044033.58),True,2019-08-01 00:09:38,20190731_OB_539309_UKSH.xml.zip,2019-08-01 00:09:38,2022-06-01 00:09:23,change
SO.6399622,6399622,1,7,2022-05-30,,10,1.0,1.0,1,3,1,2,,4,2787538,4385805,380988210,132,1304252210,55468,POINT (-757212.46 -1044033.58),True,2022-06-01 00:09:23,20220531_OB_539309_UKSH.xml.zip,2022-06-01 00:09:23,2023-02-01 00:07:01,change
SO.6399622,6399622,1,7,2023-01-26,2016-09-26,10,1.0,3.0,1,3,1,2,116.0,1,2992280,4770633,380988210,132,92930266010,55468,POINT (-757212 -1044033.13),True,2023-02-01 00:07:01,20230131_OB_539309_UKSH.xml.zip,2023-02-01 00:07:01,,
SO.6399631,6399631,1,7,2013-11-20,,10,1.0,1.0,1,1,1,2,,1,456855,401004,381082210,133,1304219210,55468,POINT (-756869.15 -1044125.35),True,2015-09-01 00:22:16,20150831_OB_539309_UKSH.xml.gz,2015-09-01 00:22:16,2019-03-02 00:00:07,change
SO.6399631,6399631,1,7,2019-02-14,,10,1.0,1.0,1,1,1,2,,1,1952215,2756065,381082210,133,1304219210,55468,POINT (-756873.26 -1044126.9),True,2019-03-02 00:00:07,20190301_OB_539309_UKSH.xml.zip,2019-03-02 00:00:07,2024-01-01 00:00:34,change
SO.6399631,6399631,1,7,2023-12-23,1970-12-31,10,1.0,1.0,1,1,1,2,70.0,1,3269822,5297922,381082210,133,1304219210,55468,POINT (-756873.26 -1044126.9),True,2024-01-01 00:00:34,20231231_OB_539309_UKSH.xml.zip,2024-01-01 00:00:34,,
SO.6399649,6399649,1,3,2013-11-20,,9,1.0,1.0,9,9,9,9,,9,456855,401004,381090210,134,1304086210,55468,POINT (-757001.43 -1044139.58),True,2015-09-01 00:22:16,20150831_OB_539309_UKSH.xml.gz,2015-09-01 00:22:16,2019-08-01 00:09:38,change
SO.6399649,6399649,1,3,2019-07-22,,9,1.0,1.0,9,9,9,9,,9,2049496,2952085,381090210,134,1304086210,55468,POINT (-757001.28 -1044143.46),True,2019-08-01 00:09:38,20190731_OB_539309_UKSH.xml.zip,2019-08-01 00:09:38,2022-06-01 00:09:23,change
SO.6399649,6399649,1,7,2022-05-30,,9,1.0,1.0,9,9,9,9,,9,2787538,4385805,381090210,134,1304086210,55468,POINT (-757001.28 -1044143.46),True,2022-06-01 00:09:23,20220531_OB_539309_UKSH.xml.zip,2022-06-01 00:09:23,2024-01-01 00:00:34,change
SO.6399649,6399649,1,7,2023-12-23,1945-12-31,9,1.0,1.0,3,9,9,2,110.0,9,3269822,5297922,381090210,134,1304086210,55468,POINT (-757001.28 -1044143.46),True,2024-01-01 00:00:34,20231231_OB_539309_UKSH.xml.zip,2024-01-01 00:00:34,,
SO.6399657,6399657,1,3,2013-11-20,,10,1.0,1.0,1,1,1,2,,1,456855,401004,381059210,135,1304147210,55468,POINT (-756707.88 -1044018.39),True,2015-09-01 00:22:16,20150831_OB_539309_UKSH.xml.gz,2015-09-01 00:22:16,2022-06-01 00:09:23,change
SO.6399657,6399657,1,7,2022-05-30,,10,1.0,1.0,1,1,1,2,,1,2787538,4385805,381059210,135,1304147210,55468,POINT (-756707.88 -1044018.39),True,2022-06-01 00:09:23,20220531_OB_539309_UKSH.xml.zip,2022-06-01 00:09:23,2023-04-01 00:06:22,change
SO.6399657,6399657,1,7,2023-03-01,1971-12-13,10,1.0,2.0,1,1,1,2,149.0,1,3019333,4824125,381059210,135,1304147210,55468,POINT (-756707.88 -1044018.39),True,2023-04-01 00:06:22,20230331_OB_539309_UKSH.xml.zip,2023-04-01 00:06:22,2024-06-01 00:02:47,change
SO.6399657,6399657,1,7,2024-05-16,1971-12-13,10,1.0,2.0,1,1,1,2,149.0,1,3421788,5572456,381059210,135,1304147210,55468,POINT (-756707.41 -1044019.64),True,2024-06-01 00:02:47,20240531_OB_539309_UKSH.xml.zip,2024-06-01 00:02:47,,
SO.6399665,6399665,1,3,2011-07-01,,,2.0,,3,3,1,2,,1,0,0,380925210,136,1304263210,55468,POINT (-756934.34 -1044121.92),True,2015-09-01 00:22:16,20150831_OB_539309_UKSH.xml.gz,2015-09-01 00:22:16,2018-09-01 00:21:08,change
SO.6399665,6399665,1,3,2011-07-01,,,2.0,,3,3,1,2,,1,0,0,380925210,136,1304263210,55468,POINT (-756934.34 -1044121.92),True,2018-09-01 00:21:08,20180831_OB_539309_UKSH.xml.gz,2018-09-01 00:21:08,2019-05-01 00:13:50,change
SO.6399665,6399665,1,3,2019-04-02,,,2.0,,3,3,1,2,,1,1981194,2814496,380925210,136,1304263210,55468,POINT (-756939.56 -1044114.27),True,2019-05-01 00:13:50,20190430_OB_539309_UKSH.xml.zip,2019-05-01 00:13:50,2022-06-01 00:09:23,change
SO.6399665,6399665,1,7,2022-05-30,,,2.0,,3,3,1,2,,1,2787538,4385805,380925210,136,1304263210,55468,POINT (-756939.56 -1044114.27),True,2022-06-01 00:09:23,20220531_OB_539309_UKSH.xml.zip,2022-06-01 00:09:23,2023-03-01 00:11:14,change
SO.6399665,6399665,1,7,2023-02-02,1985-03-25,1,2.0,2.0,1,1,1,2,101.0,1,2998396,4782996,380925210,136,1304263210,55468,POINT (-756940.06 -1044112.76),True,2023-03-01 00:11:14,20230228_OB_539309_UKSH.xml.zip,2023-03-01 00:11:14,2024-10-01 00:03:29,change
SO.6399665,6399665,1,7,2023-02-02,1985-03-25,1,2.0,2.0,1,1,1,2,101.0,1,2998396,4782996,380925210,136,1304263210,55468,POINT (-756940.06 -1044112.76),True,2024-10-01 00:03:29,20240930_OB_539309_UKSH.xml.zip,2024-10-01 00:03:29,,
SO.6399673,6399673,1,3,2013-11-20,,10,1.0,1.0,1,1,1,2,,1,456855,401004,381004210,137,1304265210,55468,POINT (-756946.13 -1044125.41),True,2015-09-01 00:22:16,20150831_OB_539309_UKSH.xml.gz,2015-09-01 00:22:16,2019-05-01 00:13:50,change
SO.6399673,6399673,1,3,2019-04-08,,10,1.0,1.0,1,1,1,2,,1,1984712,2821399,381004210,137,1304265210,55468,POINT (-756948.28 -1044114.49),True,2019-05-01 00:13:50,20190430_OB_539309_UKSH.xml.zip,2019-05-01 00:13:50,2022-06-01 00:09:23,change
SO.6399673,6399673,1,7,2022-05-30,,10,1.0,1.0,1,1,1,2,,1,2787538,4385805,381004210,137,1304265210,55468,POINT (-756948.28 -1044114.49),True,2022-06-01 00:09:23,20220531_OB_539309_UKSH.xml.zip,2022-06-01 00:09:23,2023-04-01 00:06:22,change
SO.6399673,6399673,1,7,2023-03-13,2005-09-11,10,1.0,2.0,1,1,1,2,200.0,1,3024675,4839244,381004210,137,1304265210,55468,POINT (-756948.28 -1044114.49),True,2023-04-01 00:06:22,20230331_OB_539309_UKSH.xml.zip,2023-04-01 00:06:22,2024-01-01 00:00:34,change
SO.6399673,6399673,1,7,2023-12-04,2005-09-11,10,1.0,2.0,1,1,1,2,200.0,1,3244469,5257502,381004210,137,1304265210,55468,POINT (-756947.24 -1044117.62),True,2024-01-01 00:00:34,20231231_OB_539309_UKSH.xml.zip,2024-01-01 00:00:34,2024-10-01 00:03:29,change
SO.6399673,6399673,1,7,2023-12-04,2005-09-11,10,1.0,2.0,1,1,1,2,200.0,1,3244469,5257502,381004210,137,1304265210,55468,POINT (-756947.24 -1044117.62),True,2024-10-01 00:03:29,20240930_OB_539309_UKSH.xml.zip,2024-10-01 00:03:29,,
SO.6399681,6399681,1,7,2013-11-20,,10,2.0,1.0,1,1,1,2,,1,456855,401004,381026210,138,1304281210,55468,POINT (-757132.48 -1043995.42),True,2015-09-01 00:22:16,20150831_OB_539309_UKSH.xml.gz,2015-09-01 00:22:16,2024-01-01 00:00:34,change
SO.6399681,6399681,1,7,2023-12-23,1945-12-31,10,2.0,2.0,1,1,1,2,111.0,1,3269822,5297922,381026210,138,1304281210,55468,POINT (-757132.48 -1043995.42),True,2024-01-01 00:00:34,20231231_OB_539309_UKSH.xml.zip,2024-01-01 00:00:34,,
SO.6399690,6399690,1,3,2013-11-20,,10,1.0,1.0,1,1,1,2,,1,456855,401004,381007210,139,1304256210,55468,POINT (-756907 -1044225.78),True,2015-09-01 00:22:16,20150831_OB_539309_UKSH.xml.gz,2015-09-01 00:22:16,2022-06-01 00:09:23,change
SO.6399690,6399690,1,7,2022-05-30,,10,1.0,1.0,1,1,1,2,,1,2787538,4385805,381007210,139,1304256210,55468,POINT (-756907 -1044225.78),True,2022-06-01 00:09:23,20220531_OB_539309_UKSH.xml.zip,2022-06-01 00:09:23,2024-01-01 00:00:34,change
SO.6399690,6399690,1,7,2023-12-23,1990-12-31,10,1.0,1.0,1,1,1,2,66.0,1,3269822,5297922,381007210,139,1304256210,55468,POINT (-756907 -1044225.78),True,2024-01-01 00:00:34,20231231_OB_539309_UKSH.xml.zip,2024-01-01 00:00:34,,
SO.6399703,6399703,1,7,2013-11-20,,10,1.0,1.0,1,9,9,2,,4,456855,401004,381010210,140,1304257210,55468,POINT (-756888.55 -1044212.83),True,2015-09-01 00:22:16,20150831_OB_539309_UKSH.xml.gz,2015-09-01 00:22:16,2019-05-01 00:13:50,change
SO.6399703,6399703,1,7,2019-04-02,,10,1.0,1.0,1,9,9,2,,4,1981193,2814495,381010210,140,1304257210,55468,POINT (-756889.61 -1044210.25),True,2019-05-01 00:13:50,20190430_OB_539309_UKSH.xml.zip,2019-05-01 00:13:50,2024-01-01 00:00:34,change
SO.6399703,6399703,1,7,2023-12-23,1919-12-31,10,1.0,1.0,1,9,9,2,51.0,4,3269822,5297922,381010210,140,1304257210,55468,POINT (-756889.61 -1044210.25),True,2024-01-01 00:00:34,20231231_OB_539309_UKSH.xml.zip,2024-01-01 00:00:34,,
SO.6399711,6399711,1,7,2013-11-20,,10,1.0,1.0,3,1,1,2,,1,456855,401004,381034210,141,1304269210,55468,POINT (-757715.07 -1043897.63),True,2015-09-01 00:22:16,20150831_OB_539309_UKSH.xml.gz,2015-09-01 00:22:16,2019-03-02 00:00:07,change
SO.6399711,6399711,1,7,2019-02-10,,10,1.0,1.0,3,1,1,2,,1,1948540,2748640,381034210,141,1304269210,55468,POINT (-757715.16 -1043895.88),True,2019-03-02 00:00:07,20190301_OB_539309_UKSH.xml.zip,2019-03-02 00:00:07,2022-12-01 00:05:50,change
SO.6399711,6399711,1,7,2022-11-23,2022-11-23,10,1.0,2.0,3,1,1,2,223.0,1,2928551,4664672,381034210,141,1304269210,55468,POINT (-757715.16 -1043895.88),True,2022-12-01 00:05:50,20221130_OB_539309_UKSH.xml.zip,2022-12-01 00:05:50,2023-01-01 00:03:45,change
SO.6399711,6399711,1,7,2022-11-23,2022-11-23,10,1.0,2.0,3,1,1,2,223.0,1,2928551,4664672,381034210,141,1304269210,55468,POINT (-757715.16 -1043895.88),True,2023-01-01 00:03:45,20221231_OB_539309_UKSH.xml.zip,2023-01-01 00:03:45,,
SO.6399720,6399720,1,3,2013-11-20,,10,1.0,1.0,1,3,1,2,,1,456855,401004,381008210,142,1304255210,55468,POINT (-756933.59 -1044191.49),True,2015-09-01 00:22:16,20150831_OB_539309_UKSH.xml.gz,2015-09-01 00:22:16,2022-06-01 00:09:23,change
SO.6399720,6399720,1,7,2022-05-30,,10,1.0,1.0,1,3,1,2,,1,2787538,4385805,381008210,142,1304255210,55468,POINT (-756933.59 -1044191.49),True,2022-06-01 00:09:23,20220531_OB_539309_UKSH.xml.zip,2022-06-01 00:09:23,2023-02-01 00:07:01,change
SO.6399720,6399720,1,7,2023-01-04,1985-07-08,10,1.0,2.0,1,3,1,2,207.0,1,2969942,4734544,381008210,142,1304255210,55468,POINT (-756931.33 -1044192.31),True,2023-02-01 00:07:01,20230131_OB_539309_UKSH.xml.zip,2023-02-01 00:07:01,2023-03-01 00:11:14,change
SO.6399720,6399720,1,7,2023-01-04,1985-07-08,10,1.0,2.0,1,3,1,2,207.0,1,2969942,4734544,381008210,142,1304255210,55468,POINT (-756931.33 -1044192.31),True,2023-03-01 00:11:14,20230228_OB_539309_UKSH.xml.zip,2023-03-01 00:11:14,,
SO.6399738,6399738,1,7,2013-11-20,,10,1.0,1.0,1,1,1,2,,1,456855,401004,381078210,143,1304270210,55468,POINT (-757172.97 -1043900.1),True,2015-09-01 00:22:16,20150831_OB_539309_UKSH.xml.gz,2015-09-01 00:22:16,2022-10-01 00:06:55,change
SO.6399738,6399738,1,7,2022-09-27,1993-11-22,10,1.0,3.0,1,1,1,2,112.0,1,2879524,4568777,381078210,143,1304270210,55468,POINT (-757172.97 -1043900.1),True,2022-10-01 00:06:55,20220930_OB_539309_UKSH.xml.zip,2022-10-01 00:06:55,2022-11-01 00:06:54,change
SO.6399738,6399738,1,7,2022-10-31,1993-11-22,10,1.0,3.0,1,1,1,2,112.0,1,2907897,4623556,381078210,143,1304270210,55468,POINT (-757174.78 -1043900.31),True,2022-11-01 00:06:54,20221031_OB_539309_UKSH.xml.zip,2022-11-01 00:06:54,,
SO.6399746,6399746,1,3,2013-11-20,,10,1.0,1.0,1,3,1,2,,1,456855,401004,381027210,144,1304274210,55468,POINT (-757146.49 -1043910.85),True,2015-09-01 00:22:16,20150831_OB_539309_UKSH.xml.gz,2015-09-01 00:22:16,2018-04-01 00:06:07,change
SO.6399746,6399746,1,3,2013-11-20,,10,1.0,1.0,1,3,1,2,,1,456855,2362983,,144,1304274210,55468,POINT (-757146.49 -1043910.85),False,2018-04-01 00:06:07,20180331_OB_539309_UKSH.xml.gz,2018-04-01 00:06:07,2018-05-01 00:12:48,change
SO.6399746,6399746,1,3,2018-04-06,,10,1.0,1.0,1,3,1,2,,1,1733628,2377554,381027210,144,2377593210,55468,POINT (-757148.3 -1043910.8),True,2018-05-01 00:12:48,20180430_OB_539309_UKSH.xml.gz,2018-05-01 00:12:48,2022-06-01 00:09:23,change
SO.6399746,6399746,1,7,2022-05-30,,10,1.0,1.0,1,3,1,2,,1,2787538,4385805,381027210,144,2377593210,55468,POINT (-757148.3 -1043910.8),True,2022-06-01 00:09:23,20220531_OB_539309_UKSH.xml.zip,2022-06-01 00:09:23,2022-10-01 00:06:55,change
SO.6399746,6399746,1,7,2022-05-30,,10,1.0,1.0,1,3,1,2,,1,2787538,4385805,381027210,144,2377593210,55468,POINT (-757148.3 -1043910.8),True,2022-10-01 00:06:55,20220930_OB_539309_UKSH.xml.zip,2022-10-01 00:06:55,2024-01-01 00:00:34,change
SO.6399746,6399746,1,7,2023-12-23,1990-12-31,10,2.0,2.0,1,1,1,2,127.0,1,3269822,5297922,381027210,144,2377593210,55468,POINT (-757148.3 -1043910.8),True,2024-01-01 00:00:34,20231231_OB_539309_UKSH.xml.zip,2024-01-01 00:00:34,,
SO.6399754,6399754,1,3,2013-11-20,,10,1.0,1.0,1,3,1,2,,1,456855,401004,380924210,145,1304278210,55468,POINT (-756938.89 -1044173.03),True,2015-09-01 00:22:16,20150831_OB_539309_UKSH.xml.gz,2015-09-01 00:22:16,2022-06-01 00:09:23,change
SO.6399754,6399754,1,7,2022-05-30,,10,1.0,1.0,1,3,1,2,,1,2787538,4385805,380924210,145,1304278210,55468,POINT (-756938.89 -1044173.03),True,2022-06-01 00:09:23,20220531_OB_539309_UKSH.xml.zip,2022-06-01 00:09:23,2022-11-01 00:06:54,change
SO.6399754,6399754,1,7,2022-10-31,2008-07-10,10,1.0,2.0,1,3,1,2,263.0,1,2907574,4623442,,145,92174319010,55468,POINT (-756936.05 -1044174.01),False,2022-11-01 00:06:54,20221031_OB_539309_UKSH.xml.zip,2022-11-01 00:06:54,2023-03-01 00:11:14,change
SO.6399754,6399754,1,7,2022-10-31,2008-07-10,10,1.0,2.0,1,3,1,2,263.0,1,2907574,4796807,380924210,145,92174319010,55468,POINT (-756936.05 -1044174.01),True,2023-03-01 00:11:14,20230228_OB_539309_UKSH.xml.zip,2023-03-01 00:11:14,,
SO.6399762,6399762,1,3,2013-11-20,,10,1.0,1.0,3,3,1,2,,1,456855,401004,381005210,146,1304301210,55468,POINT (-756967.48 -1044154.7),True,2015-09-01 00:22:16,20150831_OB_539309_UKSH.xml.gz,2015-09-01 00:22:16,2022-06-01 00:09:23,change
SO.6399762,6399762,1,7,2022-05-30,,10,1.0,1.0,3,3,1,2,,1,2787538,4385805,381005210,146,1304301210,55468,POINT (-756967.48 -1044154.7),True,2022-06-01 00:09:23,20220531_OB_539309_UKSH.xml.zip,2022-06-01 00:09:23,2024-01-01 00:00:34,change
SO.6399762,6399762,1,7,2023-12-23,1970-12-31,10,2.0,2.0,3,3,1,2,113.0,2,3269822,5297922,381005210,146,1304301210,55468,POINT (-756967.48 -1044154.7),True,2024-01-01 00:00:34,20231231_OB_539309_UKSH.xml.zip,2024-01-01 00:00:34,,
SO.6399771,6399771,1,3,2013-11-20,,10,1.0,1.0,1,3,9,2,,4,456855,401004,381045210,147,1304214210,55468,POINT (-756548 -1044000.73),True,2015-09-01 00:22:16,20150831_OB_539309_UKSH.xml.gz,2015-09-01 00:22:16,2022-06-01 00:09:23,change
SO.6399771,6399771,1,7,2022-05-30,,10,1.0,1.0,1,3,9,2,,4,2787538,4385805,381045210,147,1304214210,55468,POINT (-756548 -1044000.73),True,2022-06-01 00:09:23,20220531_OB_539309_UKSH.xml.zip,2022-06-01 00:09:23,2023-01-01 00:03:45,change
SO.6399771,6399771,1,7,2022-12-21,,10,1.0,1.0,1,3,9,2,,4,2959513,4717180,381045210,147,1304214210,55468,POINT (-756552.96 -1044001.28),True,2023-01-01 00:03:45,20221231_OB_539309_UKSH.xml.zip,2023-01-01 00:03:45,2024-01-01 00:00:34,change
SO.6399771,6399771,1,7,2023-12-23,1945-12-31,10,1.0,1.0,1,3,9,2,158.0,4,3269822,5297922,381045210,147,1304214210,55468,POINT (-756552.96 -1044001.28),True,2024-01-01 00:00:34,20231231_OB_539309_UKSH.xml.zip,2024-01-01 00:00:34,,
SO.6399789,6399789,1,7,2013-11-20,,10,2.0,1.0,1,1,1,2,,1,456855,401004,381013210,148,1304276210,55468,POINT (-757084.85 -1043901.06),True,2015-09-01 00:22:16,20150831_OB_539309_UKSH.xml.gz,2015-09-01 00:22:16,2018-08-01 00:19:58,change
SO.6399789,6399789,1,7,2018-07-18,2018-07-04,10,2.0,,1,1,1,2,151.0,1,1806448,2487526,381013210,148,1304276210,55468,POINT (-757093.22 -1043903.62),True,2018-08-01 00:19:58,20180731_OB_539309_UKSH.xml.gz,2018-08-01 00:19:58,2024-01-01 00:00:34,change
SO.6399789,6399789,1,7,2023-12-23,2018-07-04,10,2.0,1.0,1,1,1,2,151.0,1,3269822,5297922,381013210,148,1304276210,55468,POINT (-757093.22 -1043903.62),True,2024-01-01 00:00:34,20231231_OB_539309_UKSH.xml.zip,2024-01-01 00:00:34,,
SO.6399797,6399797,1,3,2013-11-20,,10,1.0,1.0,1,1,1,2,,1,456855,401004,381016210,149,1304275210,55468,POINT (-757263.67 -1043857.45),True,2015-09-01 00:22:16,20150831_OB_539309_UKSH.xml.gz,2015-09-01 00:22:16,2019-03-02 00:00:07,change
SO.6399797,6399797,1,3,2019-02-10,,10,1.0,1.0,1,1,1,2,,1,1948590,2748706,381016210,149,1304275210,55468,POINT (-757270.04 -1043861.3),True,2019-03-02 00:00:07,20190301_OB_539309_UKSH.xml.zip,2019-03-02 00:00:07,2022-06-01 00:09:23,change
SO.6399797,6399797,1,7,2022-05-30,,10,1.0,1.0,1,1,1,2,,1,2787538,4385805,381016210,149,1304275210,55468,POINT (-757270.04 -1043861.3),True,2022-06-01 00:09:23,20220531_OB_539309_UKSH.xml.zip,2022-06-01 00:09:23,2024-01-01 00:00:34,change
SO.6399797,6399797,1,7,2023-12-23,1945-12-31,10,1.0,1.0,1,1,1,2,104.0,1,3269822,5297922,381016210,149,1304275210,55468,POINT (-757270.04 -1043861.3),True,2024-01-01 00:00:34,20231231_OB_539309_UKSH.xml.zip,2024-01-01 00:00:34,,
SO.6399801,6399801,1,3,2013-11-20,,10,1.0,1.0,1,3,1,2,,4,456855,401004,380933210,150,1304277210,55468,POINT (-756909.65 -1044244.93),True,2015-09-01 00:22:16,20150831_OB_539309_UKSH.xml.gz,2015-09-01 00:22:16,2022-06-01 00:09:23,change
SO.6399801,6399801,1,7,2022-05-30,,10,1.0,1.0,1,3,1,2,,4,2787538,4385805,380933210,150,1304277210,55468,POINT (-756909.65 -1044244.93),True,2022-06-01 00:09:23,20220531_OB_539309_UKSH.xml.zip,2022-06-01 00:09:23,2023-07-01 00:03:19,change
SO.6399801,6399801,1,7,2023-06-16,1982-11-29,10,1.0,1.0,1,3,1,2,92.0,1,3095777,4983502,380933210,150,1304277210,55468,POINT (-756909.65 -1044244.93),True,2023-07-01 00:03:19,20230630_OB_539309_UKSH.xml.zip,2023-07-01 00:03:19,,
SO.6399819,6399819,1,3,2013-11-20,,10,2.0,1.0,3,2,1,2,,1,456855,401004,381031210,151,1304253210,55468,POINT (-757023.08 -1043981.35),True,2015-09-01 00:22:16,20150831_OB_539309_UKSH.xml.gz,2015-09-01 00:22:16,2019-09-01 00:05:16,change
SO.6399819,6399819,1,3,2019-08-12,,10,2.0,1.0,3,2,1,2,,1,2063418,2980188,381031210,151,1304253210,55468,POINT (-757025.28 -1043982.71),True,2019-09-01 00:05:16,20190831_OB_539309_UKSH.xml.zip,2019-09-01 00:05:16,2022-06-01 00:09:23,change
SO.6399819,6399819,1,7,2022-05-30,,10,2.0,1.0,3,2,1,2,,1,2787538,4385805,381031210,151,1304253210,55468,POINT (-757025.28 -1043982.71),True,2022-06-01 00:09:23,20220531_OB_539309_UKSH.xml.zip,2022-06-01 00:09:23,2024-01-01 00:00:34,change
SO.6399819,6399819,1,7,2023-12-23,1945-12-31,10,2.0,2.0,3,2,1,2,181.0,1,3269822,5297922,381031210,151,1304253210,55468,POINT (-757025.28 -1043982.71),True,2024-01-01 00:00:34,20231231_OB_539309_UKSH.xml.zip,2024-01-01 00:00:34,,
SO.6399827,6399827,1,3,2013-11-20,,9,1.0,1.0,9,9,9,9,,9,456855,401004,381183210,152,1304282210,55468,POINT (-757159.39 -1044098),True,2015-09-01 00:22:16,20150831_OB_539309_UKSH.xml.gz,2015-09-01 00:22:16,2020-09-01 00:10:15,change
SO.6399827,6399827,1,3,2020-08-10,,1,1.0,1.0,1,1,2,2,,1,2309979,3462674,381183210,152,1304282210,55468,POINT (-757159.39 -1044098),True,2020-09-01 00:10:15,20200831_OB_539309_UKSH.xml.zip,2020-09-01 00:10:15,2022-06-01 00:09:23,change
SO.6399827,6399827,1,7,2022-05-30,,1,1.0,1.0,1,1,2,2,,1,2787538,4385805,381183210,152,1304282210,55468,POINT (-757159.39 -1044098),True,2022-06-01 00:09:23,20220531_OB_539309_UKSH.xml.zip,2022-06-01 00:09:23,2024-01-01 00:00:34,change
SO.6399827,6399827,1,7,2023-12-23,,1,1.0,1.0,1,1,2,2,111.0,1,3269822,5297922,381183210,152,1304282210,55468,POINT (-757159.39 -1044098),True,2024-01-01 00:00:34,20231231_OB_539309_UKSH.xml.zip,2024-01-01 00:00:34,,
SO.6399835,6399835,1,13,2013-11-20,,10,1.0,1.0,1,1,1,2,,1,456855,401004,381000210,153,1304234210,55468,POINT (-756992.26 -1043915.6),True,2015-09-01 00:22:16,20150831_OB_539309_UKSH.xml.gz,2015-09-01 00:22:16,2016-11-01 00:31:45,change
SO.6399835,6399835,1,13,2016-10-06,,10,1.0,1.0,1,1,1,2,,1,1104819,1482693,381000210,153,2568660210,55468,POINT (-756992.26 -1043915.6),True,2016-11-01 00:31:45,20161031_OB_539309_UKSH.xml.gz,2016-11-01 00:31:45,2018-05-01 00:12:48,change
SO.6399835,6399835,1,7,2018-04-27,2018-04-16,10,2.0,3.0,1,1,1,2,188.0,1,1747826,2397437,381000210,153,2568660210,55468,POINT (-756992.26 -1043915.6),True,2018-05-01 00:12:48,20180430_OB_539309_UKSH.xml.gz,2018-05-01 00:12:48,2018-07-01 00:10:31,change
SO.6399835,6399835,1,7,2018-04-27,2018-04-16,10,2.0,3.0,1,1,1,2,188.0,1,1747826,2397437,381000210,153,2568660210,55468,POINT (-756992.26 -1043915.6),True,2018-07-01 00:10:31,20180630_OB_539309_UKSH.xml.gz,2018-07-01 00:10:31,,
SO.6399843,6399843,1,7,2013-12-11,,,2.0,3.0,3,2,1,2,134.0,1,473008,431704,381200210,154,1304288210,55468,POINT (-757193.47 -1044427.58),True,2015-09-01 00:22:16,20150831_OB_539309_UKSH.xml.gz,2015-09-01 00:22:16,2015-12-01 00:47:52,change
SO.6399843,6399843,1,7,2015-11-26,,10,2.0,3.0,3,2,1,2,134.0,1,456854,1015657,381200210,154,1304288210,55468,POINT (-757195.44 -1044427.67),True,2015-12-01 00:47:52,20151130_OB_539309_UKSH.xml.gz,2015-12-01 00:47:52,2019-05-01 00:13:50,change
SO.6399843,6399843,1,7,2019-04-08,,10,2.0,3.0,3,2,1,2,134.0,1,1984730,2821417,381200210,154,1304288210,55468,POINT (-757191.06 -1044441.21),True,2019-05-01 00:13:50,20190430_OB_539309_UKSH.xml.zip,2019-05-01 00:13:50,2024-01-01 00:00:34,change
SO.6399843,6399843,1,7,2023-12-23,1960-12-31,10,2.0,3.0,3,2,1,2,134.0,1,3269822,5297922,381200210,154,1304288210,55468,POINT (-757191.06 -1044441.21),True,2024-01-01 00:00:34,20231231_OB_539309_UKSH.xml.zip,2024-01-01 00:00:34,,
SO.6399851,6399851,1,3,2013-11-20,,10,1.0,1.0,1,1,1,2,,1,456855,401004,380939210,155,1304298210,55468,POINT (-756980.9 -1043823.21),True,2015-09-01 00:22:16,20150831_OB_539309_UKSH.xml.gz,2015-09-01 00:22:16,2022-06-01 00:09:23,change
SO.6399851,6399851,1,7,2022-05-30,,10,1.0,1.0,1,1,1,2,,1,2787538,4385805,380939210,155,1304298210,55468,POINT (-756980.9 -1043823.21),True,2022-06-01 00:09:23,20220531_OB_539309_UKSH.xml.zip,2022-06-01 00:09:23,2024-01-01 00:00:34,change
SO.6399851,6399851,1,7,2023-12-23,1970-12-31,10,1.0,2.0,1,1,1,2,56.0,1,3269822,5297922,380939210,155,1304298210,55468,POINT (-756980.9 -1043823.21),True,2024-01-01 00:00:34,20231231_OB_539309_UKSH.xml.zip,2024-01-01 00:00:34,,
SO.6399860,6399860,1,,2011-07-01,,,,,,,,,,,0,0,,156,,55468,,False,2015-09-01 00:22:16,20150831_OB_539309_UKSH.xml.gz,2015-09-01 00:22:16,2018-04-01 00:06:07,removed
SO.6399878,6399878,1,3,2013-11-20,,10,1.0,1.0,3,3,1,2,,1,456855,401004,381017210,157,1304290210,55468,POINT (-757391.09 -1044025.53),True,2015-09-01 00:22:16,20150831_OB_539309_UKSH.xml.gz,2015-09-01 00:22:16,2019-02-01 00:13:01,change
SO.6399878,6399878,1,3,2019-01-29,,10,1.0,1.0,3,3,1,2,,1,1941387,2734218,381017210,157,1304290210,55468,POINT (-757390.68 -1044029.97),True,2019-02-01 00:13:01,20190131_OB_539309_UKSH.xml.zip,2019-02-01 00:13:01,2022-06-01 00:09:23,change
SO.6399878,6399878,1,7,2022-05-30,,10,1.0,1.0,3,3,1,2,,1,2787538,4385805,381017210,157,1304290210,55468,POINT (-757390.68 -1044029.97),True,2022-06-01 00:09:23,20220531_OB_539309_UKSH.xml.zip,2022-06-01 00:09:23,2024-01-01 00:00:34,change
SO.6399878,6399878,1,7,2023-12-23,1960-12-31,10,2.0,2.0,3,1,1,2,135.0,3,3269822,5297922,381017210,157,1304290210,55468,POINT (-757390.68 -1044029.97),True,2024-01-01 00:00:34,20231231_OB_539309_UKSH.xml.zip,2024-01-01 00:00:34,,
SO.6399886,6399886,1,3,2013-11-20,,10,1.0,1.0,4,3,2,2,,4,456855,401004,381046210,158,1304286210,55468,POINT (-757321.35 -1044064.28),True,2015-09-01 00:22:16,20150831_OB_539309_UKSH.xml.gz,2015-09-01 00:22:16,2019-02-01 00:13:01,change
SO.6399886,6399886,1,3,2019-01-29,,10,1.0,1.0,4,3,2,2,,4,1941395,2734225,381046210,158,1304286210,55468,POINT (-757326.4 -1044051.28),True,2019-02-01 00:13:01,20190131_OB_539309_UKSH.xml.zip,2019-02-01 00:13:01,2022-06-01 00:09:23,change
SO.6399886,6399886,1,7,2022-05-30,,10,1.0,1.0,4,3,2,2,,4,2787538,4385805,381046210,158,1304286210,55468,POINT (-757326.4 -1044051.28),True,2022-06-01 00:09:23,20220531_OB_539309_UKSH.xml.zip,2022-06-01 00:09:23,2024-01-01 00:00:34,change
SO.6399886,6399886,1,7,2023-12-23,2000-12-31,10,1.0,1.0,4,3,2,2,277.0,3,3269822,5297922,381046210,158,1304286210,55468,POINT (-757326.4 -1044051.28),True,2024-01-01 00:00:34,20231231_OB_539309_UKSH.xml.zip,2024-01-01 00:00:34,,
SO.6399894,6399894,1,3,2013-11-20,,9,0.0,,9,9,9,9,,9,456855,401004,381049210,159,1304305210,55468,POINT (-756634.62 -1044237.51),True,2015-09-01 00:22:16,20150831_OB_539309_UKSH.xml.gz,2015-09-01 00:22:16,2022-08-01 00:03:03,change
SO.6399894,6399894,1,7,2022-07-12,,9,1.0,,9,9,9,9,,9,2827324,4458529,381049210,159,1304305210,55468,POINT (-756634.62 -1044237.51),True,2022-08-01 00:03:03,20220731_OB_539309_UKSH.xml.zip,2022-08-01 00:03:03,2024-01-01 00:00:34,change
SO.6399894,6399894,1,7,2023-12-23,,9,1.0,,9,9,9,9,69.0,9,3269822,5297922,381049210,159,1304305210,55468,POINT (-756634.62 -1044237.51),True,2024-01-01 00:00:34,20231231_OB_539309_UKSH.xml.zip,2024-01-01 00:00:34,,
SO.6399908,6399908,1,3,2013-11-20,,10,1.0,1.0,1,3,1,2,,1,456855,401004,381056210,160,1304102210,55468,POINT (-756801.73 -1044011.89),True,2015-09-01 00:22:16,20150831_OB_539309_UKSH.xml.gz,2015-09-01 00:22:16,2020-02-01 00:11:13,change
SO.6399908,6399908,1,3,2013-11-20,,10,1.0,1.0,1,3,1,2,,1,456855,401004,381056210,160,1304102210,55468,POINT (-756801.73 -1044011.89),True,2020-02-01 00:11:13,20200131_OB_539309_UKSH.xml.zip,2020-02-01 00:11:13,2022-06-01 00:09:23,change
SO.6399908,6399908,1,7,2022-05-30,,10,1.0,1.0,1,3,1,2,,1,2787538,4385805,381056210,160,1304102210,55468,POINT (-756801.73 -1044011.89),True,2022-06-01 00:09:23,20220531_OB_539309_UKSH.xml.zip,2022-06-01 00:09:23,2024-01-01 00:00:34,change
SO.6399908,6399908,1,7,2023-12-23,1980-12-31,10,1.0,2.0,1,3,1,2,218.0,1,3269822,5297922,381056210,160,1304102210,55468,POINT (-756801.73 -1044011.89),True,2024-01-01 00:00:34,20231231_OB_539309_UKSH.xml.zip,2024-01-01 00:00:34,,
SO.6399916,6399916,1,7,2013-11-20,,10,2.0,1.0,1,9,1,2,,1,456855,401004,381019210,161,1304291210,55468,POINT (-757171.46 -1043999.64),True,2015-09-01 00:22:16,20150831_OB_539309_UKSH.xml.gz,2015-09-01 00:22:16,2019-02-01 00:13:01,change
SO.6399916,6399916,1,7,2013-11-20,,10,2.0,1.0,1,9,1,2,,1,456855,401004,381019210,161,1304291210,55468,POINT (-757171.46 -1043999.64),True,2019-02-01 00:13:01,20190131_OB_539309_UKSH.xml.zip,2019-02-01 00:13:01,2024-01-01 00:00:34,change
SO.6399916,6399916,1,7,2023-12-23,1990-12-31,10,2.0,2.0,1,9,1,2,89.0,1,3269822,5297922,381019210,161,1304291210,55468,POINT (-757171.46 -1043999.64),True,2024-01-01 00:00:34,20231231_OB_539309_UKSH.xml.zip,2024-01-01 00:00:34,,
SO.6399924,6399924,1,6,2013-11-20,,10,6.0,3.0,1,3,1,2,,1,456855,401004,381187210,162,1304312210,55468,POINT (-757082.8 -1043996.3),True,2015-09-01 00:22:16,20150831_OB_539309_UKSH.xml.gz,2015-09-01 00:22:16,2024-01-01 00:00:34,change
SO.6399924,6399924,1,6,2023-12-23,1970-12-31,10,6.0,3.0,1,1,1,2,212.0,1,3269822,5297922,381187210,162,1304312210,55468,POINT (-757082.8 -1043996.3),True,2024-01-01 00:00:34,20231231_OB_539309_UKSH.xml.zip,2024-01-01 00:00:34,,
SO.6399932,6399932,1,3,2013-11-20,,9,1.0,1.0,9,9,9,9,,9,456855,401004,381054210,163,1304317210,55468,POINT (-757223.45 -1044116.35),True,2015-09-01 00:22:16,20150831_OB_539309_UKSH.xml.gz,2015-09-01 00:22:16,2022-06-01 00:09:23,change
SO.6399932,6399932,1,7,2022-05-30,,9,1.0,1.0,9,9,9,9,,9,2787538,4385805,381054210,163,1304317210,55468,POINT (-757223.45 -1044116.35),True,2022-06-01 00:09:23,20220531_OB_539309_UKSH.xml.zip,2022-06-01 00:09:23,2024-01-01 00:00:34,change
SO.6399932,6399932,1,7,2023-12-23,1960-12-31,9,1.0,2.0,3,3,1,2,90.0,3,3269822,5297922,381054210,163,1304317210,55468,POINT (-757223.45 -1044116.35),True,2024-01-01 00:00:34,20231231_OB_539309_UKSH.xml.zip,2024-01-01 00:00:34,,
SO.6399941,6399941,1,7,2013-11-20,,4,1.0,1.0,1,3,1,2,,1,456855,401004,380929210,164,1304318210,55468,POINT (-757294.43 -1044108.63),True,2015-09-01 00:22:16,20150831_OB_539309_UKSH.xml.gz,2015-09-01 00:22:16,2024-01-01 00:00:34,change
SO.6399941,6399941,1,7,2023-12-23,1980-12-31,4,1.0,1.0,1,3,1,2,110.0,1,3269822,5297922,380929210,164,1304318210,55468,POINT (-757294.43 -1044108.63),True,2024-01-01 00:00:34,20231231_OB_539309_UKSH.xml.zip,2024-01-01 00:00:34,,
SO.6399967,6399967,1,7,2013-11-20,,10,1.0,1.0,3,1,1,2,,1,456855,401004,381194210,166,1304319210,55468,POINT (-757114.99 -1043801.31),True,2015-09-01 00:22:16,20150831_OB_539309_UKSH.xml.gz,2015-09-01 00:22:16,2024-01-01 00:00:34,change
SO.6399967,6399967,1,7,2023-12-23,1980-12-31,10,1.0,2.0,3,1,1,2,107.0,1,3269822,5297922,381194210,166,1304319210,55468,POINT (-757114.99 -1043801.31),True,2024-01-01 00:00:34,20231231_OB_539309_UKSH.xml.zip,2024-01-01 00:00:34,,
SO.6399975,6399975,1,3,2013-11-20,,4,3.0,1.0,1,1,1,2,,1,456855,401004,381079210,167,1304314210,55468,POINT (-757016.93 -1044206.15),True,2015-09-01 00:22:16,20150831_OB_539309_UKSH.xml.gz,2015-09-01 00:22:16,2022-06-01 00:09:23,change
SO.6399975,6399975,1,7,2022-05-30,,4,3.0,1.0,1,1,1,2,,1,2787538,4385805,381079210,167,1304314210,55468,POINT (-757016.93 -1044206.15),True,2022-06-01 00:09:23,20220531_OB_539309_UKSH.xml.zip,2022-06-01 00:09:23,2023-03-01 00:11:14,change
SO.6399975,6399975,1,7,2022-05-30,,4,3.0,1.0,1,1,1,2,,1,2787538,4385805,381079210,167,1304314210,55468,POINT (-757016.93 -1044206.15),True,2023-03-01 00:11:14,20230228_OB_539309_UKSH.xml.zip,2023-03-01 00:11:14,2024-01-01 00:00:34,change
SO.6399975,6399975,1,7,2023-12-23,1980-12-31,4,3.0,1.0,1,1,1,2,166.0,3,3269822,5297922,381079210,167,1304314210,55468,POINT (-757016.93 -1044206.15),True,2024-01-01 00:00:34,20231231_OB_539309_UKSH.xml.zip,2024-01-01 00:00:34,,
SO.6399983,6399983,1,7,2013-11-20,,7,1.0,1.0,1,3,1,2,,1,456855,401004,381167210,168,1304315210,55468,POINT (-757012.83 -1044228.33),True,2015-09-01 00:22:16,20150831_OB_539309_UKSH.xml.gz,2015-09-01 00:22:16,2024-01-01 00:00:34,change
SO.6399983,6399983,1,7,2023-12-23,1980-12-31,7,2.0,1.0,1,1,1,2,106.0,1,3269822,5297922,381167210,168,1304315210,55468,POINT (-757012.83 -1044228.33),True,2024-01-01 00:00:34,20231231_OB_539309_UKSH.xml.zip,2024-01-01 00:00:34,,
SO.6399991,6399991,1,7,2011-07-01,,7,1.0,3.0,3,2,1,2,148.0,1,0,0,381081210,169,1304316210,55468,POINT (-757007.93 -1044251.76),True,2015-09-01 00:22:16,20150831_OB_539309_UKSH.xml.gz,2015-09-01 00:22:16,2024-01-01 00:00:34,change
SO.6399991,6399991,1,7,2023-12-23,1980-12-31,7,1.0,3.0,3,1,1,2,106.0,1,3269822,5297922,381081210,169,1304316210,55468,POINT (-757007.93 -1044251.76),True,2024-01-01 00:00:34,20231231_OB_539309_UKSH.xml.zip,2024-01-01 00:00:34,,
SO.6400001,6400001,1,19,2013-11-20,,9,0.0,1.0,9,9,9,9,,9,456855,401004,381105210,170,1304311210,55468,POINT (-756864.32 -1043949.6),True,2015-09-01 00:22:16,20150831_OB_539309_UKSH.xml.gz,2015-09-01 00:22:16,2018-10-01 00:09:09,change
SO.6400001,6400001,1,15,2018-09-06,2018-08-31,7,0.0,1.0,1,3,1,2,270.0,1,1841485,2542458,381105210,170,1304311210,55468,POINT (-756864.32 -1043949.6),True,2018-10-01 00:09:09,20180930_OB_539309_UKSH.xml.gz,2018-10-01 00:09:09,,
SO.6400019,6400019,1,7,2013-11-20,,10,2.0,1.0,1,9,1,2,,1,456855,401004,381074210,171,1304334210,55468,POINT (-757091.42 -1044103.62),True,2015-09-01 00:22:16,20150831_OB_539309_UKSH.xml.gz,2015-09-01 00:22:16,2024-01-01 00:00:34,change
SO.6400019,6400019,1,7,2023-12-23,1980-12-31,10,2.0,2.0,1,3,1,2,151.0,3,3269822,5297922,381074210,171,1304334210,55468,POINT (-757091.42 -1044103.62),True,2024-01-01 00:00:34,20231231_OB_539309_UKSH.xml.zip,2024-01-01 00:00:34,,
SO.6400027,6400027,1,7,2013-11-20,,10,2.0,1.0,1,3,1,2,,1,456855,401004,381075210,172,1304335210,55468,POINT (-757084.48 -1044126.81),True,2015-09-01 00:22:16,20150831_OB_539309_UKSH.xml.gz,2015-09-01 00:22:16,2023-07-01 00:03:19,change
SO.6400027,6400027,1,7,2023-06-14,1990-04-27,10,2.0,2.0,1,3,1,2,141.0,1,3091476,4976369,381075210,172,1304335210,55468,POINT (-757084.48 -1044126.81),True,2023-07-01 00:03:19,20230630_OB_539309_UKSH.xml.zip,2023-07-01 00:03:19,2023-09-01 00:02:20,change
SO.6400027,6400027,1,7,2023-06-14,1990-04-27,10,2.0,2.0,1,3,1,2,141.0,1,3091476,4976369,381075210,172,1304335210,55468,POINT (-757084.48 -1044126.81),True,2023-09-01 00:02:20,20230831_OB_539309_UKSH.xml.zip,2023-09-01 00:02:20,,
SO.6400035,6400035,1,3,2013-11-20,,10,1.0,1.0,1,3,1,2,,1,456855,401004,381084210,173,1304345210,55468,POINT (-757128.52 -1044119.58),True,2015-09-01 00:22:16,20150831_OB_539309_UKSH.xml.gz,2015-09-01 00:22:16,2022-06-01 00:09:23,change
SO.6400035,6400035,1,7,2022-05-30,,10,1.0,1.0,1,3,1,2,,1,2787538,4385805,381084210,173,1304345210,55468,POINT (-757128.52 -1044119.58),True,2022-06-01 00:09:23,20220531_OB_539309_UKSH.xml.zip,2022-06-01 00:09:23,2024-01-01 00:00:34,change
SO.6400035,6400035,1,7,2023-12-23,1990-12-31,10,1.0,2.0,1,3,1,2,119.0,4,3269822,5297922,381084210,173,1304345210,55468,POINT (-757128.52 -1044119.58),True,2024-01-01 00:00:34,20231231_OB_539309_UKSH.xml.zip,2024-01-01 00:00:34,,
SO.6400043,6400043,1,3,2013-11-20,,10,1.0,1.0,3,3,1,2,,1,456855,401004,381085210,174,1304344210,55468,POINT (-757127.3 -1044090.23),True,2015-09-01 00:22:16,20150831_OB_539309_UKSH.xml.gz,2015-09-01 00:22:16,2022-06-01 00:09:23,change
SO.6400043,6400043,1,7,2022-05-30,,10,1.0,1.0,3,3,1,2,,1,2787538,4385805,381085210,174,1304344210,55468,POINT (-757127.3 -1044090.23),True,2022-06-01 00:09:23,20220531_OB_539309_UKSH.xml.zip,2022-06-01 00:09:23,2024-01-01 00:00:34,change
SO.6400043,6400043,1,7,2023-12-23,1990-12-31,10,1.0,2.0,3,3,1,2,127.0,1,3269822,5297922,381085210,174,1304344210,55468,POINT (-757127.3 -1044090.23),True,2024-01-01 00:00:34,20231231_OB_539309_UKSH.xml.zip,2024-01-01 00:00:34,2024-03-01 00:02:58,change
SO.6400043,6400043,1,7,2024-02-15,2024-02-14,10,2.0,2.0,1,3,1,2,142.0,1,3314836,5380521,381085210,174,1304344210,55468,POINT (-757127.3 -1044090.23),True,2024-03-01 00:02:58,20240229_OB_539309_UKSH.xml.zip,2024-03-01 00:02:58,,
SO.6400051,6400051,1,3,2013-11-20,,10,1.0,1.0,1,3,1,2,,1,456855,401004,381044210,175,1304352210,55468,POINT (-757185.07 -1043930.2),True,2015-09-01 00:22:16,20150831_OB_539309_UKSH.xml.gz,2015-09-01 00:22:16,2022-06-01 00:09:23,change
SO.6400051,6400051,1,7,2022-05-30,,10,1.0,1.0,1,3,1,2,,1,2787538,4385805,381044210,175,1304352210,55468,POINT (-757185.07 -1043930.2),True,2022-06-01 00:09:23,20220531_OB_539309_UKSH.xml.zip,2022-06-01 00:09:23,2024-01-01 00:00:34,change
SO.6400051,6400051,1,7,2023-12-23,1990-12-31,10,1.0,1.0,1,1,1,2,122.0,1,3269822,5297922,381044210,175,1304352210,55468,POINT (-757185.07 -1043930.2),True,2024-01-01 00:00:34,20231231_OB_539309_UKSH.xml.zip,2024-01-01 00:00:34,,
SO.6400060,6400060,1,6,2013-11-20,,7,5.0,3.0,1,3,1,2,,4,456855,401004,381161210,176,1304140210,55468,POINT (-756645.3 -1043970.6),True,2015-09-01 00:22:16,20150831_OB_539309_UKSH.xml.gz,2015-09-01 00:22:16,2024-01-01 00:00:34,change
SO.6400060,6400060,1,6,2023-12-23,1980-12-31,7,5.0,3.0,1,1,1,2,180.0,3,3269822,5297922,381161210,176,1304140210,55468,POINT (-756645.3 -1043970.6),True,2024-01-01 00:00:34,20231231_OB_539309_UKSH.xml.zip,2024-01-01 00:00:34,,
SO.6400078,6400078,1,3,2013-11-20,,4,5.0,3.0,1,3,1,2,,4,456855,401004,381165210,177,1304139210,55468,POINT (-756636.38 -1043991.58),True,2015-09-01 00:22:16,20150831_OB_539309_UKSH.xml.gz,2015-09-01 00:22:16,2016-11-01 00:31:45,change
SO.6400078,6400078,1,6,2016-10-12,,4,5.0,3.0,1,3,1,2,,4,1111553,1491749,381165210,177,1304139210,55468,POINT (-756636.38 -1043991.58),True,2016-11-01 00:31:45,20161031_OB_539309_UKSH.xml.gz,2016-11-01 00:31:45,2024-01-01 00:00:34,change
SO.6400078,6400078,1,6,2023-12-23,1990-12-31,4,5.0,3.0,1,3,1,2,179.0,3,3269822,5297922,381165210,177,1304139210,55468,POINT (-756636.38 -1043991.58),True,2024-01-01 00:00:34,20231231_OB_539309_UKSH.xml.zip,2024-01-01 00:00:34,,
SO.6400086,6400086,1,7,2013-11-20,,10,1.0,1.0,1,1,1,2,,1,456855,401004,381097210,178,1304355210,55468,POINT (-756952.33 -1043985.04),True,2015-09-01 00:22:16,20150831_OB_539309_UKSH.xml.gz,2015-09-01 00:22:16,2016-02-01 00:00:02,change
SO.6400086,6400086,1,7,2016-01-18,,10,1.0,1.0,1,1,1,2,,1,824099,1081742,381097210,178,1304355210,55468,POINT (-756952.33 -1043985.04),True,2016-02-01 00:00:02,20160131_OB_539309_UKSH.xml.gz,2016-02-01 00:00:02,2024-01-01 00:00:34,change
SO.6400086,6400086,1,7,2023-12-23,1990-12-31,10,2.0,2.0,1,1,1,2,194.0,3,3269822,5297922,381097210,178,1304355210,55468,POINT (-756952.33 -1043985.04),True,2024-01-01 00:00:34,20231231_OB_539309_UKSH.xml.zip,2024-01-01 00:00:34,,
SO.6400094,6400094,1,7,2013-11-20,,10,1.0,1.0,1,1,1,2,,1,456855,401004,381094210,179,1304363210,55468,POINT (-757224.7 -1044292.25),True,2015-09-01 00:22:16,20150831_OB_539309_UKSH.xml.gz,2015-09-01 00:22:16,2024-01-01 00:00:34,change
SO.6400094,6400094,1,7,2023-12-23,1990-12-31,10,1.0,2.0,1,1,1,2,180.0,1,3269822,5297922,381094210,179,1304363210,55468,POINT (-757224.7 -1044292.25),True,2024-01-01 00:00:34,20231231_OB_539309_UKSH.xml.zip,2024-01-01 00:00:34,,
SO.6400108,6400108,1,3,2013-11-20,,10,1.0,1.0,1,1,1,2,,1,456855,401004,381086210,180,1304343210,55468,POINT (-757147.7 -1043956.84),True,2015-09-01 00:22:16,20150831_OB_539309_UKSH.xml.gz,2015-09-01 00:22:16,2022-06-01 00:09:23,change
SO.6400108,6400108,1,7,2022-05-30,,10,1.0,1.0,1,1,1,2,,1,2787538,4385805,381086210,180,1304343210,55468,POINT (-757147.7 -1043956.84),True,2022-06-01 00:09:23,20220531_OB_539309_UKSH.xml.zip,2022-06-01 00:09:23,2024-01-01 00:00:34,change
SO.6400108,6400108,1,7,2023-12-23,1990-12-31,10,1.0,2.0,1,1,1,2,113.0,1,3269822,5297922,381086210,180,1304343210,55468,POINT (-757147.7 -1043956.84),True,2024-01-01 00:00:34,20231231_OB_539309_UKSH.xml.zip,2024-01-01 00:00:34,,
SO.6400116,6400116,1,5,2013-11-20,,9,1.0,1.0,9,9,9,9,,9,456855,401004,381144210,181,1304350210,55468,POINT (-756506.92 -1043806.24),True,2015-09-01 00:22:16,20150831_OB_539309_UKSH.xml.gz,2015-09-01 00:22:16,2024-01-01 00:00:34,change
SO.6400116,6400116,1,5,2023-12-23,1980-12-31,7,1.0,4.0,3,9,9,2,1089.0,9,3269822,5297922,381144210,181,1304350210,55468,POINT (-756506.92 -1043806.24),True,2024-01-01 00:00:34,20231231_OB_539309_UKSH.xml.zip,2024-01-01 00:00:34,2025-04-01 00:03:10,change
SO.6400116,6400116,1,14,2025-03-27,1980-12-31,7,1.0,4.0,3,9,9,2,1089.0,9,4175185,6561619,381144210,181,1304350210,55468,POINT (-756506.92 -1043806.24),True,2025-04-01 00:03:10,20250331_OB_539309_UKSH.xml.zip,2025-04-01 00:03:10,,
SO.6400124,6400124,1,14,2013-11-20,,9,0.0,1.0,9,9,9,9,,9,456855,401004,381145210,182,1304360210,55468,POINT (-756473.98 -1043794.45),True,2015-09-01 00:22:16,20150831_OB_539309_UKSH.xml.gz,2015-09-01 00:22:16,2024-01-01 00:00:34,change
SO.6400124,6400124,1,14,2023-12-23,,9,0.0,1.0,9,9,9,9,313.0,9,3269822,5297922,381145210,182,1304360210,55468,POINT (-756473.98 -1043794.45),True,2024-01-01 00:00:34,20231231_OB_539309_UKSH.xml.zip,2024-01-01 00:00:34,2025-04-01 00:03:10,change
SO.6400124,6400124,1,14,2023-12-23,,9,0.0,1.0,9,9,9,9,313.0,9,3269822,5297922,381145210,182,1304360210,55468,POINT (-756473.98 -1043794.45),True,2025-04-01 00:03:10,20250331_OB_539309_UKSH.xml.zip,2025-04-01 00:03:10,,
SO.6400141,6400141,1,3,2013-11-20,,10,1.0,1.0,1,9,9,2,,1,456855,401004,381108210,184,1304380210,55468,POINT (-757239.89 -1043918.35),True,2015-09-01 00:22:16,20150831_OB_539309_UKSH.xml.gz,2015-09-01 00:22:16,2022-06-01 00:09:23,change
SO.6400141,6400141,1,7,2022-05-30,,10,1.0,1.0,1,9,9,2,,1,2787538,4385805,381108210,184,1304380210,55468,POINT (-757239.89 -1043918.35),True,2022-06-01 00:09:23,20220531_OB_539309_UKSH.xml.zip,2022-06-01 00:09:23,2024-01-01 00:00:34,change
SO.6400141,6400141,1,7,2023-12-23,2000-12-31,10,2.0,2.0,1,3,1,2,149.0,4,3269822,5297922,381108210,184,1304380210,55468,POINT (-757239.89 -1043918.35),True,2024-01-01 00:00:34,20231231_OB_539309_UKSH.xml.zip,2024-01-01 00:00:34,,
SO.6400159,6400159,1,6,2013-11-20,,10,5.0,4.0,1,3,1,2,,4,456855,401004,381159210,185,1304369210,55468,POINT (-756586.42 -1044062.24),True,2015-09-01 00:22:16,20150831_OB_539309_UKSH.xml.gz,2015-09-01 00:22:16,2024-01-01 00:00:34,change
SO.6400159,6400159,1,6,2023-12-23,1990-12-31,10,5.0,4.0,1,3,1,2,236.0,3,3269822,5297922,381159210,185,1304369210,55468,POINT (-756586.42 -1044062.24),True,2024-01-01 00:00:34,20231231_OB_539309_UKSH.xml.zip,2024-01-01 00:00:34,,
SO.6400167,6400167,1,6,2013-11-20,,10,6.0,4.0,1,3,1,2,,4,456855,401004,381160210,186,1304370210,55468,POINT (-756574.19 -1044078.53),True,2015-09-01 00:22:16,20150831_OB_539309_UKSH.xml.gz,2015-09-01 00:22:16,2024-01-01 00:00:34,change
SO.6400167,6400167,1,6,2023-12-23,1990-12-31,10,6.0,4.0,1,3,1,2,232.0,3,3269822,5297922,381160210,186,1304370210,55468,POINT (-756574.19 -1044078.53),True,2024-01-01 00:00:34,20231231_OB_539309_UKSH.xml.zip,2024-01-01 00:00:34,,
SO.6400175,6400175,1,3,2013-11-20,,9,1.0,1.0,9,9,9,9,,9,456855,401004,381087210,187,1304340210,55468,POINT (-757017.34 -1044172.99),True,2015-09-01 00:22:16,20150831_OB_539309_UKSH.xml.gz,2015-09-01 00:22:16,2022-06-01 00:09:23,change
SO.6400175,6400175,1,7,2022-05-30,,9,1.0,1.0,9,9,9,9,,9,2787538,4385805,381087210,187,1304340210,55468,POINT (-757017.34 -1044172.99),True,2022-06-01 00:09:23,20220531_OB_539309_UKSH.xml.zip,2022-06-01 00:09:23,2024-01-01 00:00:34,change
SO.6400175,6400175,1,7,2023-12-23,,9,1.0,1.0,9,9,9,9,110.0,9,3269822,5297922,381087210,187,1304340210,55468,POINT (-757017.34 -1044172.99),True,2024-01-01 00:00:34,20231231_OB_539309_UKSH.xml.zip,2024-01-01 00:00:34,,
SO.6400183,6400183,1,1,2013-11-20,,,0.0,1.0,,,,2,,,456855,401004,381114210,188,1304372210,55468,POINT (-756312.69 -1043956.8),False,2015-09-01 00:22:16,20150831_OB_539309_UKSH.xml.gz,2015-09-01 00:22:16,2024-01-01 00:00:34,change
SO.6400183,6400183,1,1,2023-12-23,,,0.0,1.0,,,,2,9163.0,,3269822,5297922,381114210,188,1304372210,55468,POINT (-756312.69 -1043956.8),False,2024-01-01 00:00:34,20231231_OB_539309_UKSH.xml.zip,2024-01-01 00:00:34,,
SO.6400191,6400191,1,7,2013-11-20,,10,1.0,1.0,1,1,1,2,,1,456855,401004,657254210,189,1908964210,55468,POINT (-757224.73 -1044080.14),True,2015-09-01 00:22:16,20150831_OB_539309_UKSH.xml.gz,2015-09-01 00:22:16,2024-01-01 00:00:34,change
SO.6400191,6400191,1,7,2023-12-23,2000-12-31,10,1.0,1.0,1,1,1,2,160.0,1,3269822,5297922,657254210,189,1908964210,55468,POINT (-757224.73 -1044080.14),True,2024-01-01 00:00:34,20231231_OB_539309_UKSH.xml.zip,2024-01-01 00:00:34,,
SO.6400205,6400205,1,3,2013-11-20,,10,1.0,1.0,1,3,1,2,,4,456855,401004,381131210,190,1304384210,55468,POINT (-757218.17 -1043848.28),True,2015-09-01 00:22:16,20150831_OB_539309_UKSH.xml.gz,2015-09-01 00:22:16,2019-03-02 00:00:07,change
SO.6400205,6400205,1,3,2019-02-28,,10,1.0,1.0,1,3,1,2,,4,1960601,2773569,381131210,190,1304384210,55468,POINT (-757217.75 -1043846.6),True,2019-03-02 00:00:07,20190301_OB_539309_UKSH.xml.zip,2019-03-02 00:00:07,2022-06-01 00:09:23,change
SO.6400205,6400205,1,7,2022-05-30,,10,1.0,1.0,1,3,1,2,,4,2787538,4385805,381131210,190,1304384210,55468,POINT (-757217.75 -1043846.6),True,2022-06-01 00:09:23,20220531_OB_539309_UKSH.xml.zip,2022-06-01 00:09:23,2024-01-01 00:00:34,change
SO.6400205,6400205,1,7,2023-12-23,2000-12-31,10,1.0,2.0,1,3,1,2,91.0,3,3269822,5297922,381131210,190,1304384210,55468,POINT (-757217.75 -1043846.6),True,2024-01-01 00:00:34,20231231_OB_539309_UKSH.xml.zip,2024-01-01 00:00:34,,
SO.6400213,6400213,1,7,2013-11-20,,10,1.0,1.0,1,3,1,2,,1,456855,401004,381099210,191,1304377210,55468,POINT (-756873.69 -1043865.4),True,2015-09-01 00:22:16,20150831_OB_539309_UKSH.xml.gz,2015-09-01 00:22:16,2024-01-01 00:00:34,change
SO.6400213,6400213,1,7,2023-12-23,2000-12-31,10,1.0,1.0,1,3,1,2,176.0,1,3269822,5297922,381099210,191,1304377210,55468,POINT (-756873.69 -1043865.4),True,2024-01-01 00:00:34,20231231_OB_539309_UKSH.xml.zip,2024-01-01 00:00:34,,
SO.6400221,6400221,1,7,2013-11-20,,10,1.0,1.0,1,3,1,2,,4,456855,401004,455688210,192,1531504210,55468,POINT (-756666.56 -1044056.58),True,2015-09-01 00:22:16,20150831_OB_539309_UKSH.xml.gz,2015-09-01 00:22:16,2024-01-01 00:00:34,change
SO.6400221,6400221,1,7,2023-12-23,2000-12-31,10,1.0,2.0,1,3,1,2,144.0,3,3269822,5297922,455688210,192,1531504210,55468,POINT (-756666.56 -1044056.58),True,2024-01-01 00:00:34,20231231_OB_539309_UKSH.xml.zip,2024-01-01 00:00:34,,
SO.6400230,6400230,1,7,2013-11-20,,4,1.0,1.0,3,3,1,2,,1,456855,401004,555808210,193,1734745210,55468,POINT (-756959.8 -1044264.61),True,2015-09-01 00:22:16,20150831_OB_539309_UKSH.xml.gz,2015-09-01 00:22:16,2022-12-01 00:05:50,change
SO.6400230,6400230,1,7,2013-11-20,,4,1.0,1.0,3,3,1,2,,1,456855,401004,555808210,193,1734745210,55468,POINT (-756959.8 -1044264.61),True,2022-12-01 00:05:50,20221130_OB_539309_UKSH.xml.zip,2022-12-01 00:05:50,2024-01-01 00:00:34,change
SO.6400230,6400230,1,7,2023-12-23,2000-12-31,4,1.0,1.0,3,3,1,2,255.0,1,3269822,5297922,555808210,193,1734745210,55468,POINT (-756959.8 -1044264.61),True,2024-01-01 00:00:34,20231231_OB_539309_UKSH.xml.zip,2024-01-01 00:00:34,,
SO.6400248,6400248,1,7,2013-11-20,,10,1.0,2.0,1,1,1,2,102.0,1,456855,401004,495392210,194,1605054210,55468,POINT (-757004.91 -1043849.68),True,2015-09-01 00:22:16,20150831_OB_539309_UKSH.xml.gz,2015-09-01 00:22:16,2024-01-01 00:00:34,change
SO.6400248,6400248,1,7,2023-12-23,2007-12-31,10,1.0,2.0,1,1,1,2,101.0,1,3269822,5297922,495392210,194,1605054210,55468,POINT (-757004.91 -1043849.68),True,2024-01-01 00:00:34,20231231_OB_539309_UKSH.xml.zip,2024-01-01 00:00:34,,
SO.6400256,6400256,1,1,2013-11-20,,,0.0,1.0,,,,2,,,456855,401004,381151210,195,1304386210,55468,POINT (-756186.61 -1044026.73),True,2015-09-01 00:22:16,20150831_OB_539309_UKSH.xml.gz,2015-09-01 00:22:16,2022-08-01 00:03:03,change
SO.6400256,6400256,1,1,2013-11-20,,,0.0,1.0,,,,2,,,456855,401004,381151210,195,1304386210,55468,POINT (-756186.61 -1044026.73),True,2022-08-01 00:03:03,20220731_OB_539309_UKSH.xml.zip,2022-08-01 00:03:03,2024-01-01 00:00:34,change
SO.6400256,6400256,1,1,2023-12-23,,,0.0,1.0,,,,2,1335.0,,3269822,5297922,381151210,195,1304386210,55468,POINT (-756186.61 -1044026.73),True,2024-01-01 00:00:34,20231231_OB_539309_UKSH.xml.zip,2024-01-01 00:00:34,,
SO.6400264,6400264,2,8,2013-11-20,,9,0.0,,9,9,9,9,,9,456855,401004,381186210,1,1304388210,55468,POINT (-756763.2 -1044123.84),True,2015-09-01 00:22:16,20150831_OB_539309_UKSH.xml.gz,2015-09-01 00:22:16,2016-11-01 00:31:45,removed
SO.6400272,6400272,2,8,2013-11-20,,9,0.0,,9,9,9,9,,9,456855,401004,380932210,2,1304347210,55468,POINT (-756190.9 -1043643.94),True,2015-09-01 00:22:16,20150831_OB_539309_UKSH.xml.gz,2015-09-01 00:22:16,2024-01-01 00:00:34,change
SO.6400272,6400272,2,8,2023-12-23,,9,0.0,,9,9,9,9,51.0,9,3269822,5297922,380932210,2,1304347210,55468,POINT (-756190.9 -1043643.94),True,2024-01-01 00:00:34,20231231_OB_539309_UKSH.xml.zip,2024-01-01 00:00:34,,
SO.6400281,6400281,2,,2012-12-18,,,,,,,,,,,359085,115087,,3,1504648210,55468,,False,2015-09-01 00:22:16,20150831_OB_539309_UKSH.xml.gz,2015-09-01 00:22:16,2015-12-01 00:47:52,change
SO.6400281,6400281,2,8,2015-11-26,,,0.0,,,,,,,,456854,1015657,,3,1504648210,55468,POINT (-756179.59 -1043670.12),False,2015-12-01 00:47:52,20151130_OB_539309_UKSH.xml.gz,2015-12-01 00:47:52,2022-06-01 00:09:23,change
SO.6400281,6400281,1,7,2022-05-11,2022-05-03,1,1.0,2.0,1,3,1,2,144.0,1,2769795,4355689,,1091,1504648210,55468,POINT (-756179.36 -1043671.38),False,2022-06-01 00:09:23,20220531_OB_539309_UKSH.xml.zip,2022-06-01 00:09:23,2022-07-01 00:08:32,change
SO.6400281,6400281,1,7,2022-06-24,2022-05-03,1,1.0,2.0,1,3,1,2,144.0,1,2812350,4434230,441500210,1091,1504648210,55468,POINT (-756179.44 -1043669.82),True,2022-07-01 00:08:32,20220630_OB_539309_UKSH.xml.zip,2022-07-01 00:08:32,,
SO.6400299,6400299,2,,2011-07-01,,,,,,,,,,,0,0,,4,,55468,,False,2015-09-01 00:22:16,20150831_OB_539309_UKSH.xml.gz,2015-09-01 00:22:16,2018-04-01 00:06:07,removed
SO.6400302,6400302,2,8,2013-11-20,,9,0.0,,9,9,9,9,,9,456855,401004,836045210,5,2184791210,55468,POINT (-756165.47 -1043714.41),True,2015-09-01 00:22:16,20150831_OB_539309_UKSH.xml.gz,2015-09-01 00:22:16,2022-12-01 00:05:50,change
SO.6400302,6400302,2,8,2013-11-20,,9,0.0,,9,9,9,9,,9,456855,401004,836045210,5,2184791210,55468,POINT (-756165.47 -1043714.41),True,2022-12-01 00:05:50,20221130_OB_539309_UKSH.xml.zip,2022-12-01 00:05:50,2024-01-01 00:00:34,change
SO.6400302,6400302,2,8,2023-12-23,2005-12-31,9,0.0,,9,9,9,2,41.0,9,3269822,5297922,836045210,5,2184791210,55468,POINT (-756165.47 -1043714.41),True,2024-01-01 00:00:34,20231231_OB_539309_UKSH.xml.zip,2024-01-01 00:00:34,,
SO.6400329,6400329,2,8,2013-11-20,,,0.0,,,,,9,,,456855,401004,381080210,7,1304389210,55468,POINT (-756160.28 -1043752.97),True,2015-09-01 00:22:16,20150831_OB_539309_UKSH.xml.gz,2015-09-01 00:22:16,2024-01-01 00:00:34,change
SO.6400329,6400329,2,8,2023-12-23,,,0.0,,,,,9,24.0,,3269822,5297922,381080210,7,1304389210,55468,POINT (-756160.28 -1043752.97),True,2024-01-01 00:00:34,20231231_OB_539309_UKSH.xml.zip,2024-01-01 00:00:34,,
SO.6400337,6400337,2,8,2013-11-20,,,0.0,,,,,9,,,456855,401004,381101210,8,1304391210,55468,POINT (-756177.83 -1043768.43),True,2015-09-01 00:22:16,20150831_OB_539309_UKSH.xml.gz,2015-09-01 00:22:16,2024-01-01 00:00:34,change
SO.6400337,6400337,2,8,2023-12-23,,,0.0,,,,,9,39.0,,3269822,5297922,381101210,8,1304391210,55468,POINT (-756177.83 -1043768.43),True,2024-01-01 00:00:34,20231231_OB_539309_UKSH.xml.zip,2024-01-01 00:00:34,,
SO.6400345,6400345,2,,2011-07-01,,,,,,,,,,,0,0,,9,,55468,,False,2015-09-01 00:22:16,20150831_OB_539309_UKSH.xml.gz,2015-09-01 00:22:16,2018-04-01 00:06:07,removed
SO.6400353,6400353,2,,2011-07-01,,,,,,,,,,,0,0,,10,,55468,,False,2015-09-01 00:22:16,20150831_OB_539309_UKSH.xml.gz,2015-09-01 00:22:16,2018-04-01 00:06:07,removed
SO.6400361,6400361,2,,2011-07-01,,,,,,,,,,,0,0,,11,,55468,,False,2015-09-01 00:22:16,20150831_OB_539309_UKSH.xml.gz,2015-09-01 00:22:16,2018-04-01 00:06:07,removed
SO.6400370,6400370,2,,2011-07-01,,,,,,,,,,,0,0,,12,,55468,,False,2015-09-01 00:22:16,20150831_OB_539309_UKSH.xml.gz,2015-09-01 00:22:16,2018-04-01 00:06:07,removed
SO.6400388,6400388,2,,2011-07-01,,,,,,,,,,,0,0,,28,,55468,,False,2015-09-01 00:22:16,20150831_OB_539309_UKSH.xml.gz,2015-09-01 00:22:16,2018-04-01 00:06:07,removed
SO.6400396,6400396,2,,2011-07-01,,,,,,,,,,,0,0,,118,,55468,,False,2015-09-01 00:22:16,20150831_OB_539309_UKSH.xml.gz,2015-09-01 00:22:16,2018-04-01 00:06:07,removed
SO.6400400,6400400,2,8,2013-11-20,,,0.0,,,,,9,,,456855,401004,381050210,159,1304304210,55468,POINT (-756694.43 -1044190.54),True,2015-09-01 00:22:16,20150831_OB_539309_UKSH.xml.gz,2015-09-01 00:22:16,2019-09-01 00:05:16,change
SO.6400400,6400400,2,8,2019-08-12,,,0.0,,,,,9,,,2063412,2980182,381050210,159,1304304210,55468,POINT (-756696.99 -1044187.73),True,2019-09-01 00:05:16,20190831_OB_539309_UKSH.xml.zip,2019-09-01 00:05:16,2024-01-01 00:00:34,change
SO.6400400,6400400,2,8,2023-12-23,,,0.0,,,,,9,41.0,,3269822,5297922,381050210,159,1304304210,55468,POINT (-756696.99 -1044187.73),True,2024-01-01 00:00:34,20231231_OB_539309_UKSH.xml.zip,2024-01-01 00:00:34,,
SO.6400418,6400418,2,,2011-07-01,,,,,,,,,,,0,0,,167,,55468,,False,2015-09-01 00:22:16,20150831_OB_539309_UKSH.xml.gz,2015-09-01 00:22:16,2018-04-01 00:06:07,removed
SO.6400426,6400426,2,,2011-07-01,,,,,,,,,,,0,0,,168,,55468,,False,2015-09-01 00:22:16,20150831_OB_539309_UKSH.xml.gz,2015-09-01 00:22:16,2018-04-01 00:06:07,removed
SO.6400434,6400434,2,,2011-07-01,,,,,,,,,,,0,0,,169,,55468,,False,2015-09-01 00:22:16,20150831_OB_539309_UKSH.xml.gz,2015-09-01 00:22:16,2018-04-01 00:06:07,removed
SO.70984174,70984174,1,7,2014-01-13,2013-11-14,1,1.0,2.0,1,1,1,2,188.0,1,489240,502332,17203454010,670,33456310010,55468,POINT (-757656.41 -1044323.84),True,2015-09-01 00:22:16,20150831_OB_539309_UKSH.xml.gz,2015-09-01 00:22:16,2026-02-01 00:00:48,change
SO.70984174,70984174,1,7,2026-01-08,2013-11-14,1,1.0,2.0,1,1,1,2,188.0,11,4852736,7496056,17203454010,670,33456310010,55468,POINT (-757656.41 -1044323.84),True,2026-02-01 00:00:48,20260131_OB_539309_UKSH.xml.zip,2026-02-01 00:00:48,,
SO.70985073,70985073,1,7,2014-01-13,,1,1.0,2.0,1,1,1,2,158.0,1,489345,516661,886495210,223,2290756210,55468,POINT (-757491.58 -1043792.44),True,2015-09-01 00:22:16,20150831_OB_539309_UKSH.xml.gz,2015-09-01 00:22:16,2024-01-01 00:00:34,change
SO.70985073,70985073,1,7,2023-12-23,2014-12-31,1,1.0,2.0,1,1,1,2,158.0,1,3269823,5297923,886495210,223,2290756210,55468,POINT (-757491.58 -1043792.44),True,2024-01-01 00:00:34,20231231_OB_539309_UKSH.xml.zip,2024-01-01 00:00:34,,
SO.73259535,73259535,1,7,2014-01-21,,1,1.0,1.0,1,1,1,2,149.0,1,496043,501882,15121391010,668,23360465010,55468,POINT (-757329.58 -1044312.71),True,2015-09-01 00:22:16,20150831_OB_539309_UKSH.xml.gz,2015-09-01 00:22:16,2024-01-01 00:00:34,change
SO.73259535,73259535,1,7,2023-12-23,2014-12-31,1,1.0,1.0,1,1,1,2,149.0,1,3269823,5297923,15121391010,668,23360465010,55468,POINT (-757329.58 -1044312.71),True,2024-01-01 00:00:34,20231231_OB_539309_UKSH.xml.zip,2024-01-01 00:00:34,,
SO.77597826,77597826,1,7,2014-02-21,,1,1.0,2.0,1,1,1,2,70.0,1,540104,535411,16094898010,605,30813299010,55468,POINT (-757514.47 -1044005.67),True,2015-09-01 00:22:16,20150831_OB_539309_UKSH.xml.gz,2015-09-01 00:22:16,2024-01-01 00:00:34,change
SO.77597826,77597826,1,7,2023-12-23,2014-12-31,1,1.0,2.0,1,1,1,2,70.0,1,3269823,5297923,16094898010,605,30813299010,55468,POINT (-757514.47 -1044005.67),True,2024-01-01 00:00:34,20231231_OB_539309_UKSH.xml.zip,2024-01-01 00:00:34,,
SO.77598008,77598008,1,7,2014-02-21,,1,1.0,2.0,1,1,1,2,70.0,1,540149,534921,16094899010,604,30813300010,55468,POINT (-757513.79 -1044013.44),True,2015-09-01 00:22:16,20150831_OB_539309_UKSH.xml.gz,2015-09-01 00:22:16,2024-01-01 00:00:34,change
SO.77598008,77598008,1,7,2023-12-23,2014-12-31,1,1.0,2.0,1,1,1,2,70.0,1,3269823,5297923,16094899010,604,30813300010,55468,POINT (-757513.79 -1044013.44),True,2024-01-01 00:00:34,20231231_OB_539309_UKSH.xml.zip,2024-01-01 00:00:34,,
SO.77832795,77832795,1,7,2014-03-25,2014-02-21,1,1.0,2.0,1,1,1,2,109.0,1,561832,911693,22254626010,669,29599474010,55468,POINT (-757792 -1043974.18),True,2015-09-01 00:22:16,20150831_OB_539309_UKSH.xml.gz,2015-09-01 00:22:16,2026-02-01 00:00:48,change
SO.77832795,77832795,1,7,2026-01-08,2014-02-21,1,1.0,2.0,1,1,1,2,109.0,11,4852736,7496056,22254626010,669,29599474010,55468,POINT (-757792 -1043974.18),True,2026-02-01 00:00:48,20260131_OB_539309_UKSH.xml.zip,2026-02-01 00:00:48,,
SO.77834356,77834356,1,7,2014-03-25,2012-02-11,1,1.0,2.0,1,3,1,2,138.0,1,561959,565177,974002210,612,2570985210,55468,POINT (-757893.46 -1043707.11),True,2015-09-01 00:22:16,20150831_OB_539309_UKSH.xml.gz,2015-09-01 00:22:16,,
SO.77897251,77897251,1,7,2014-04-07,,1,3.0,2.0,1,1,1,2,250.0,1,569247,611477,20567310010,671,36178332010,55468,POINT (-757790.41 -1044012.31),True,2015-09-01 00:22:16,20150831_OB_539309_UKSH.xml.gz,2015-09-01 00:22:16,2024-01-01 00:00:34,change
SO.77897251,77897251,1,7,2023-12-23,2014-12-31,1,3.0,2.0,1,1,1,2,250.0,1,3269823,5297923,20567310010,671,36178332010,55468,POINT (-757790.41 -1044012.31),True,2024-01-01 00:00:34,20231231_OB_539309_UKSH.xml.zip,2024-01-01 00:00:34,,
SO.77923260,77923260,1,7,2014-04-10,,1,1.0,1.0,1,3,1,2,185.0,1,571119,730214,16265164010,676,33864522010,55468,POINT (-757348.97 -1044413.68),True,2015-09-01 00:22:16,20150831_OB_539309_UKSH.xml.gz,2015-09-01 00:22:16,2024-01-01 00:00:34,change
SO.77923260,77923260,1,7,2023-12-23,2014-12-31,1,1.0,1.0,1,3,1,2,185.0,1,3269823,5297923,16265164010,676,33864522010,55468,POINT (-757348.97 -1044413.68),True,2024-01-01 00:00:34,20231231_OB_539309_UKSH.xml.zip,2024-01-01 00:00:34,,
SO.78023661,78023661,1,7,2014-05-12,,1,1.0,2.0,1,1,1,2,70.0,1,579797,728949,16094900010,603,30813301010,55468,POINT (-757514.05 -1044021.01),True,2015-09-01 00:22:16,20150831_OB_539309_UKSH.xml.gz,2015-09-01 00:22:16,2024-01-01 00:00:34,change
SO.78023661,78023661,1,7,2023-12-23,2014-12-31,1,1.0,2.0,1,1,1,2,70.0,1,3269823,5297923,16094900010,603,30813301010,55468,POINT (-757514.05 -1044021.01),True,2024-01-01 00:00:34,20231231_OB_539309_UKSH.xml.zip,2024-01-01 00:00:34,2026-02-01 00:00:48,change
SO.78023661,78023661,1,7,2026-01-08,2014-12-31,1,1.0,2.0,1,1,1,2,70.0,11,4852736,7496056,16094900010,603,30813301010,55468,POINT (-757514.05 -1044021.01),True,2026-02-01 00:00:48,20260131_OB_539309_UKSH.xml.zip,2026-02-01 00:00:48,,
SO.78070392,78070392,1,7,2014-05-23,,1,1.0,2.0,1,1,1,2,136.0,1,585100,668507,21149833010,672,40063418010,55468,POINT (-757679.26 -1044226.08),True,2015-09-01 00:22:16,20150831_OB_539309_UKSH.xml.gz,2015-09-01 00:22:16,2022-01-01 00:03:43,change
SO.78070392,78070392,1,7,2021-12-03,2021-11-19,1,1.0,2.0,1,1,1,2,136.0,1,2648322,4116962,21149833010,672,40063418010,55468,POINT (-757679.26 -1044226.08),True,2022-01-01 00:03:43,20211231_OB_539309_UKSH.xml.zip,2022-01-01 00:03:43,,
SO.78169453,78169453,1,7,2014-06-25,2014-06-18,1,1.0,2.0,1,1,1,2,200.0,1,593789,630985,16341674010,675,34434347010,55468,POINT (-757562.47 -1044138.46),True,2015-09-01 00:22:16,20150831_OB_539309_UKSH.xml.gz,2015-09-01 00:22:16,2026-02-01 00:00:48,change
SO.78169453,78169453,1,7,2026-01-08,2014-06-18,1,1.0,2.0,1,1,1,2,200.0,11,4852736,7496056,16341674010,675,34434347010,55468,POINT (-757562.47 -1044138.46),True,2026-02-01 00:00:48,20260131_OB_539309_UKSH.xml.zip,2026-02-01 00:00:48,,
SO.78169518,78169518,1,7,2014-06-25,2014-06-05,1,1.0,2.0,1,1,1,2,170.0,1,593806,633034,16346502010,674,34434587010,55468,POINT (-758009.69 -1044065.24),True,2015-09-01 00:22:16,20150831_OB_539309_UKSH.xml.gz,2015-09-01 00:22:16,2022-11-01 00:06:54,change
SO.78169518,78169518,1,7,2022-10-20,2014-06-05,1,1.0,2.0,1,1,1,2,170.0,1,2900088,4608927,16346502010,674,34434587010,55468,POINT (-758010.22 -1044064.99),True,2022-11-01 00:06:54,20221031_OB_539309_UKSH.xml.zip,2022-11-01 00:06:54,2026-02-01 00:00:48,change
SO.78169518,78169518,1,7,2026-01-08,2014-06-05,1,1.0,2.0,1,1,1,2,170.0,11,4852736,7496056,16346502010,674,34434587010,55468,POINT (-758010.22 -1044064.99),True,2026-02-01 00:00:48,20260131_OB_539309_UKSH.xml.zip,2026-02-01 00:00:48,,
SO.78177812,78177812,1,7,2014-06-30,,1,1.0,2.0,1,1,1,2,145.0,1,594556,882385,16094896010,610,30813294010,55468,POINT (-757516.48 -1043981.91),True,2015-09-01 00:22:16,20150831_OB_539309_UKSH.xml.gz,2015-09-01 00:22:16,2024-01-01 00:00:34,change
SO.78177812,78177812,1,7,2023-12-23,2014-12-31,1,1.0,2.0,1,1,1,2,145.0,1,3269823,5297923,16094896010,610,30813294010,55468,POINT (-757516.48 -1043981.91),True,2024-01-01 00:00:34,20231231_OB_539309_UKSH.xml.zip,2024-01-01 00:00:34,2026-02-01 00:00:48,change
SO.78177812,78177812,1,7,2026-01-08,2014-12-31,1,1.0,2.0,1,1,1,2,145.0,11,4852736,7496056,16094896010,610,30813294010,55468,POINT (-757516.48 -1043981.91),True,2026-02-01 00:00:48,20260131_OB_539309_UKSH.xml.zip,2026-02-01 00:00:48,,
SO.78282462,78282462,1,7,2014-08-05,,1,1.0,2.0,1,1,1,2,196.0,1,602497,652604,,678,32919285010,55468,POINT (-757278.22 -1043934.12),False,2015-09-01 00:22:16,20150831_OB_539309_UKSH.xml.gz,2015-09-01 00:22:16,2017-06-01 00:31:56,change
SO.78282462,78282462,1,7,2017-05-05,,1,1.0,2.0,1,1,1,2,196.0,1,1361971,1839400,16183006010,678,32919285010,55468,POINT (-757278.4 -1043934.16),True,2017-06-01 00:31:56,20170531_OB_539309_UKSH.xml.gz,2017-06-01 00:31:56,2020-01-01 00:10:25,change
SO.78282462,78282462,1,7,2019-12-05,2019-12-05,1,1.0,2.0,1,3,1,2,196.0,1,2152868,3152400,16183006010,678,32919285010,55468,POINT (-757278.4 -1043934.16),True,2020-01-01 00:10:25,20191231_OB_539309_UKSH.xml.zip,2020-01-01 00:10:25,2026-02-01 00:00:48,change
SO.78282462,78282462,1,7,2026-01-08,2019-12-05,1,1.0,2.0,1,3,1,2,196.0,15,4852736,7496056,16183006010,678,32919285010,55468,POINT (-757278.4 -1043934.16),True,2026-02-01 00:00:48,20260131_OB_539309_UKSH.xml.zip,2026-02-01 00:00:48,,
SO.78282799,78282799,1,7,2014-08-05,,1,1.0,1.0,1,1,1,2,95.0,1,602517,923754,22378507010,679,41108965010,55468,POINT (-757284.81 -1044253.63),True,2015-09-01 00:22:16,20150831_OB_539309_UKSH.xml.gz,2015-09-01 00:22:16,2024-01-01 00:00:34,change
SO.78282799,78282799,1,7,2023-12-23,2014-12-31,1,1.0,1.0,1,1,1,2,95.0,1,3269823,5297923,22378507010,679,41108965010,55468,POINT (-757284.81 -1044253.63),True,2024-01-01 00:00:34,20231231_OB_539309_UKSH.xml.zip,2024-01-01 00:00:34,,
SO.78314925,78314925,1,7,2014-11-19,2014-05-02,1,1.0,2.0,1,1,1,2,134.0,1,646745,734166,914075210,245,2399342210,55468,POINT (-757613 -1044015.48),True,2015-09-01 00:22:16,20150831_OB_539309_UKSH.xml.gz,2015-09-01 00:22:16,2026-02-01 00:00:48,change
SO.78314925,78314925,1,7,2026-01-08,2014-05-02,1,1.0,2.0,1,1,1,2,134.0,11,4852736,7496056,914075210,245,2399342210,55468,POINT (-757613 -1044015.48),True,2026-02-01 00:00:48,20260131_OB_539309_UKSH.xml.zip,2026-02-01 00:00:48,,
SO.78365261,78365261,1,7,2014-09-03,,1,1.0,2.0,1,1,1,2,63.0,1,608459,670702,16100018010,592,26506680010,55468,POINT (-757466.07 -1044039.85),True,2015-09-01 00:22:16,20150831_OB_539309_UKSH.xml.gz,2015-09-01 00:22:16,2024-01-01 00:00:34,change
SO.78365261,78365261,1,7,2023-12-23,2014-12-31,1,1.0,2.0,1,1,1,2,63.0,1,3269823,5297923,16100018010,592,26506680010,55468,POINT (-757466.07 -1044039.85),True,2024-01-01 00:00:34,20231231_OB_539309_UKSH.xml.zip,2024-01-01 00:00:34,2026-02-01 00:00:48,change
SO.78365261,78365261,1,7,2026-01-08,2014-12-31,1,1.0,2.0,1,1,1,2,63.0,11,4852736,7496056,16100018010,592,26506680010,55468,POINT (-757466.07 -1044039.85),True,2026-02-01 00:00:48,20260131_OB_539309_UKSH.xml.zip,2026-02-01 00:00:48,,
SO.78371236,78371236,1,7,2014-09-03,2014-08-25,1,2.0,2.0,1,1,1,2,209.0,1,608816,675647,16472732010,700,35580644010,55468,POINT (-757712.94 -1043979.27),True,2015-09-01 00:22:16,20150831_OB_539309_UKSH.xml.gz,2015-09-01 00:22:16,2026-02-01 00:00:48,change
SO.78371236,78371236,1,7,2026-01-08,2014-08-25,1,2.0,2.0,1,1,1,2,209.0,15,4852736,7496056,16472732010,700,35580644010,55468,POINT (-757712.94 -1043979.27),True,2026-02-01 00:00:48,20260131_OB_539309_UKSH.xml.zip,2026-02-01 00:00:48,,
SO.78429897,78429897,1,7,2014-09-22,2014-09-01,1,1.0,2.0,1,1,1,2,110.0,1,613193,682925,15959023010,673,31038362010,55468,POINT (-757823.27 -1044071.3),True,2015-09-01 00:22:16,20150831_OB_539309_UKSH.xml.gz,2015-09-01 00:22:16,2026-02-01 00:00:48,change
SO.78429897,78429897,1,7,2026-01-08,2014-09-01,1,1.0,2.0,1,1,1,2,110.0,11,4852736,7496056,15959023010,673,31038362010,55468,POINT (-757823.27 -1044071.3),True,2026-02-01 00:00:48,20260131_OB_539309_UKSH.xml.zip,2026-02-01 00:00:48,,
SO.78466296,78466296,1,7,2014-10-02,2012-10-01,1,2.0,3.0,1,1,1,2,268.0,1,615822,687082,15606943010,576,20484280010,55468,POINT (-757529.28 -1044408.26),True,2015-09-01 00:22:16,20150831_OB_539309_UKSH.xml.gz,2015-09-01 00:22:16,,
SO.78475724,78475724,1,7,2014-10-13,,1,1.0,2.0,1,1,1,2,62.0,1,616402,729548,16100016010,593,26506679010,55468,POINT (-757473.35 -1044041.4),True,2015-09-01 00:22:16,20150831_OB_539309_UKSH.xml.gz,2015-09-01 00:22:16,2024-01-01 00:00:34,change
SO.78475724,78475724,1,7,2023-12-23,2014-12-31,1,1.0,2.0,1,1,1,2,62.0,1,3269823,5297923,16100016010,593,26506679010,55468,POINT (-757473.35 -1044041.4),True,2024-01-01 00:00:34,20231231_OB_539309_UKSH.xml.zip,2024-01-01 00:00:34,,
SO.78541999,78541999,1,7,2014-10-08,2014-10-01,1,2.0,1.0,1,1,1,2,170.0,1,622735,735522,21520105010,682,44057783010,55468,POINT (-757991.09 -1044077.47),True,2015-09-01 00:22:16,20150831_OB_539309_UKSH.xml.gz,2015-09-01 00:22:16,2026-02-01 00:00:48,change
SO.78541999,78541999,1,7,2026-01-08,2014-10-01,1,2.0,1.0,1,1,1,2,170.0,11,4852736,7496056,21520105010,682,44057783010,55468,POINT (-757991.09 -1044077.47),True,2026-02-01 00:00:48,20260131_OB_539309_UKSH.xml.zip,2026-02-01 00:00:48,,
SO.78692181,78692181,1,7,2014-10-13,,1,1.0,2.0,1,1,1,2,77.0,1,637190,703490,,681,36085526010,55468,POINT (-757531.97 -1044115.55),False,2015-09-01 00:22:16,20150831_OB_539309_UKSH.xml.gz,2015-09-01 00:22:16,2017-06-01 00:31:56,change
SO.78692181,78692181,1,7,2017-05-05,,1,1.0,2.0,1,1,1,2,77.0,1,1361981,1839411,16536740010,681,36085526010,55468,POINT (-757531.81 -1044115.15),True,2017-06-01 00:31:56,20170531_OB_539309_UKSH.xml.gz,2017-06-01 00:31:56,2024-01-01 00:00:34,change
SO.78692181,78692181,1,7,2023-12-23,2014-12-31,1,1.0,2.0,1,1,1,2,77.0,1,3269823,5297923,16536740010,681,36085526010,55468,POINT (-757531.81 -1044115.15),True,2024-01-01 00:00:34,20231231_OB_539309_UKSH.xml.zip,2024-01-01 00:00:34,,
SO.78692601,78692601,1,7,2014-10-13,,1,1.0,2.0,1,1,1,2,58.0,1,637229,751549,21620067010,680,43913723010,55468,POINT (-757832.63 -1044202.56),True,2015-09-01 00:22:16,20150831_OB_539309_UKSH.xml.gz,2015-09-01 00:22:16,2018-03-01 00:24:20,change
SO.78692601,78692601,1,7,2014-10-13,,1,1.0,2.0,1,1,1,2,58.0,1,637229,751549,21620067010,680,43913723010,55468,POINT (-757832.63 -1044202.56),True,2018-03-01 00:24:20,20180228_OB_539309_UKSH.xml.gz,2018-03-01 00:24:20,2024-01-01 00:00:34,change
SO.78692601,78692601,1,7,2023-12-23,2014-12-31,1,1.0,2.0,1,1,1,2,58.0,1,3269823,5297923,21620067010,680,43913723010,55468,POINT (-757832.63 -1044202.56),True,2024-01-01 00:00:34,20231231_OB_539309_UKSH.xml.zip,2024-01-01 00:00:34,,
SO.78783399,78783399,1,7,2014-11-06,2014-11-03,1,2.0,1.0,1,1,1,2,112.0,1,644229,786328,21783302010,684,43044059010,55468,POINT (-757938.85 -1044129.39),True,2015-09-01 00:22:16,20150831_OB_539309_UKSH.xml.gz,2015-09-01 00:22:16,2021-11-01 06:49:24,change
SO.78783399,78783399,1,7,2021-10-14,2014-11-03,1,1.0,1.0,1,1,1,2,112.0,1,2601313,4034270,21783302010,684,43044060010,55468,POINT (-757930.57 -1044131.75),True,2021-11-01 06:49:24,20211031_OB_539309_UKSH.xml.zip,2021-11-01 06:49:24,2026-02-01 00:00:48,change
SO.78783399,78783399,1,7,2026-01-08,2014-11-03,1,1.0,1.0,1,1,1,2,112.0,11,4852736,7496056,21783302010,684,43044060010,55468,POINT (-757930.57 -1044131.75),True,2026-02-01 00:00:48,20260131_OB_539309_UKSH.xml.zip,2026-02-01 00:00:48,,
SO.78857236,78857236,1,7,2014-11-27,2014-11-20,1,1.0,2.0,1,1,1,2,134.0,1,649413,744251,21577034010,685,45376088010,55468,POINT (-757688.66 -1044111.59),True,2015-09-01 00:22:16,20150831_OB_539309_UKSH.xml.gz,2015-09-01 00:22:16,2026-02-01 00:00:48,change
SO.78857236,78857236,1,7,2026-01-08,2014-11-20,1,1.0,2.0,1,1,1,2,134.0,11,4852736,7496056,21577034010,685,45376088010,55468,POINT (-757688.66 -1044111.59),True,2026-02-01 00:00:48,20260131_OB_539309_UKSH.xml.zip,2026-02-01 00:00:48,,
SO.78969697,78969697,1,7,2015-01-05,2014-12-16,1,2.0,1.0,1,1,1,2,218.0,1,656967,785410,21781310010,686,46783930010,55468,POINT (-757745.63 -1044427.1),True,2015-09-01 00:22:16,20150831_OB_539309_UKSH.xml.gz,2015-09-01 00:22:16,,
SO.79017665,79017665,1,7,2015-01-15,,1,1.0,2.0,1,1,1,2,95.0,1,660394,788758,21803254010,687,43866620010,55468,POINT (-757591.56 -1044000.33),True,2015-09-01 00:22:16,20150831_OB_539309_UKSH.xml.gz,2015-09-01 00:22:16,2019-01-01 00:09:44,change
SO.79017665,79017665,1,7,2018-12-13,2018-12-11,1,1.0,2.0,1,1,1,2,95.0,1,1915029,2683325,21803254010,687,43866620010,55468,POINT (-757591.56 -1044000.33),True,2019-01-01 00:09:44,20181231_OB_539309_UKSH.xml.zip,2019-01-01 00:09:44,2026-02-01 00:00:48,change
SO.79017665,79017665,1,7,2026-01-08,2018-12-11,1,1.0,2.0,1,1,1,2,95.0,15,4852736,7496056,21803254010,687,43866620010,55468,POINT (-757591.56 -1044000.33),True,2026-02-01 00:00:48,20260131_OB_539309_UKSH.xml.zip,2026-02-01 00:00:48,,
SO.79056091,79056091,2,7,2015-01-26,2015-01-05,1,1.0,2.0,1,1,1,2,122.0,1,665990,782929,,699,41671345010,55468,POINT (-757583.31 -1044348.58),False,2015-09-01 00:22:16,20150831_OB_539309_UKSH.xml.gz,2015-09-01 00:22:16,2016-06-01 00:48:14,change
SO.79056091,79056091,1,7,2016-05-12,2015-01-05,1,1.0,2.0,1,1,1,2,122.0,1,929069,1246791,22108512010,699,41671345010,55468,POINT (-757583.31 -1044348.58),True,2016-06-01 00:48:14,20160531_OB_539309_UKSH.xml.gz,2016-06-01 00:48:14,,
SO.79321658,79321658,1,7,2015-02-09,2015-01-26,1,1.0,2.0,1,1,1,2,70.0,1,693627,813411,21836361010,688,46756404010,55468,POINT (-757240.77 -1044427.9),True,2015-09-01 00:22:16,20150831_OB_539309_UKSH.xml.gz,2015-09-01 00:22:16,,
SO.79321739,79321739,1,7,2015-02-09,2015-01-26,1,1.0,2.0,1,1,1,2,70.0,1,693645,813411,21836360010,689,46756403010,55468,POINT (-757248.21 -1044426.99),True,2015-09-01 00:22:16,20150831_OB_539309_UKSH.xml.gz,2015-09-01 00:22:16,,
SO.79322492,79322492,1,7,2015-02-09,2015-01-26,1,1.0,2.0,1,1,1,2,70.0,1,693665,813411,21836357010,690,46756402010,55468,POINT (-757262.12 -1044424.87),True,2015-09-01 00:22:16,20150831_OB_539309_UKSH.xml.gz,2015-09-01 00:22:16,,
SO.79322913,79322913,1,7,2015-02-09,2015-01-26,1,1.0,2.0,1,1,1,2,70.0,1,693716,813411,21836356010,691,46756401010,55468,POINT (-757268.1 -1044423.91),True,2015-09-01 00:22:16,20150831_OB_539309_UKSH.xml.gz,2015-09-01 00:22:16,,
SO.79323189,79323189,1,7,2015-02-09,2015-01-26,1,1.0,2.0,1,1,1,2,70.0,1,693748,813411,21836353010,692,46756400010,55468,POINT (-757047.4 -1044166.95),True,2015-09-01 00:22:16,20150831_OB_539309_UKSH.xml.gz,2015-09-01 00:22:16,,
SO.79323821,79323821,1,7,2015-02-09,2015-01-26,1,1.0,2.0,1,1,1,2,70.0,1,693773,813411,21836352010,693,46756399010,55468,POINT (-757054.07 -1044166.95),True,2015-09-01 00:22:16,20150831_OB_539309_UKSH.xml.gz,2015-09-01 00:22:16,,
SO.79323898,79323898,1,7,2015-02-09,2015-01-26,1,1.0,2.0,1,1,1,2,70.0,1,693782,813411,21836340010,694,46756398010,55468,POINT (-757070.3 -1044173.95),True,2015-09-01 00:22:16,20150831_OB_539309_UKSH.xml.gz,2015-09-01 00:22:16,,
SO.79324045,79324045,1,7,2015-02-09,2015-01-26,1,1.0,2.0,1,1,1,2,70.0,1,693796,813411,21836339010,695,46756397010,55468,POINT (-757077.05 -1044174.28),True,2015-09-01 00:22:16,20150831_OB_539309_UKSH.xml.gz,2015-09-01 00:22:16,,
SO.79433154,79433154,1,7,2015-03-04,2015-02-19,1,1.0,2.0,1,1,1,2,87.0,1,701959,835064,492311210,696,1600051210,55468,POINT (-756962.79 -1044168.62),True,2015-09-01 00:22:16,20150831_OB_539309_UKSH.xml.gz,2015-09-01 00:22:16,,
SO.79452361,79452361,1,7,2015-03-10,2015-03-03,1,1.0,2.0,1,1,1,2,136.0,1,703413,841896,16176983010,697,32867125010,55468,POINT (-757393.93 -1043750.86),True,2015-09-01 00:22:16,20150831_OB_539309_UKSH.xml.gz,2015-09-01 00:22:16,2026-02-01 00:00:48,change
SO.79452361,79452361,1,7,2026-01-08,2015-03-03,1,1.0,2.0,1,1,1,2,136.0,11,4852736,7496056,16176983010,697,32867125010,55468,POINT (-757393.93 -1043750.86),True,2026-02-01 00:00:48,20260131_OB_539309_UKSH.xml.zip,2026-02-01 00:00:48,,
SO.79563961,79563961,1,7,2015-04-07,2015-02-19,1,1.0,2.0,1,1,1,2,216.0,1,712234,854224,925586210,683,2423919210,55468,POINT (-757769.79 -1043681.9),True,2015-09-01 00:22:16,20150831_OB_539309_UKSH.xml.gz,2015-09-01 00:22:16,,
SO.79611214,79611214,1,7,2015-04-17,,1,1.0,2.0,1,1,1,2,236.0,1,715703,861469,,702,44696239010,55468,POINT (-757505.71 -1043720.99),False,2015-09-01 00:22:16,20150831_OB_539309_UKSH.xml.gz,2015-09-01 00:22:16,2015-12-01 00:47:52,change
SO.79611214,79611214,1,7,2015-04-17,,1,1.0,2.0,1,1,1,2,236.0,1,715703,1012687,22942174010,702,44696239010,55468,POINT (-757505.71 -1043720.99),True,2015-12-01 00:47:52,20151130_OB_539309_UKSH.xml.gz,2015-12-01 00:47:52,2024-01-01 00:00:34,change
SO.79611214,79611214,1,7,2023-12-23,2015-12-31,1,1.0,2.0,1,1,1,2,236.0,1,3269823,5297923,22942174010,702,44696239010,55468,POINT (-757505.71 -1043720.99),True,2024-01-01 00:00:34,20231231_OB_539309_UKSH.xml.zip,2024-01-01 00:00:34,,
SO.79966292,79966292,1,7,2015-07-10,,1,1.0,2.0,1,1,1,2,180.0,1,742384,923030,16263008010,701,33631037010,55468,POINT (-757587.75 -1044049.01),True,2015-09-01 00:22:16,20150831_OB_539309_UKSH.xml.gz,2015-09-01 00:22:16,2018-04-01 00:06:07,change
SO.79966292,79966292,1,7,2018-03-22,2018-03-22,1,1.0,2.0,1,1,1,2,180.0,1,1726910,2361316,16263008010,701,33631037010,55468,POINT (-757587.75 -1044049.01),True,2018-04-01 00:06:07,20180331_OB_539309_UKSH.xml.gz,2018-04-01 00:06:07,2026-02-01 00:00:48,change
SO.79966292,79966292,1,7,2026-01-08,2018-03-22,1,1.0,2.0,1,1,1,2,180.0,11,4852736,7496056,16263008010,701,33631037010,55468,POINT (-757587.75 -1044049.01),True,2026-02-01 00:00:48,20260131_OB_539309_UKSH.xml.zip,2026-02-01 00:00:48,,
SO.80027717,80027717,1,7,2015-07-27,2015-06-30,1,2.0,2.0,1,1,1,2,72.0,1,746690,928578,,601,49874387010,55468,POINT (-757542.14 -1044026.66),False,2015-09-01 00:22:16,20150831_OB_539309_UKSH.xml.gz,2015-09-01 00:22:16,2015-10-01 00:56:01,change
SO.80027717,80027717,1,7,2015-07-27,2015-06-30,1,2.0,2.0,1,1,1,2,72.0,1,746690,961793,22614205010,601,49874387010,55468,POINT (-757542.14 -1044026.66),True,2015-10-01 00:56:01,20150930_OB_539309_UKSH.xml.gz,2015-10-01 00:56:01,2018-11-01 00:14:44,change
SO.80027717,80027717,1,7,2018-10-12,2015-06-30,1,1.0,2.0,1,1,1,2,72.0,1,1863315,2586963,22614205010,601,49874387010,55468,POINT (-757542.14 -1044026.66),True,2018-11-01 00:14:44,20181031_OB_539309_UKSH.xml.gz,2018-11-01 00:14:44,,
SO.80187994,80187994,1,6,2015-09-07,2015-08-21,1,2.0,1.0,1,1,1,2,200.0,1,757997,954409,,703,47779323010,55468,POINT (-757970.39 -1044183.49),False,2015-10-01 00:56:01,20150930_OB_539309_UKSH.xml.gz,2015-10-01 00:56:01,2016-01-01 00:00:01,change
SO.80187994,80187994,1,6,2015-12-31,2015-08-21,1,2.0,1.0,1,1,1,2,200.0,1,810609,1060061,23098273010,703,47779323010,55468,POINT (-757970.39 -1044183.49),True,2016-01-01 00:00:01,20151231_OB_539309_UKSH.xml.gz,2016-01-01 00:00:01,2024-05-01 00:03:20,change
SO.80187994,80187994,1,7,2024-04-10,2015-08-21,1,2.0,1.0,1,1,1,2,200.0,1,3355231,5466386,23098273010,703,47779323010,55468,POINT (-757970.39 -1044183.49),True,2024-05-01 00:03:20,20240430_OB_539309_UKSH.xml.zip,2024-05-01 00:03:20,,
SO.80369995,80369995,1,7,2015-10-16,,1,1.0,2.0,1,1,1,2,250.0,1,770537,983035,,704,50832166010,55468,POINT (-757278.88 -1043992.32),False,2015-11-01 00:06:29,20151031_OB_539309_UKSH.xml.gz,2015-11-01 00:06:29,2016-05-01 00:06:54,change
SO.80369995,80369995,1,7,2016-04-13,,1,1.0,2.0,1,1,1,2,250.0,1,912781,1213176,23515074010,704,50832166010,55468,POINT (-757278.88 -1043992.29),True,2016-05-01 00:06:54,20160430_OB_539309_UKSH.xml.gz,2016-05-01 00:06:54,2024-01-01 00:00:34,change
SO.80369995,80369995,1,7,2023-12-23,2015-12-31,1,1.0,2.0,1,1,1,2,250.0,1,3269823,5297923,23515074010,704,50832166010,55468,POINT (-757278.88 -1043992.29),True,2024-01-01 00:00:34,20231231_OB_539309_UKSH.xml.zip,2024-01-01 00:00:34,2026-02-01 00:00:48,change
SO.80369995,80369995,1,7,2026-01-08,2015-12-31,1,1.0,2.0,1,1,1,2,250.0,11,4852736,7496056,23515074010,704,50832166010,55468,POINT (-757278.88 -1043992.29),True,2026-02-01 00:00:48,20260131_OB_539309_UKSH.xml.zip,2026-02-01 00:00:48,,
SO.80430902,80430902,1,7,2015-10-29,2015-08-31,1,1.0,2.0,1,1,1,2,185.0,1,774160,995901,,705,45917594010,55468,POINT (-757692.66 -1043933.84),False,2015-11-01 00:06:29,20151031_OB_539309_UKSH.xml.gz,2015-11-01 00:06:29,2015-12-01 00:47:52,change
SO.80430902,80430902,1,7,2015-10-29,2015-08-31,1,1.0,2.0,1,1,1,2,185.0,1,774160,997887,22829253010,705,45917594010,55468,POINT (-757692.66 -1043933.84),True,2015-12-01 00:47:52,20151130_OB_539309_UKSH.xml.gz,2015-12-01 00:47:52,,
SO.80493629,80493629,1,7,2015-11-11,2015-10-26,1,2.0,2.0,1,1,1,2,108.0,1,778211,1005693,,707,49465523010,55468,POINT (-758030.18 -1044067.6),False,2015-12-01 00:47:52,20151130_OB_539309_UKSH.xml.gz,2015-12-01 00:47:52,2016-01-01 00:00:01,change
SO.80493629,80493629,1,7,2015-11-11,2015-10-26,1,2.0,2.0,1,1,1,2,108.0,1,778211,1023219,22671234010,707,49465523010,55468,POINT (-758030.18 -1044067.6),True,2016-01-01 00:00:01,20151231_OB_539309_UKSH.xml.gz,2016-01-01 00:00:01,2026-02-01 00:00:48,change
SO.80493629,80493629,1,7,2026-01-08,2015-10-26,1,2.0,2.0,1,1,1,2,108.0,15,4852736,7496056,22671234010,707,49465523010,55468,POINT (-758030.18 -1044067.6),True,2026-02-01 00:00:48,20260131_OB_539309_UKSH.xml.zip,2026-02-01 00:00:48,,
SO.80502181,80502181,1,7,2015-11-13,,1,1.0,2.0,1,1,1,2,81.0,1,778818,1017275,16100017010,594,26506678010,55468,POINT (-757481.73 -1044042.15),True,2015-12-01 00:47:52,20151130_OB_539309_UKSH.xml.gz,2015-12-01 00:47:52,2024-01-01 00:00:34,change
SO.80502181,80502181,1,7,2023-12-23,2015-12-31,1,1.0,2.0,1,1,1,2,81.0,1,3269823,5297923,16100017010,594,26506678010,55468,POINT (-757481.73 -1044042.15),True,2024-01-01 00:00:34,20231231_OB_539309_UKSH.xml.zip,2024-01-01 00:00:34,,
SO.80502237,80502237,1,7,2015-11-13,,1,1.0,2.0,1,1,1,2,131.0,1,778828,1007269,,706,49855490010,55468,POINT (-757874.43 -1043923.86),False,2015-12-01 00:47:52,20151130_OB_539309_UKSH.xml.gz,2015-12-01 00:47:52,2016-03-01 00:00:01,change
SO.80502237,80502237,1,7,2016-02-16,,1,1.0,2.0,1,1,1,2,131.0,1,850078,1123045,23284890010,706,49855490010,55468,POINT (-757874.43 -1043923.86),True,2016-03-01 00:00:01,20160229_OB_539309_UKSH.xml.gz,2016-03-01 00:00:01,2022-01-01 00:03:43,change
SO.80502237,80502237,1,7,2021-12-13,2021-07-30,1,1.0,2.0,1,3,1,2,66.0,1,2656730,4131273,23284890010,706,85179253010,55468,POINT (-757870.3 -1043924.18),True,2022-01-01 00:03:43,20211231_OB_539309_UKSH.xml.zip,2022-01-01 00:03:43,2022-02-01 00:11:47,change
SO.80502237,80502237,1,7,2021-12-13,2021-07-30,1,1.0,2.0,1,3,1,2,66.0,1,2656730,4177629,23284890010,706,85179253010,55468,POINT (-757870.3 -1043924.18),True,2022-02-01 00:11:47,20220131_OB_539309_UKSH.xml.zip,2022-02-01 00:11:47,,
SO.80525296,80525296,1,7,2015-11-26,,1,1.0,2.0,1,1,1,2,161.0,1,780172,1015358,,708,29466196010,55468,POINT (-757773.68 -1044121.11),False,2015-12-01 00:47:52,20151130_OB_539309_UKSH.xml.gz,2015-12-01 00:47:52,2017-06-01 00:31:56,change
SO.80525296,80525296,1,7,2017-05-31,,1,1.0,2.0,1,1,1,2,161.0,1,1387165,1875324,15797070010,708,29466196010,55468,POINT (-757773.78 -1044120.66),True,2017-06-01 00:31:56,20170531_OB_539309_UKSH.xml.gz,2017-06-01 00:31:56,2021-12-01 00:22:04,change
SO.80525296,80525296,1,7,2021-11-01,2021-10-07,1,1.0,2.0,1,1,1,2,161.0,1,2614563,4058307,15797070010,708,29466196010,55468,POINT (-757773.78 -1044120.66),True,2021-12-01 00:22:04,20211130_OB_539309_UKSH.xml.zip,2021-12-01 00:22:04,2026-02-01 00:00:48,change
SO.80525296,80525296,1,7,2026-01-08,2021-10-07,1,1.0,2.0,1,1,1,2,161.0,11,4852736,7496056,15797070010,708,29466196010,55468,POINT (-757773.78 -1044120.66),True,2026-02-01 00:00:48,20260131_OB_539309_UKSH.xml.zip,2026-02-01 00:00:48,,
SO.80555977,80555977,1,7,2015-11-26,2015-11-20,1,1.0,2.0,1,1,1,2,148.0,1,782326,1016063,,709,50284557010,55468,POINT (-757684.06 -1044178.79),False,2015-12-01 00:47:52,20151130_OB_539309_UKSH.xml.gz,2015-12-01 00:47:52,2016-01-01 00:00:01,change
SO.80555977,80555977,1,7,2015-11-26,2015-11-20,1,1.0,2.0,1,1,1,2,148.0,1,782326,1023215,23017866010,709,50284557010,55468,POINT (-757684.06 -1044178.79),True,2016-01-01 00:00:01,20151231_OB_539309_UKSH.xml.gz,2016-01-01 00:00:01,,
SO.80921876,80921876,3,18,2016-01-06,,1,,1.0,4,3,2,2,63.0,9,813891,1065474,23081413010,,44696240010,,POINT (-757529.91 -1043734.33),True,2016-02-01 00:00:02,20160131_OB_539309_UKSH.xml.gz,2016-02-01 00:00:02,,
SO.80994997,80994997,3,18,2016-01-13,,1,,1.0,4,3,2,2,45.0,4,819010,1074526,,,53245986010,,POINT (-757039.9 -1044245.6),False,2016-02-01 00:00:02,20160131_OB_539309_UKSH.xml.gz,2016-02-01 00:00:02,2016-04-01 00:31:14,change
SO.80994997,80994997,3,18,2016-03-23,,1,,1.0,4,3,2,2,45.0,4,893080,1184526,23440890010,,53245986010,,POINT (-757039.9 -1044245.6),True,2016-04-01 00:31:14,20160331_OB_539309_UKSH.xml.gz,2016-04-01 00:31:14,,
SO.80995586,80995586,1,7,2016-01-13,,1,1.0,2.0,1,1,1,2,86.0,1,819010,1074526,,698,53245985010,55468,POINT (-757053.46 -1044244.15),False,2016-02-01 00:00:02,20160131_OB_539309_UKSH.xml.gz,2016-02-01 00:00:02,2016-04-01 00:31:14,change
SO.80995586,80995586,1,7,2016-03-23,,1,1.0,2.0,1,1,1,2,86.0,1,893049,1184497,23440889010,698,53245985010,55468,POINT (-757053.46 -1044244.15),True,2016-04-01 00:31:14,20160331_OB_539309_UKSH.xml.gz,2016-04-01 00:31:14,2024-01-01 00:00:34,change
SO.80995586,80995586,1,7,2023-12-23,2016-12-31,1,1.0,2.0,1,1,1,2,86.0,1,3269823,5297923,23440889010,698,53245985010,55468,POINT (-757053.46 -1044244.15),True,2024-01-01 00:00:34,20231231_OB_539309_UKSH.xml.zip,2024-01-01 00:00:34,2026-02-01 00:00:48,change
SO.80995586,80995586,1,7,2026-01-08,2016-12-31,1,1.0,2.0,1,1,1,2,86.0,11,4852736,7496056,23440889010,698,53245985010,55468,POINT (-757053.46 -1044244.15),True,2026-02-01 00:00:48,20260131_OB_539309_UKSH.xml.zip,2026-02-01 00:00:48,,
SO.80996086,80996086,1,7,2016-01-13,,1,1.0,2.0,1,1,1,2,77.0,1,819043,1074586,,710,52182434010,55468,POINT (-757679.49 -1043981.04),False,2016-02-01 00:00:02,20160131_OB_539309_UKSH.xml.gz,2016-02-01 00:00:02,2016-08-01 00:05:29,change
SO.80996086,80996086,1,7,2016-01-13,,1,1.0,2.0,1,1,1,2,77.0,1,819043,1377938,23876210010,710,52182434010,55468,POINT (-757679.49 -1043981.04),True,2016-08-01 00:05:29,20160731_OB_539309_UKSH.xml.gz,2016-08-01 00:05:29,2024-01-01 00:00:34,change
SO.80996086,80996086,1,7,2023-12-23,2016-12-31,1,1.0,2.0,1,1,1,2,77.0,1,3269823,5297923,23876210010,710,52182434010,55468,POINT (-757679.49 -1043981.04),True,2024-01-01 00:00:34,20231231_OB_539309_UKSH.xml.zip,2024-01-01 00:00:34,,
SO.81451971,81451971,1,7,2016-02-17,,1,1.0,2.0,1,1,1,2,62.0,1,850980,1124600,,596,49874386010,55468,POINT (-757509.25 -1044047.84),False,2016-03-01 00:00:01,20160229_OB_539309_UKSH.xml.gz,2016-03-01 00:00:01,2016-09-01 00:14:39,change
SO.81451971,81451971,1,7,2016-08-29,,1,1.0,2.0,1,1,1,2,62.0,1,1062855,1423449,24059363010,596,49874386010,55468,POINT (-757508.9 -1044048.1),True,2016-09-01 00:14:39,20160831_OB_539309_UKSH.xml.gz,2016-09-01 00:14:39,2018-02-01 00:22:45,change
SO.81451971,81451971,1,7,2016-08-29,,1,1.0,2.0,1,1,1,2,62.0,1,1062855,1423449,24059363010,596,49874386010,55468,POINT (-757508.9 -1044048.1),True,2018-02-01 00:22:45,20180131_OB_539309_UKSH.xml.gz,2018-02-01 00:22:45,2019-02-01 00:13:01,change
SO.81451971,81451971,1,7,2019-01-24,2019-01-24,1,1.0,2.0,1,1,1,2,62.0,1,1939165,2730007,24059363010,596,49874386010,55468,POINT (-757508.9 -1044048.1),True,2019-02-01 00:13:01,20190131_OB_539309_UKSH.xml.zip,2019-02-01 00:13:01,,
SO.81452624,81452624,1,7,2016-02-17,2016-02-03,1,2.0,2.0,1,1,1,2,194.0,1,850995,1124666,,713,50400711010,55468,POINT (-757634.5 -1044009.68),False,2016-03-01 00:00:01,20160229_OB_539309_UKSH.xml.gz,2016-03-01 00:00:01,2016-06-01 00:48:14,change
SO.81452624,81452624,1,7,2016-02-17,2016-02-03,1,2.0,2.0,1,1,1,2,194.0,1,850995,1238842,23597026010,713,50400711010,55468,POINT (-757634.5 -1044009.68),True,2016-06-01 00:48:14,20160531_OB_539309_UKSH.xml.gz,2016-06-01 00:48:14,2026-02-01 00:00:48,change
SO.81452624,81452624,1,7,2026-01-08,2016-02-03,1,2.0,2.0,1,1,1,2,194.0,15,4852736,7496056,23597026010,713,50400711010,55468,POINT (-757634.5 -1044009.68),True,2026-02-01 00:00:48,20260131_OB_539309_UKSH.xml.zip,2026-02-01 00:00:48,,
SO.81453906,81453906,1,7,2016-02-17,,1,1.0,2.0,1,1,1,2,148.0,1,851044,1124773,,711,53611950010,55468,POINT (-757283.27 -1044427.4),False,2016-03-01 00:00:01,20160229_OB_539309_UKSH.xml.gz,2016-03-01 00:00:01,2016-04-01 00:31:14,change
SO.81453906,81453906,1,7,2016-03-07,,1,1.0,2.0,1,1,1,2,148.0,1,868236,1150960,23369918010,711,53611950010,55468,POINT (-757283.27 -1044427.4),True,2016-04-01 00:31:14,20160331_OB_539309_UKSH.xml.gz,2016-04-01 00:31:14,2024-01-01 00:00:34,change
SO.81453906,81453906,1,7,2023-12-23,2016-12-31,1,1.0,2.0,1,1,1,2,148.0,1,3269823,5297923,23369918010,711,53611950010,55468,POINT (-757283.27 -1044427.4),True,2024-01-01 00:00:34,20231231_OB_539309_UKSH.xml.zip,2024-01-01 00:00:34,,
SO.81454317,81454317,3,18,2016-02-17,,1,,,9,3,9,2,80.0,9,851044,1124773,,,53611951010,,POINT (-757296.23 -1044416.89),False,2016-03-01 00:00:01,20160229_OB_539309_UKSH.xml.gz,2016-03-01 00:00:01,2016-04-01 00:31:14,change
SO.81454317,81454317,3,18,2016-03-07,,1,,,9,3,9,2,80.0,9,868275,1150999,23369920010,,53611951010,,POINT (-757296.23 -1044416.89),True,2016-04-01 00:31:14,20160331_OB_539309_UKSH.xml.gz,2016-04-01 00:31:14,,
SO.81454805,81454805,1,7,2016-02-17,2016-02-03,1,2.0,2.0,1,1,1,2,117.0,1,851103,1124795,,712,50400709010,55468,POINT (-758014.8 -1044027.19),False,2016-03-01 00:00:01,20160229_OB_539309_UKSH.xml.gz,2016-03-01 00:00:01,2016-04-01 00:31:14,change
SO.81454805,81454805,1,7,2016-03-17,2016-02-03,1,2.0,2.0,1,1,1,2,117.0,1,882460,1170683,22753290010,712,50400709010,55468,POINT (-758014.83 -1044026.73),True,2016-04-01 00:31:14,20160331_OB_539309_UKSH.xml.gz,2016-04-01 00:31:14,2026-02-01 00:00:48,change
SO.81454805,81454805,1,7,2026-01-08,2016-02-03,1,2.0,2.0,1,1,1,2,117.0,15,4852736,7496056,22753290010,712,50400709010,55468,POINT (-758014.83 -1044026.73),True,2026-02-01 00:00:48,20260131_OB_539309_UKSH.xml.zip,2026-02-01 00:00:48,,
SO.81660391,81660391,1,7,2016-03-11,2016-02-25,1,2.0,2.0,1,1,1,2,228.0,1,873976,1159123,23139526010,714,50828335010,55468,POINT (-757952.15 -1044167.73),True,2016-04-01 00:31:14,20160331_OB_539309_UKSH.xml.gz,2016-04-01 00:31:14,2026-02-01 00:00:48,change
SO.81660391,81660391,1,7,2026-01-08,2016-02-25,1,2.0,2.0,1,1,1,2,228.0,11,4852736,7496056,23139526010,714,50828335010,55468,POINT (-757952.15 -1044167.73),True,2026-02-01 00:00:48,20260131_OB_539309_UKSH.xml.zip,2026-02-01 00:00:48,,
SO.81761082,81761082,1,7,2016-03-14,,1,1.0,2.0,1,1,1,2,,1,876613,1162585,16542513010,580,26358014010,55468,POINT (-757452.18 -1043968.87),True,2016-04-01 00:31:14,20160331_OB_539309_UKSH.xml.gz,2016-04-01 00:31:14,2024-01-01 00:00:34,change
SO.81761082,81761082,1,7,2023-12-23,2010-12-31,1,1.0,2.0,1,1,1,2,82.0,1,3269823,5297923,16542513010,580,26358014010,55468,POINT (-757452.18 -1043968.87),True,2024-01-01 00:00:34,20231231_OB_539309_UKSH.xml.zip,2024-01-01 00:00:34,,
SO.81761104,81761104,1,7,2016-03-14,,1,1.0,2.0,1,1,1,2,,1,876704,1162677,910819210,581,26358015010,55468,POINT (-757451.84 -1043981.21),True,2016-04-01 00:31:14,20160331_OB_539309_UKSH.xml.gz,2016-04-01 00:31:14,2024-01-01 00:00:34,change
SO.81761104,81761104,1,7,2023-12-23,2016-12-31,1,1.0,2.0,1,1,1,2,63.0,1,3269823,5297923,910819210,581,26358015010,55468,POINT (-757451.84 -1043981.21),True,2024-01-01 00:00:34,20231231_OB_539309_UKSH.xml.zip,2024-01-01 00:00:34,,
SO.81764651,81764651,1,7,2016-03-14,2007-02-28,1,1.0,,1,1,1,2,,1,876979,1163112,14987273010,424,2296515210,55468,POINT (-757685.54 -1044448.55),True,2016-04-01 00:31:14,20160331_OB_539309_UKSH.xml.gz,2016-04-01 00:31:14,2024-01-01 00:00:34,change
SO.81764651,81764651,1,7,2023-12-23,2007-02-28,1,1.0,2.0,1,1,1,2,45.0,1,3269823,5297923,14987273010,424,2296515210,55468,POINT (-757685.54 -1044448.55),True,2024-01-01 00:00:34,20231231_OB_539309_UKSH.xml.zip,2024-01-01 00:00:34,,
SO.81764693,81764693,1,7,2016-03-14,2007-02-28,1,1.0,,1,1,1,1,,1,876975,1163108,14987274010,427,2296512210,55468,POINT (-757682.53 -1044452.2),True,2016-04-01 00:31:14,20160331_OB_539309_UKSH.xml.gz,2016-04-01 00:31:14,2024-01-01 00:00:34,change
SO.81764693,81764693,1,7,2023-12-23,2007-02-28,1,1.0,2.0,1,1,1,1,72.0,1,3269823,5297923,14987274010,427,2296512210,55468,POINT (-757682.53 -1044452.2),True,2024-01-01 00:00:34,20231231_OB_539309_UKSH.xml.zip,2024-01-01 00:00:34,,
SO.81764715,81764715,1,7,2016-03-14,2007-02-28,1,1.0,,1,1,1,2,,1,877052,1163182,14987272010,435,2296505210,55468,POINT (-757689.22 -1044444.84),True,2016-04-01 00:31:14,20160331_OB_539309_UKSH.xml.gz,2016-04-01 00:31:14,2024-01-01 00:00:34,change
SO.81764715,81764715,1,7,2023-12-23,2007-02-28,1,1.0,2.0,1,1,1,2,71.0,1,3269823,5297923,14987272010,435,2296505210,55468,POINT (-757689.22 -1044444.84),True,2024-01-01 00:00:34,20231231_OB_539309_UKSH.xml.zip,2024-01-01 00:00:34,,
SO.81967802,81967802,3,19,2016-03-31,,1,0.0,1.0,4,3,2,2,48.0,4,902273,1196971,23436297010,,53848004010,,POINT (-757442.46 -1044494.19),True,2016-04-01 00:31:14,20160331_OB_539309_UKSH.xml.gz,2016-04-01 00:31:14,2024-05-01 00:03:20,change
SO.81967802,81967802,3,16,2024-04-10,2015-11-10,7,0.0,1.0,4,3,2,2,11.0,4,3355231,5466386,23436297010,,53848004010,,POINT (-757443.19 -1044492.42),True,2024-05-01 00:03:20,20240430_OB_539309_UKSH.xml.zip,2024-05-01 00:03:20,,
SO.82192821,82192821,3,13,2016-04-13,,,,,,,,,,,913150,1213633,23468040010,,53917046010,,POINT (-756758.85 -1044056.11),True,2016-05-01 00:06:54,20160430_OB_539309_UKSH.xml.gz,2016-05-01 00:06:54,2019-01-01 00:09:44,removed
SO.82389560,82389560,1,7,2016-05-09,,1,2.0,2.0,1,9,1,2,118.0,1,927075,1242079,,715,50498251010,55468,POINT (-757958.06 -1043879.28),False,2016-06-01 00:48:14,20160531_OB_539309_UKSH.xml.gz,2016-06-01 00:48:14,2016-07-01 00:30:11,change
SO.82389560,82389560,1,7,2016-06-21,,1,2.0,2.0,1,9,1,2,118.0,1,999235,1337625,23375177010,715,50498251010,55468,POINT (-757958.21 -1043879.04),True,2016-07-01 00:30:11,20160630_OB_539309_UKSH.xml.gz,2016-07-01 00:30:11,2024-01-01 00:00:34,change
SO.82389560,82389560,1,7,2023-12-23,2016-12-31,1,2.0,2.0,1,9,1,2,118.0,1,3269823,5297923,23375177010,715,50498251010,55468,POINT (-757958.21 -1043879.04),True,2024-01-01 00:00:34,20231231_OB_539309_UKSH.xml.zip,2024-01-01 00:00:34,,
SO.82496285,82496285,1,19,2016-05-25,2016-05-12,7,0.0,2.0,1,1,1,2,278.0,3,937134,1260143,,721,54777361010,55468,POINT (-756169.91 -1043849.62),False,2016-06-01 00:48:14,20160531_OB_539309_UKSH.xml.gz,2016-06-01 00:48:14,2016-07-01 00:30:11,change
SO.82496285,82496285,1,19,2016-05-25,2016-05-12,7,0.0,2.0,1,1,1,2,278.0,3,937134,1335493,23781775010,721,54777361010,55468,POINT (-756169.91 -1043849.62),True,2016-07-01 00:30:11,20160630_OB_539309_UKSH.xml.gz,2016-07-01 00:30:11,,
SO.82901635,82901635,1,7,2016-06-08,,1,1.0,1.0,1,1,1,2,143.0,1,977015,1305436,,729,54949952010,55468,POINT (-756994.72 -1044498.23),False,2016-07-01 00:30:11,20160630_OB_539309_UKSH.xml.gz,2016-07-01 00:30:11,2017-01-01 00:06:32,change
SO.82901635,82901635,1,7,2016-06-08,,1,1.0,1.0,1,1,1,2,143.0,1,977015,1647812,24613046010,729,54949952010,55468,POINT (-756994.72 -1044498.23),True,2017-01-01 00:06:32,20161231_OB_539309_UKSH.xml.gz,2017-01-01 00:06:32,2024-01-01 00:00:34,change
SO.82901635,82901635,1,7,2023-12-23,2016-12-31,1,1.0,1.0,1,1,1,2,143.0,1,3269823,5297923,24613046010,729,54949952010,55468,POINT (-756994.72 -1044498.23),True,2024-01-01 00:00:34,20231231_OB_539309_UKSH.xml.zip,2024-01-01 00:00:34,2026-02-01 00:00:48,change
SO.82901635,82901635,1,7,2026-01-08,2016-12-31,1,1.0,1.0,1,1,1,2,143.0,15,4852736,7496056,24613046010,729,54949952010,55468,POINT (-756994.72 -1044498.23),True,2026-02-01 00:00:48,20260131_OB_539309_UKSH.xml.zip,2026-02-01 00:00:48,,
SO.82901881,82901881,1,7,2016-06-08,2016-05-12,1,2.0,1.0,1,1,1,2,202.0,1,977061,1305463,,719,54453234010,55468,POINT (-757851.75 -1044106.72),False,2016-07-01 00:30:11,20160630_OB_539309_UKSH.xml.gz,2016-07-01 00:30:11,2017-02-01 00:17:13,change
SO.82901881,82901881,1,7,2016-06-08,2016-05-12,1,2.0,1.0,1,1,1,2,202.0,1,977061,1685996,24708671010,719,54453234010,55468,POINT (-757851.75 -1044106.72),True,2017-02-01 00:17:13,20170131_OB_539309_UKSH.xml.gz,2017-02-01 00:17:13,,
SO.83329846,83329846,1,7,2016-06-30,2016-06-08,1,1.0,1.0,1,1,1,2,143.0,1,1019354,1358127,15553372010,718,27547119010,55468,POINT (-758002.05 -1044108.36),True,2016-07-01 00:30:11,20160630_OB_539309_UKSH.xml.gz,2016-07-01 00:30:11,,
SO.83330194,83330194,1,7,2016-06-29,2016-06-22,1,2.0,1.0,1,1,1,2,217.0,1,1017387,1355551,,742,54474181010,55468,POINT (-757444.04 -1043709.97),False,2016-07-01 00:30:11,20160630_OB_539309_UKSH.xml.gz,2016-07-01 00:30:11,2016-09-01 00:14:39,change
SO.83330194,83330194,1,7,2016-06-29,2016-06-22,1,2.0,1.0,1,1,1,2,217.0,1,1017387,1408557,24012558010,742,54474181010,55468,POINT (-757444.04 -1043709.97),True,2016-09-01 00:14:39,20160831_OB_539309_UKSH.xml.gz,2016-09-01 00:14:39,,
SO.83411640,83411640,1,7,2016-07-13,,1,1.0,,1,,1,2,117.0,1,1024659,1378999,23920065010,741,55444708010,55468,POINT (-757015.87 -1044499.78),True,2016-08-01 00:05:29,20160731_OB_539309_UKSH.xml.gz,2016-08-01 00:05:29,2018-05-01 00:12:48,change
SO.83411640,83411640,1,7,2018-04-27,2018-04-27,1,2.0,,1,,1,2,117.0,1,1748292,2397732,23920065010,741,55444708010,55468,POINT (-757015.87 -1044499.78),True,2018-05-01 00:12:48,20180430_OB_539309_UKSH.xml.gz,2018-05-01 00:12:48,2018-10-01 00:09:09,change
SO.83411640,83411640,1,7,2018-09-20,2018-04-27,1,2.0,2.0,1,3,1,2,117.0,1,1850754,2560015,23920065010,741,55444708010,55468,POINT (-757015.87 -1044499.78),True,2018-10-01 00:09:09,20180930_OB_539309_UKSH.xml.gz,2018-10-01 00:09:09,2026-02-01 00:00:48,change
SO.83411640,83411640,1,7,2026-01-08,2018-04-27,1,2.0,2.0,1,3,1,2,117.0,16,4852736,7496056,23920065010,741,55444708010,55468,POINT (-757015.87 -1044499.78),True,2026-02-01 00:00:48,20260131_OB_539309_UKSH.xml.zip,2026-02-01 00:00:48,,
SO.83435654,83435654,1,6,2016-07-14,2016-06-29,1,31.0,4.0,1,1,1,1,636.0,3,1026955,1370098,,723,51535999010,55468,POINT (-757216.71 -1044506.08),False,2016-08-01 00:05:29,20160731_OB_539309_UKSH.xml.gz,2016-08-01 00:05:29,2017-01-01 00:06:32,change
SO.83435654,83435654,1,6,2016-12-29,2016-06-29,1,31.0,4.0,1,1,1,1,636.0,3,1255241,1672136,22984982010,723,51535999010,55468,POINT (-757217.81 -1044506.62),True,2017-01-01 00:06:32,20161231_OB_539309_UKSH.xml.gz,2017-01-01 00:06:32,,
SO.83690182,83690182,1,7,2016-08-15,,1,1.0,2.0,1,1,1,2,,1,1048658,1407572,24018857010,740,55847200010,55468,POINT (-757347.62 -1044336.38),True,2016-09-01 00:14:39,20160831_OB_539309_UKSH.xml.gz,2016-09-01 00:14:39,2024-01-01 00:00:34,change
SO.83690182,83690182,1,7,2023-12-23,2016-12-31,1,1.0,2.0,1,1,1,2,197.0,1,3269823,5297923,24018857010,740,55847200010,55468,POINT (-757347.62 -1044336.38),True,2024-01-01 00:00:34,20231231_OB_539309_UKSH.xml.zip,2024-01-01 00:00:34,,
SO.83721151,83721151,1,7,2016-08-16,,1,,,1,1,1,2,,1,1051651,1408297,24015417010,744,55776594010,55468,POINT (-757400.34 -1044421.85),True,2016-09-01 00:14:39,20160831_OB_539309_UKSH.xml.gz,2016-09-01 00:14:39,2016-11-01 00:31:45,change
SO.83721151,83721151,1,7,2016-08-16,,1,,,1,1,1,2,,1,1051651,1408297,24015417010,744,55776594010,55468,POINT (-757400.34 -1044421.85),True,2016-11-01 00:31:45,20161031_OB_539309_UKSH.xml.gz,2016-11-01 00:31:45,2024-01-01 00:00:34,change
SO.83721151,83721151,1,7,2023-12-23,2016-12-31,1,2.0,,1,1,1,2,148.0,1,3269823,5297923,24015417010,744,55776594010,55468,POINT (-757400.34 -1044421.85),True,2024-01-01 00:00:34,20231231_OB_539309_UKSH.xml.zip,2024-01-01 00:00:34,,
SO.83722289,83722289,1,7,2016-08-16,,1,,,1,1,1,2,,1,1051654,1410579,24031449010,606,55723238010,55468,POINT (-757544 -1044002.76),True,2016-09-01 00:14:39,20160831_OB_539309_UKSH.xml.gz,2016-09-01 00:14:39,2019-05-01 00:13:50,change
SO.83722289,83722289,1,7,2016-08-16,,1,,,1,1,1,2,,1,1051654,1410579,24031449010,606,55723238010,55468,POINT (-757544 -1044002.76),True,2019-05-01 00:13:50,20190430_OB_539309_UKSH.xml.zip,2019-05-01 00:13:50,2024-01-01 00:00:34,change
SO.83722289,83722289,1,7,2023-12-23,2016-12-31,1,1.0,,1,1,1,2,64.0,1,3269823,5297923,24031449010,606,55723238010,55468,POINT (-757544 -1044002.76),True,2024-01-01 00:00:34,20231231_OB_539309_UKSH.xml.zip,2024-01-01 00:00:34,,
SO.84268212,84268212,1,7,2016-10-04,,,,,,,,,,,1101212,1477219,,745,55986359010,55468,POINT (-756860.64 -1044386.9),False,2016-11-01 00:31:45,20161031_OB_539309_UKSH.xml.gz,2016-11-01 00:31:45,2017-04-01 00:21:46,change
SO.84268212,84268212,1,7,2016-10-04,,,,,,,,,,,1101212,1786820,25031606010,745,55986359010,55468,POINT (-756860.64 -1044386.9),True,2017-04-01 00:21:46,20170331_OB_539309_UKSH.xml.gz,2017-04-01 00:21:46,2017-06-01 00:31:56,change
SO.84268212,84268212,1,7,2017-05-17,2016-12-22,1,1.0,2.0,1,3,1,2,88.0,1,1369942,1851597,25031606010,745,55986359010,55468,POINT (-756860.64 -1044386.9),True,2017-06-01 00:31:56,20170531_OB_539309_UKSH.xml.gz,2017-06-01 00:31:56,2026-02-01 00:00:48,change
SO.84268212,84268212,1,7,2026-01-08,2016-12-22,1,1.0,2.0,1,3,1,2,88.0,11,4852736,7496056,25031606010,745,55986359010,55468,POINT (-756860.64 -1044386.9),True,2026-02-01 00:00:48,20260131_OB_539309_UKSH.xml.zip,2026-02-01 00:00:48,,
SO.84302402,84302402,3,19,2016-10-06,,,,,,,,,,,1104199,1482414,24231926010,,2568661210,,POINT (-757014.67 -1043916.05),True,2016-11-01 00:31:45,20161031_OB_539309_UKSH.xml.gz,2016-11-01 00:31:45,,
SO.86911261,86911261,1,7,2016-10-26,2016-10-18,1,2.0,2.0,1,3,1,2,133.0,1,1134906,1520697,,749,56523462010,55468,POINT (-756965.89 -1044468.74),False,2016-11-01 00:31:45,20161031_OB_539309_UKSH.xml.gz,2016-11-01 00:31:45,2017-01-01 00:06:32,change
SO.86911261,86911261,1,7,2016-10-26,2016-10-18,1,2.0,2.0,1,3,1,2,133.0,1,1134906,1636319,24588584010,749,56523462010,55468,POINT (-756965.89 -1044468.74),True,2017-01-01 00:06:32,20161231_OB_539309_UKSH.xml.gz,2017-01-01 00:06:32,2022-12-01 00:05:50,change
SO.86911261,86911261,1,7,2016-10-26,2016-10-18,1,2.0,2.0,1,3,1,2,133.0,1,1134906,1636319,24588584010,749,56523462010,55468,POINT (-756965.89 -1044468.74),True,2022-12-01 00:05:50,20221130_OB_539309_UKSH.xml.zip,2022-12-01 00:05:50,,
SO.86911481,86911481,1,7,2016-10-26,2016-09-26,1,1.0,3.0,1,1,1,2,46.0,1,1136830,1522974,381186210,748,1304388210,55468,POINT (-756762.25 -1044125.4),True,2016-11-01 00:31:45,20161031_OB_539309_UKSH.xml.gz,2016-11-01 00:31:45,,
SO.86912666,86912666,1,7,2016-10-26,2016-06-22,1,1.0,3.0,1,1,1,2,141.0,1,1135050,1524534,24345475010,743,55077085010,55468,POINT (-756995.82 -1044415.88),True,2016-11-01 00:31:45,20161031_OB_539309_UKSH.xml.gz,2016-11-01 00:31:45,,
SO.87069946,87069946,3,19,2016-11-07,,,,,,,,,,,1151326,1541938,24389539010,,56581663010,,POINT (-757171.92 -1044520),True,2016-12-01 01:09:26,20161130_OB_539309_UKSH.xml.gz,2016-12-01 01:09:26,,
SO.87116171,87116171,1,7,2016-11-09,2016-11-02,1,1.0,2.0,1,1,1,2,88.0,1,1153948,1575104,24498467010,722,34800199010,55468,POINT (-756927.27 -1044216.58),True,2016-12-01 01:09:26,20161130_OB_539309_UKSH.xml.gz,2016-12-01 01:09:26,2026-02-01 00:00:48,change
SO.87116171,87116171,1,7,2026-01-08,2016-11-02,1,1.0,2.0,1,1,1,2,88.0,16,4852736,7496056,24498467010,722,34800199010,55468,POINT (-756927.27 -1044216.58),True,2026-02-01 00:00:48,20260131_OB_539309_UKSH.xml.zip,2026-02-01 00:00:48,,
SO.87117240,87117240,1,6,2016-11-09,2016-10-12,1,5.0,2.0,1,1,1,2,295.0,1,1153983,1545936,,731,53308501010,55468,POINT (-757279.26 -1044552.39),False,2016-12-01 01:09:26,20161130_OB_539309_UKSH.xml.gz,2016-12-01 01:09:26,2017-04-01 00:21:46,change
SO.87117240,87117240,1,6,2017-03-06,2016-10-12,1,5.0,2.0,1,1,1,2,295.0,1,1299091,1748713,24358882010,731,53308501010,55468,POINT (-757278.75 -1044550.06),True,2017-04-01 00:21:46,20170331_OB_539309_UKSH.xml.gz,2017-04-01 00:21:46,2017-05-01 00:06:12,change
SO.87117240,87117240,1,6,2017-03-06,2016-10-12,1,5.0,2.0,1,1,1,2,295.0,1,1299091,1748713,24358882010,731,53308501010,55468,POINT (-757278.75 -1044550.06),True,2017-05-01 00:06:12,20170430_OB_539309_UKSH.xml.gz,2017-05-01 00:06:12,2022-12-01 00:05:50,change
SO.87117240,87117240,1,7,2022-11-02,2016-10-12,1,1.0,2.0,1,1,1,2,57.0,1,2657324,4628630,,731,51536001010,55468,POINT (-757264.13 -1044549.22),False,2022-12-01 00:05:50,20221130_OB_539309_UKSH.xml.zip,2022-12-01 00:05:50,2026-02-01 00:00:48,change
SO.87117240,87117240,1,7,2026-01-08,2016-10-12,1,1.0,2.0,1,1,1,2,57.0,16,4852736,7496056,,731,51536001010,55468,POINT (-757264.13 -1044549.22),False,2026-02-01 00:00:48,20260131_OB_539309_UKSH.xml.zip,2026-02-01 00:00:48,,
SO.87117321,87117321,1,6,2016-11-09,2016-10-12,1,4.0,2.0,1,1,1,2,290.0,1,1154065,1546027,,736,53308500010,55468,POINT (-757315.35 -1044550.5),False,2016-12-01 01:09:26,20161130_OB_539309_UKSH.xml.gz,2016-12-01 01:09:26,2017-04-01 00:21:46,change
SO.87117321,87117321,1,6,2017-03-20,2016-10-12,1,4.0,2.0,1,1,1,2,290.0,1,1310275,1765806,24358874010,736,53308500010,55468,POINT (-757315.59 -1044548.04),True,2017-04-01 00:21:46,20170331_OB_539309_UKSH.xml.gz,2017-04-01 00:21:46,2026-02-01 00:00:48,change
SO.87117321,87117321,1,6,2026-01-08,2016-10-12,1,4.0,2.0,1,1,1,2,290.0,16,4852736,7496056,24358874010,736,53308500010,55468,POINT (-757315.59 -1044548.04),True,2026-02-01 00:00:48,20260131_OB_539309_UKSH.xml.zip,2026-02-01 00:00:48,,
SO.87165643,87165643,1,7,2016-11-10,2016-11-03,,,,,,,,,,1158481,1551579,,747,56463147010,55468,POINT (-757388.13 -1044231.65),False,2016-12-01 01:09:26,20161130_OB_539309_UKSH.xml.gz,2016-12-01 01:09:26,2017-01-01 00:06:32,change
SO.87165643,87165643,1,7,2016-12-12,2016-11-03,,,,,,,,,,1228123,1636839,24603516010,747,56463147010,55468,POINT (-757388.53 -1044233.03),True,2017-01-01 00:06:32,20161231_OB_539309_UKSH.xml.gz,2017-01-01 00:06:32,2017-06-01 00:31:56,change
SO.87165643,87165643,1,7,2017-05-17,2016-11-03,1,1.0,2.0,1,3,1,2,98.0,1,1369942,1851597,24603516010,747,56463147010,55468,POINT (-757388.53 -1044233.03),True,2017-06-01 00:31:56,20170531_OB_539309_UKSH.xml.gz,2017-06-01 00:31:56,2026-02-01 00:00:48,change
SO.87165643,87165643,1,7,2026-01-08,2016-11-03,1,1.0,2.0,1,3,1,2,98.0,11,4852736,7496056,24603516010,747,56463147010,55468,POINT (-757388.53 -1044233.03),True,2026-02-01 00:00:48,20260131_OB_539309_UKSH.xml.zip,2026-02-01 00:00:48,,
SO.88086461,88086461,1,6,2016-12-20,2016-11-22,1,31.0,3.0,1,1,1,1,634.0,3,1245886,1658448,,724,51536000010,55468,POINT (-757255.57 -1044504.27),False,2017-01-01 00:06:32,20161231_OB_539309_UKSH.xml.gz,2017-01-01 00:06:32,2017-03-01 00:20:28,change
SO.88086461,88086461,1,6,2017-02-16,2016-11-22,1,31.0,3.0,1,1,1,1,634.0,3,1287087,1729163,23154367010,724,51536000010,55468,POINT (-757255.34 -1044501.99),True,2017-03-01 00:20:28,20170228_OB_539309_UKSH.xml.gz,2017-03-01 00:20:28,,
SO.88091074,88091074,1,7,2016-12-20,2016-12-05,1,1.0,3.0,1,9,1,2,127.0,1,1246259,1658660,,751,58719711010,55468,POINT (-757640.58 -1043923.87),False,2017-01-01 00:06:32,20161231_OB_539309_UKSH.xml.gz,2017-01-01 00:06:32,2017-02-01 00:17:13,change
SO.88091074,88091074,1,7,2016-12-20,2016-12-05,1,1.0,3.0,1,9,1,2,127.0,1,1246259,1680771,24697577010,751,58719711010,55468,POINT (-757640.58 -1043923.87),True,2017-02-01 00:17:13,20170131_OB_539309_UKSH.xml.gz,2017-02-01 00:17:13,2026-02-01 00:00:48,change
SO.88091074,88091074,1,7,2026-01-08,2016-12-05,1,1.0,3.0,1,9,1,2,127.0,11,4852736,7496056,24697577010,751,58719711010,55468,POINT (-757640.58 -1043923.87),True,2026-02-01 00:00:48,20260131_OB_539309_UKSH.xml.zip,2026-02-01 00:00:48,,
SO.88093280,88093280,1,7,2016-12-20,2016-11-29,1,1.0,1.0,1,9,1,2,107.0,1,1246508,1666090,24633796010,752,58218312010,55468,POINT (-756948.9 -1044456.23),True,2017-01-01 00:06:32,20161231_OB_539309_UKSH.xml.gz,2017-01-01 00:06:32,2022-12-01 00:05:50,change
SO.88093280,88093280,1,7,2016-12-20,2016-11-29,1,1.0,1.0,1,9,1,2,107.0,1,1246508,1666090,24633796010,752,58218312010,55468,POINT (-756948.9 -1044456.23),True,2022-12-01 00:05:50,20221130_OB_539309_UKSH.xml.zip,2022-12-01 00:05:50,2026-02-01 00:00:48,change
SO.88093280,88093280,1,7,2026-01-08,2016-11-29,1,1.0,1.0,1,9,1,2,107.0,11,4852736,7496056,24633796010,752,58218312010,55468,POINT (-756948.9 -1044456.23),True,2026-02-01 00:00:48,20260131_OB_539309_UKSH.xml.zip,2026-02-01 00:00:48,,
SO.88515028,88515028,1,7,2017-02-07,,1,3.0,2.0,1,3,1,2,197.0,1,1280522,1738464,24871633010,753,58342156010,55468,POINT (-757194.33 -1044561.16),True,2017-03-01 00:20:28,20170228_OB_539309_UKSH.xml.gz,2017-03-01 00:20:28,2018-07-01 00:10:31,change
SO.88515028,88515028,1,7,2018-06-27,2018-06-27,1,3.0,2.0,1,3,1,2,197.0,1,1790483,2467786,24871633010,753,58342156010,55468,POINT (-757194.33 -1044561.16),True,2018-07-01 00:10:31,20180630_OB_539309_UKSH.xml.gz,2018-07-01 00:10:31,2022-01-01 00:03:43,change
SO.88515028,88515028,1,7,2021-12-30,2018-06-27,1,1.0,2.0,1,3,1,2,65.0,1,2674705,4146051,24871633010,753,82473320010,55468,POINT (-757194.33 -1044561.16),True,2022-01-01 00:03:43,20211231_OB_539309_UKSH.xml.zip,2022-01-01 00:03:43,2022-02-01 00:11:47,change
SO.88515028,88515028,1,7,2021-12-30,2018-06-27,1,1.0,2.0,1,3,1,2,65.0,1,2674705,4154587,,753,82473320010,55468,POINT (-757194.33 -1044561.16),False,2022-02-01 00:11:47,20220131_OB_539309_UKSH.xml.zip,2022-02-01 00:11:47,2022-12-01 00:05:50,change
SO.88515028,88515028,1,7,2022-11-08,2018-06-27,1,1.0,2.0,1,3,1,2,65.0,1,2915318,4639178,24871633010,753,82473320010,55468,POINT (-757195.51 -1044563.3),True,2022-12-01 00:05:50,20221130_OB_539309_UKSH.xml.zip,2022-12-01 00:05:50,2026-02-01 00:00:48,change
SO.88515028,88515028,1,7,2026-01-08,2018-06-27,1,1.0,2.0,1,3,1,2,65.0,16,4852736,7496056,24871633010,753,82473320010,55468,POINT (-757195.51 -1044563.3),True,2026-02-01 00:00:48,20260131_OB_539309_UKSH.xml.zip,2026-02-01 00:00:48,,
SO.88515222,88515222,1,7,2017-02-14,,1,3.0,2.0,1,3,1,2,197.0,1,1285272,1725941,24821583010,756,58342157010,55468,POINT (-757167.72 -1044563.13),True,2017-03-01 00:20:28,20170228_OB_539309_UKSH.xml.gz,2017-03-01 00:20:28,2018-07-01 00:10:31,change
SO.88515222,88515222,1,7,2018-06-27,2018-06-27,1,3.0,2.0,1,3,1,2,197.0,1,1790542,2467791,24821583010,756,58342157010,55468,POINT (-757167.72 -1044563.13),True,2018-07-01 00:10:31,20180630_OB_539309_UKSH.xml.gz,2018-07-01 00:10:31,2022-01-01 00:03:43,change
SO.88515222,88515222,1,7,2021-12-13,2018-06-27,1,1.0,2.0,1,3,1,2,65.0,1,2657065,4131572,24821583010,756,82473323010,55468,POINT (-757168.98 -1044563.55),True,2022-01-01 00:03:43,20211231_OB_539309_UKSH.xml.zip,2022-01-01 00:03:43,2022-02-01 00:11:47,change
SO.88515222,88515222,1,7,2021-12-13,2018-06-27,1,1.0,2.0,1,3,1,2,65.0,1,2657065,4151133,,756,82473323010,55468,POINT (-757168.98 -1044563.55),False,2022-02-01 00:11:47,20220131_OB_539309_UKSH.xml.zip,2022-02-01 00:11:47,2022-12-01 00:05:50,change
SO.88515222,88515222,1,7,2021-12-13,2018-06-27,1,1.0,2.0,1,3,1,2,65.0,1,2657065,4651476,24821583010,756,82473323010,55468,POINT (-757168.98 -1044563.55),True,2022-12-01 00:05:50,20221130_OB_539309_UKSH.xml.zip,2022-12-01 00:05:50,2026-02-01 00:00:48,change
SO.88515222,88515222,1,7,2026-01-08,2018-06-27,1,1.0,2.0,1,3,1,2,65.0,16,4852736,7496056,24821583010,756,82473323010,55468,POINT (-757168.98 -1044563.55),True,2026-02-01 00:00:48,20260131_OB_539309_UKSH.xml.zip,2026-02-01 00:00:48,,
SO.88515281,88515281,1,7,2017-02-07,,1,3.0,2.0,1,3,1,2,197.0,1,1280522,1729519,24844666010,759,58342158010,55468,POINT (-757193.94 -1044589.28),True,2017-03-01 00:20:28,20170228_OB_539309_UKSH.xml.gz,2017-03-01 00:20:28,2018-07-01 00:10:31,change
SO.88515281,88515281,1,7,2018-06-27,2018-06-27,1,3.0,2.0,1,3,1,2,197.0,1,1790545,2467793,24844666010,759,58342158010,55468,POINT (-757193.94 -1044589.28),True,2018-07-01 00:10:31,20180630_OB_539309_UKSH.xml.gz,2018-07-01 00:10:31,2022-01-01 00:03:43,change
SO.88515281,88515281,1,7,2021-12-30,2018-06-27,1,1.0,2.0,1,3,1,2,65.0,1,2674677,4146044,24844666010,759,82473334010,55468,POINT (-757193.94 -1044589.28),True,2022-01-01 00:03:43,20211231_OB_539309_UKSH.xml.zip,2022-01-01 00:03:43,2022-02-01 00:11:47,change
SO.88515281,88515281,1,7,2021-12-30,2018-06-27,1,1.0,2.0,1,3,1,2,65.0,1,2674677,4154588,,759,82473334010,55468,POINT (-757193.94 -1044589.28),False,2022-02-01 00:11:47,20220131_OB_539309_UKSH.xml.zip,2022-02-01 00:11:47,2023-03-01 00:11:14,change
SO.88515281,88515281,1,7,2023-02-27,2018-06-27,1,1.0,2.0,1,3,1,2,65.0,1,3017441,4820097,24844666010,759,82473334010,55468,POINT (-757195.79 -1044591.12),True,2023-03-01 00:11:14,20230228_OB_539309_UKSH.xml.zip,2023-03-01 00:11:14,2026-02-01 00:00:48,change
SO.88515281,88515281,1,7,2026-01-08,2018-06-27,1,1.0,2.0,1,3,1,2,65.0,16,4852736,7496056,24844666010,759,82473334010,55468,POINT (-757195.79 -1044591.12),True,2026-02-01 00:00:48,20260131_OB_539309_UKSH.xml.zip,2026-02-01 00:00:48,,
SO.88515311,88515311,1,7,2017-02-07,,1,3.0,2.0,1,3,1,2,197.0,1,1280522,1732663,24857653010,762,58342159010,55468,POINT (-757165.95 -1044589.8),True,2017-03-01 00:20:28,20170228_OB_539309_UKSH.xml.gz,2017-03-01 00:20:28,2018-07-01 00:10:31,change
SO.88515311,88515311,1,7,2018-06-27,2018-06-27,1,3.0,2.0,1,3,1,2,197.0,1,1790473,2467731,24857653010,762,58342159010,55468,POINT (-757165.95 -1044589.8),True,2018-07-01 00:10:31,20180630_OB_539309_UKSH.xml.gz,2018-07-01 00:10:31,2022-01-01 00:03:43,change
SO.88515311,88515311,1,7,2021-12-30,2018-06-27,1,1.0,2.0,1,3,1,2,65.0,1,2674673,4146018,24857653010,762,82473337010,55468,POINT (-757168.66 -1044591.98),True,2022-01-01 00:03:43,20211231_OB_539309_UKSH.xml.zip,2022-01-01 00:03:43,2022-02-01 00:11:47,change
SO.88515311,88515311,1,7,2021-12-30,2018-06-27,1,1.0,2.0,1,3,1,2,65.0,1,2674673,4154538,,762,82473337010,55468,POINT (-757168.66 -1044591.98),False,2022-02-01 00:11:47,20220131_OB_539309_UKSH.xml.zip,2022-02-01 00:11:47,2024-04-01 00:00:37,change
SO.88515311,88515311,1,7,2021-12-30,2018-06-27,1,1.0,2.0,1,3,1,2,65.0,1,2674673,5415516,24857653010,762,82473337010,55468,POINT (-757168.66 -1044591.98),True,2024-04-01 00:00:37,20240331_OB_539309_UKSH.xml.zip,2024-04-01 00:00:37,2026-02-01 00:00:48,change
SO.88515311,88515311,1,7,2026-01-08,2018-06-27,1,1.0,2.0,1,3,1,2,65.0,16,4852736,7496056,24857653010,762,82473337010,55468,POINT (-757168.66 -1044591.98),True,2026-02-01 00:00:48,20260131_OB_539309_UKSH.xml.zip,2026-02-01 00:00:48,,
SO.88549364,88549364,1,7,2017-02-13,2017-01-23,1,1.0,2.0,1,1,1,2,113.0,1,1283426,1725929,24839618010,720,59786655010,55468,POINT (-757691.35 -1044009.44),True,2017-03-01 00:20:28,20170228_OB_539309_UKSH.xml.gz,2017-03-01 00:20:28,2026-02-01 00:00:48,change
SO.88549364,88549364,1,7,2026-01-08,2017-01-23,1,1.0,2.0,1,1,1,2,113.0,11,4852736,7496056,24839618010,720,59786655010,55468,POINT (-757691.35 -1044009.44),True,2026-02-01 00:00:48,20260131_OB_539309_UKSH.xml.zip,2026-02-01 00:00:48,,
SO.89371011,89371011,1,7,2017-04-25,,1,1.0,1.0,1,1,1,2,137.0,1,1350716,1822943,,767,59975533010,55468,POINT (-757038.61 -1044485.86),False,2017-05-01 00:06:12,20170430_OB_539309_UKSH.xml.gz,2017-05-01 00:06:12,2018-01-01 00:05:34,change
SO.89371011,89371011,1,7,2017-04-25,,1,1.0,1.0,1,1,1,2,137.0,1,1350716,2200161,26221284010,767,59975533010,55468,POINT (-757038.61 -1044485.86),True,2018-01-01 00:05:34,20171231_OB_539309_UKSH.xml.gz,2018-01-01 00:05:34,2022-12-01 00:05:50,change
SO.89371011,89371011,1,7,2017-04-25,,1,1.0,1.0,1,1,1,2,137.0,1,1350716,2200161,26221284010,767,59975533010,55468,POINT (-757038.61 -1044485.86),True,2022-12-01 00:05:50,20221130_OB_539309_UKSH.xml.zip,2022-12-01 00:05:50,2024-01-01 00:00:34,change
SO.89371011,89371011,1,7,2023-12-23,2017-12-31,1,1.0,1.0,1,1,1,2,137.0,1,3269823,5297923,26221284010,767,59975533010,55468,POINT (-757038.61 -1044485.86),True,2024-01-01 00:00:34,20231231_OB_539309_UKSH.xml.zip,2024-01-01 00:00:34,,
SO.89371526,89371526,1,7,2017-04-25,,1,1.0,2.0,1,1,1,2,128.0,1,1350781,1822975,,730,57885808010,55468,POINT (-757350.76 -1044316.94),False,2017-05-01 00:06:12,20170430_OB_539309_UKSH.xml.gz,2017-05-01 00:06:12,2018-02-01 00:22:45,change
SO.89371526,89371526,1,7,2017-04-25,,1,1.0,2.0,1,1,1,2,128.0,1,1350781,2251620,26326272010,730,57885808010,55468,POINT (-757350.76 -1044316.94),True,2018-02-01 00:22:45,20180131_OB_539309_UKSH.xml.gz,2018-02-01 00:22:45,2024-01-01 00:00:34,change
SO.89371526,89371526,1,7,2023-12-23,2017-12-31,1,1.0,2.0,1,1,1,2,128.0,1,3269823,5297923,26326272010,730,57885808010,55468,POINT (-757350.76 -1044316.94),True,2024-01-01 00:00:34,20231231_OB_539309_UKSH.xml.zip,2024-01-01 00:00:34,,
SO.89477332,89477332,1,7,2017-05-31,,1,1.0,2.0,1,3,1,2,94.0,1,1386373,1874321,25182849010,768,60985325010,55468,POINT (-756851.57 -1044371.8),True,2017-06-01 00:31:56,20170531_OB_539309_UKSH.xml.gz,2017-06-01 00:31:56,2018-04-01 00:06:07,change
SO.89477332,89477332,1,7,2018-03-21,2018-03-21,1,1.0,2.0,1,3,1,2,94.0,1,1726341,2360254,25182849010,768,60985325010,55468,POINT (-756851.57 -1044371.8),True,2018-04-01 00:06:07,20180331_OB_539309_UKSH.xml.gz,2018-04-01 00:06:07,,
SO.89804970,89804970,1,7,2017-06-05,,1,2.0,1.0,1,3,1,2,217.0,1,1390069,1879904,24626680010,769,58379985010,55468,POINT (-758022.72 -1043966.23),True,2017-07-01 00:57:46,20170630_OB_539309_UKSH.xml.gz,2017-07-01 00:57:46,2024-01-01 00:00:34,change
SO.89804970,89804970,1,7,2023-12-23,2017-12-31,1,2.0,1.0,1,3,1,2,217.0,1,3269823,5297923,24626680010,769,58379985010,55468,POINT (-758022.72 -1043966.23),True,2024-01-01 00:00:34,20231231_OB_539309_UKSH.xml.zip,2024-01-01 00:00:34,,
SO.90025997,90025997,3,16,2017-06-21,,7,0.0,1.0,4,3,2,2,,4,1408744,1906496,25190625010,,33166775010,,POINT (-757556.63 -1044042.91),True,2017-07-01 00:57:46,20170630_OB_539309_UKSH.xml.gz,2017-07-01 00:57:46,,
SO.90030974,90030974,1,7,2017-06-21,,1,1.0,1.0,1,1,1,2,120.0,1,1408349,1906006,,771,61598115010,55468,POINT (-756896.23 -1044455.47),False,2017-07-01 00:57:46,20170630_OB_539309_UKSH.xml.gz,2017-07-01 00:57:46,2017-08-01 00:09:11,change
SO.90030974,90030974,1,7,2017-06-21,,1,1.0,1.0,1,1,1,2,120.0,1,1408349,1957727,25507940010,771,61598115010,55468,POINT (-756896.23 -1044455.47),True,2017-08-01 00:09:11,20170731_OB_539309_UKSH.xml.gz,2017-08-01 00:09:11,2018-06-01 00:23:16,change
SO.90030974,90030974,1,7,2018-05-02,2018-05-02,1,1.0,1.0,1,1,1,2,120.0,1,1749044,2402340,25507940010,771,61598115010,55468,POINT (-756896.23 -1044455.47),True,2018-06-01 00:23:16,20180531_OB_539309_UKSH.xml.gz,2018-06-01 00:23:16,2026-02-01 00:00:48,change
SO.90030974,90030974,1,7,2026-01-08,2018-05-02,1,1.0,1.0,1,1,1,2,120.0,11,4852736,7496056,25507940010,771,61598115010,55468,POINT (-756896.23 -1044455.47),True,2026-02-01 00:00:48,20260131_OB_539309_UKSH.xml.zip,2026-02-01 00:00:48,,
SO.90051971,90051971,1,7,2017-06-22,,1,1.0,2.0,1,1,1,2,90.0,1,1410209,1917566,25404004010,777,61028217010,55468,POINT (-757978.89 -1043775.84),True,2017-07-01 00:57:46,20170630_OB_539309_UKSH.xml.gz,2017-07-01 00:57:46,2020-04-01 00:13:40,change
SO.90051971,90051971,1,7,2020-03-26,2020-03-18,1,1.0,2.0,1,1,1,2,90.0,1,2231449,3308040,25404004010,777,61028217010,55468,POINT (-757978.23 -1043776.72),True,2020-04-01 00:13:40,20200331_OB_539309_UKSH.xml.zip,2020-04-01 00:13:40,2026-02-01 00:00:48,change
SO.90051971,90051971,1,7,2026-01-08,2020-03-18,1,1.0,2.0,1,1,1,2,90.0,11,4852736,7496056,25404004010,777,61028217010,55468,POINT (-757978.23 -1043776.72),True,2026-02-01 00:00:48,20260131_OB_539309_UKSH.xml.zip,2026-02-01 00:00:48,,
SO.90531523,90531523,1,7,2017-08-02,2017-06-28,1,1.0,2.0,1,3,1,2,174.0,1,1452777,1967262,,224,2290757210,55468,POINT (-757484.56 -1043815.42),False,2017-09-01 00:17:28,20170831_OB_539309_UKSH.xml.gz,2017-09-01 00:17:28,2017-10-01 00:06:28,change
SO.90531523,90531523,1,7,2017-09-05,2017-06-28,1,1.0,2.0,1,3,1,2,174.0,1,1482035,2012806,884128210,224,2290757210,55468,POINT (-757485.59 -1043815.06),True,2017-10-01 00:06:28,20170930_OB_539309_UKSH.xml.gz,2017-10-01 00:06:28,,
SO.90532015,90532015,1,7,2017-08-06,2017-07-14,1,2.0,2.0,1,,1,2,129.0,1,1456040,1973380,24832025010,778,59347026010,55468,POINT (-757704.8 -1044423.73),True,2017-09-01 00:17:28,20170831_OB_539309_UKSH.xml.gz,2017-09-01 00:17:28,2024-01-01 00:00:34,change
SO.90532015,90532015,1,7,2023-12-23,2017-07-14,1,2.0,2.0,1,3,1,2,129.0,1,3269823,5297923,24832025010,778,59347026010,55468,POINT (-757704.8 -1044423.73),True,2024-01-01 00:00:34,20231231_OB_539309_UKSH.xml.zip,2024-01-01 00:00:34,,
SO.90552385,90552385,1,7,2017-08-04,2017-07-20,1,1.0,2.0,1,3,1,2,93.0,1,1454387,1981571,25592245010,779,62802407010,55468,POINT (-757058.05 -1044582.36),True,2017-09-01 00:17:28,20170831_OB_539309_UKSH.xml.gz,2017-09-01 00:17:28,,
SO.90552628,90552628,1,7,2017-08-16,2017-07-20,1,1.0,2.0,1,3,1,2,93.0,1,1463167,1984933,25608960010,780,62802406010,55468,POINT (-757048.23 -1044587.79),True,2017-09-01 00:17:28,20170831_OB_539309_UKSH.xml.gz,2017-09-01 00:17:28,,
SO.90554302,90554302,1,7,2017-08-04,2017-07-20,1,1.0,2.0,1,3,1,2,93.0,1,1454589,1981571,25592249010,781,62802405010,55468,POINT (-757039 -1044592.8),True,2017-09-01 00:17:28,20170831_OB_539309_UKSH.xml.gz,2017-09-01 00:17:28,,
SO.90554736,90554736,1,7,2017-08-04,2017-07-20,1,1.0,2.0,1,3,1,2,93.0,1,1454597,1981571,25592124010,782,62802404010,55468,POINT (-757029.53 -1044595.36),True,2017-09-01 00:17:28,20170831_OB_539309_UKSH.xml.gz,2017-09-01 00:17:28,,
SO.90554817,90554817,1,7,2017-08-16,2017-07-20,1,1.0,2.0,1,3,1,2,118.0,1,1463161,1984909,25608951010,783,62802403010,55468,POINT (-757018.78 -1044596.67),True,2017-09-01 00:17:28,20170831_OB_539309_UKSH.xml.gz,2017-09-01 00:17:28,,
SO.90861752,90861752,1,7,2017-09-04,2017-08-17,1,1.0,2.0,1,1,1,2,115.0,1,1479939,2011729,25696159010,788,63005148010,55468,POINT (-757124.18 -1044553.44),True,2017-10-01 00:06:28,20170930_OB_539309_UKSH.xml.gz,2017-10-01 00:06:28,,
SO.90863453,90863453,1,7,2017-09-04,2017-08-17,1,1.0,2.0,1,1,1,2,102.0,1,1479939,2012226,25696154010,789,63005147010,55468,POINT (-757112.31 -1044556.83),True,2017-10-01 00:06:28,20170930_OB_539309_UKSH.xml.gz,2017-10-01 00:06:28,,
SO.90863763,90863763,1,7,2017-09-04,2017-08-17,1,1.0,2.0,1,1,1,2,102.0,1,1479939,2011723,25696169010,790,63005146010,55468,POINT (-757100.52 -1044560.01),True,2017-10-01 00:06:28,20170930_OB_539309_UKSH.xml.gz,2017-10-01 00:06:28,,
SO.90863810,90863810,1,7,2017-09-04,2017-08-17,1,1.0,2.0,1,1,1,2,103.0,1,1479939,2011291,25696171010,791,63005145010,55468,POINT (-757089.16 -1044563.84),True,2017-10-01 00:06:28,20170930_OB_539309_UKSH.xml.gz,2017-10-01 00:06:28,,
SO.91045894,91045894,1,15,2017-09-20,,1,0.0,4.0,1,1,1,1,2561.0,3,1496094,2033931,,800,63157345010,55468,POINT (-757445.5 -1044363.04),False,2017-10-01 00:06:28,20170930_OB_539309_UKSH.xml.gz,2017-10-01 00:06:28,2017-11-01 00:41:04,change
SO.91045894,91045894,1,15,2017-09-20,,1,0.0,4.0,1,1,1,1,2561.0,3,1496094,2056899,25825144010,800,63157345010,55468,POINT (-757445.5 -1044363.04),True,2017-11-01 00:41:04,20171031_OB_539309_UKSH.xml.gz,2017-11-01 00:41:04,2018-05-01 00:12:48,change
SO.91045894,91045894,1,15,2018-04-30,2018-04-27,11,0.0,4.0,1,1,1,1,2561.0,3,1748521,2401279,25825144010,800,63157345010,55468,POINT (-757445.5 -1044363.04),True,2018-05-01 00:12:48,20180430_OB_539309_UKSH.xml.gz,2018-05-01 00:12:48,,
SO.91046637,91046637,1,7,2017-09-20,2017-08-21,1,1.0,2.0,1,1,1,2,197.0,1,1496156,2034078,,746,56420539010,55468,POINT (-757394.91 -1043730.04),False,2017-10-01 00:06:28,20170930_OB_539309_UKSH.xml.gz,2017-10-01 00:06:28,2018-11-01 00:14:44,change
SO.91046637,91046637,1,7,2017-09-20,2017-08-21,1,1.0,2.0,1,1,1,2,197.0,1,1496156,2614355,28871351010,746,56420539010,55468,POINT (-757394.91 -1043730.04),True,2018-11-01 00:14:44,20181031_OB_539309_UKSH.xml.gz,2018-11-01 00:14:44,,
SO.91047064,91047064,1,7,2017-09-20,,1,1.0,2.0,1,1,1,2,112.0,1,1496203,2034101,,765,62370692010,55468,POINT (-757572.25 -1043993.92),False,2017-10-01 00:06:28,20170930_OB_539309_UKSH.xml.gz,2017-10-01 00:06:28,2019-01-01 00:09:44,change
SO.91047064,91047064,1,7,2017-09-20,,1,1.0,2.0,1,1,1,2,112.0,1,1496203,2681258,29043540010,765,62370692010,55468,POINT (-757572.25 -1043993.92),True,2019-01-01 00:09:44,20181231_OB_539309_UKSH.xml.zip,2019-01-01 00:09:44,2024-01-01 00:00:34,change
SO.91047064,91047064,1,7,2023-12-23,2017-12-31,1,1.0,2.0,1,1,1,2,112.0,1,3269823,5297923,29043540010,765,62370692010,55468,POINT (-757572.25 -1043993.92),True,2024-01-01 00:00:34,20231231_OB_539309_UKSH.xml.zip,2024-01-01 00:00:34,,
SO.91085284,91085284,1,7,2017-09-25,2017-09-04,1,2.0,2.0,1,1,1,2,149.0,1,1499395,2039403,,786,60793762010,55468,POINT (-757367.17 -1044244.32),False,2017-10-01 00:06:28,20170930_OB_539309_UKSH.xml.gz,2017-10-01 00:06:28,2017-11-01 00:41:04,change
SO.91085284,91085284,1,7,2017-10-11,2017-09-04,1,2.0,2.0,1,1,1,2,149.0,1,1519221,2071056,25536917010,786,63986066010,55468,POINT (-757367.17 -1044244.32),True,2017-11-01 00:41:04,20171031_OB_539309_UKSH.xml.gz,2017-11-01 00:41:04,,
SO.91086876,91086876,1,7,2017-09-26,2017-09-04,1,2.0,2.0,1,1,1,2,149.0,1,1499518,2041559,,785,60793761010,55468,POINT (-757395.79 -1044250.24),False,2017-10-01 00:06:28,20170930_OB_539309_UKSH.xml.gz,2017-10-01 00:06:28,2019-12-01 00:05:31,change
SO.91086876,91086876,1,7,2019-11-20,2017-09-04,1,2.0,2.0,1,1,1,2,149.0,1,2133758,3121143,25849910010,785,63983511010,55468,POINT (-757396.11 -1044250.33),True,2019-12-01 00:05:31,20191130_OB_539309_UKSH.xml.zip,2019-12-01 00:05:31,,
SO.91104491,91104491,1,6,2017-09-26,2017-09-04,1,30.0,3.0,1,3,1,1,532.0,1,1501130,2041613,,725,56581662010,55468,POINT (-757312.02 -1044505.85),False,2017-10-01 00:06:28,20170930_OB_539309_UKSH.xml.gz,2017-10-01 00:06:28,2017-11-01 00:41:04,change
SO.91104491,91104491,1,6,2017-10-09,2017-09-04,1,36.0,3.0,1,3,1,1,532.0,1,1514498,2060134,,725,56581662010,55468,POINT (-757312.02 -1044505.85),False,2017-11-01 00:41:04,20171031_OB_539309_UKSH.xml.gz,2017-11-01 00:41:04,2017-12-01 01:12:38,change
SO.91104491,91104491,1,6,2017-11-21,2017-09-04,1,36.0,3.0,1,3,1,1,532.0,1,1579039,2148690,24392424010,725,56581662010,55468,POINT (-757312.2 -1044505.78),True,2017-12-01 01:12:38,20171130_OB_539309_UKSH.xml.gz,2017-12-01 01:12:38,2018-02-01 00:22:45,change
SO.91104491,91104491,1,6,2017-11-21,2017-09-04,1,36.0,3.0,1,3,1,1,532.0,1,1579039,2148690,24392424010,725,56581662010,55468,POINT (-757312.2 -1044505.78),True,2018-02-01 00:22:45,20180131_OB_539309_UKSH.xml.gz,2018-02-01 00:22:45,2026-02-01 00:00:48,change
SO.91104491,91104491,1,6,2026-01-08,2017-09-04,1,36.0,3.0,1,3,1,1,532.0,12,4852736,7496056,24392424010,725,56581662010,55468,POINT (-757312.2 -1044505.78),True,2026-02-01 00:00:48,20260131_OB_539309_UKSH.xml.zip,2026-02-01 00:00:48,,
SO.91311284,91311284,1,6,2017-10-11,2017-10-02,1,4.0,2.0,1,1,1,2,231.0,1,1519194,2066666,,773,56718603010,55468,POINT (-757349.75 -1044547.34),False,2017-11-01 00:41:04,20171031_OB_539309_UKSH.xml.gz,2017-11-01 00:41:04,2017-12-01 01:12:38,change
SO.91311284,91311284,1,6,2017-11-21,2017-10-02,1,4.0,2.0,1,1,1,2,231.0,1,1578969,2148564,24328138010,773,56718603010,55468,POINT (-757348.58 -1044547.52),True,2017-12-01 01:12:38,20171130_OB_539309_UKSH.xml.gz,2017-12-01 01:12:38,,
SO.91335728,91335728,1,7,2017-10-12,2017-10-11,1,1.0,2.0,1,1,1,2,90.0,1,1521479,2069580,,804,63984513010,55468,POINT (-756813.11 -1043970.87),False,2017-11-01 00:41:04,20171031_OB_539309_UKSH.xml.gz,2017-11-01 00:41:04,2018-03-01 00:24:20,change
SO.91335728,91335728,1,7,2017-10-12,2017-10-11,1,1.0,2.0,1,1,1,2,90.0,1,1521479,2303121,26414504010,804,63984513010,55468,POINT (-756813.11 -1043970.87),True,2018-03-01 00:24:20,20180228_OB_539309_UKSH.xml.gz,2018-03-01 00:24:20,2026-02-01 00:00:48,change
SO.91335728,91335728,1,7,2026-01-08,2017-10-11,1,1.0,2.0,1,1,1,2,90.0,11,4852736,7496056,26414504010,804,63984513010,55468,POINT (-756813.11 -1043970.87),True,2026-02-01 00:00:48,20260131_OB_539309_UKSH.xml.zip,2026-02-01 00:00:48,,
SO.91337127,91337127,1,7,2017-10-12,,1,1.0,2.0,1,1,1,2,62.0,1,1521486,2069785,,595,55558418010,55468,POINT (-757499.9 -1044045.5),False,2017-11-01 00:41:04,20171031_OB_539309_UKSH.xml.gz,2017-11-01 00:41:04,2018-01-01 00:05:34,change
SO.91337127,91337127,1,7,2017-12-14,,1,1.0,2.0,1,1,1,2,62.0,1,1612602,2197171,25869901010,595,63605264010,55468,POINT (-757499.9 -1044045.5),True,2018-01-01 00:05:34,20171231_OB_539309_UKSH.xml.gz,2018-01-01 00:05:34,2024-01-01 00:00:34,change
SO.91337127,91337127,1,7,2023-12-23,2017-12-31,1,1.0,2.0,1,1,1,2,62.0,1,3269823,5297923,25869901010,595,63605264010,55468,POINT (-757499.86 -1044046.02),True,2024-01-01 00:00:34,20231231_OB_539309_UKSH.xml.zip,2024-01-01 00:00:34,,
SO.91823030,91823030,1,7,2017-11-14,2017-11-01,1,1.0,1.0,1,1,1,2,105.0,1,1564333,2130814,,801,60769347010,55468,POINT (-756998.9 -1044475.77),False,2017-12-01 01:12:38,20171130_OB_539309_UKSH.xml.gz,2017-12-01 01:12:38,2020-04-01 00:13:40,change
SO.91823030,91823030,1,7,2017-11-14,2017-11-01,1,1.0,1.0,1,1,1,2,105.0,1,1564333,3288852,34239943010,801,60769347010,55468,POINT (-756998.9 -1044475.77),True,2020-04-01 00:13:40,20200331_OB_539309_UKSH.xml.zip,2020-04-01 00:13:40,2026-02-01 00:00:48,change
SO.91823030,91823030,1,7,2026-01-08,2017-11-01,1,1.0,1.0,1,1,1,2,105.0,11,4852736,7496056,34239943010,801,60769347010,55468,POINT (-756998.9 -1044475.77),True,2026-02-01 00:00:48,20260131_OB_539309_UKSH.xml.zip,2026-02-01 00:00:48,,
SO.91823978,91823978,1,7,2017-11-15,,6,1.0,2.0,1,3,1,2,73.0,1,1564398,2162426,26120921010,802,63499241010,55468,POINT (-756962 -1044488.11),True,2017-12-01 01:12:38,20171130_OB_539309_UKSH.xml.gz,2017-12-01 01:12:38,2019-02-01 00:13:01,change
SO.91823978,91823978,1,7,2019-01-17,2019-01-17,6,1.0,2.0,1,3,1,2,73.0,1,1934378,2720908,26120921010,802,63499241010,55468,POINT (-756960.41 -1044486.11),True,2019-02-01 00:13:01,20190131_OB_539309_UKSH.xml.zip,2019-02-01 00:13:01,2022-12-01 00:05:50,change
SO.91823978,91823978,1,7,2019-01-17,2019-01-17,6,1.0,2.0,1,3,1,2,73.0,1,1934378,2720908,26120921010,802,63499241010,55468,POINT (-756960.41 -1044486.11),True,2022-12-01 00:05:50,20221130_OB_539309_UKSH.xml.zip,2022-12-01 00:05:50,2026-02-01 00:00:48,change
SO.91823978,91823978,1,7,2026-01-08,2019-01-17,61,1.0,2.0,1,3,1,2,73.0,15,4852736,7496056,26120921010,802,63499241010,55468,POINT (-756960.41 -1044486.11),True,2026-02-01 00:00:48,20260131_OB_539309_UKSH.xml.zip,2026-02-01 00:00:48,,
SO.92071601,92071601,1,7,2017-11-27,,1,3.0,2.0,1,3,1,2,197.0,1,1586987,2160775,,810,63499579010,55468,POINT (-757193.05 -1044620.49),False,2017-12-01 01:12:38,20171130_OB_539309_UKSH.xml.gz,2017-12-01 01:12:38,2018-01-01 00:05:34,change
SO.92071601,92071601,1,7,2017-11-27,,1,3.0,2.0,1,3,1,2,197.0,1,1586987,2197301,26205672010,810,63499579010,55468,POINT (-757193.05 -1044620.49),True,2018-01-01 00:05:34,20171231_OB_539309_UKSH.xml.gz,2018-01-01 00:05:34,2018-07-01 00:10:31,change
SO.92071601,92071601,1,7,2018-06-26,2018-06-25,1,3.0,2.0,1,3,1,2,197.0,1,1787956,2464248,26205672010,810,63499579010,55468,POINT (-757193.05 -1044620.49),True,2018-07-01 00:10:31,20180630_OB_539309_UKSH.xml.gz,2018-07-01 00:10:31,2022-01-01 00:03:43,change
SO.92071601,92071601,1,7,2021-12-30,2018-06-25,1,1.0,2.0,1,3,1,2,65.0,1,2674717,4146056,26205672010,810,82473348010,55468,POINT (-757192.48 -1044621.15),True,2022-01-01 00:03:43,20211231_OB_539309_UKSH.xml.zip,2022-01-01 00:03:43,2022-02-01 00:11:47,change
SO.92071601,92071601,1,7,2021-12-30,2018-06-25,1,1.0,2.0,1,3,1,2,65.0,1,2674717,4154589,,810,82473348010,55468,POINT (-757192.48 -1044621.15),False,2022-02-01 00:11:47,20220131_OB_539309_UKSH.xml.zip,2022-02-01 00:11:47,2023-01-01 00:03:45,change
SO.92071601,92071601,1,7,2022-12-12,2018-06-25,1,1.0,2.0,1,3,1,2,65.0,1,2948493,4698493,26205672010,810,82473348010,55468,POINT (-757194.99 -1044622.11),True,2023-01-01 00:03:45,20221231_OB_539309_UKSH.xml.zip,2023-01-01 00:03:45,2026-02-01 00:00:48,change
SO.92071601,92071601,1,7,2026-01-08,2018-06-25,1,1.0,2.0,1,3,1,2,65.0,16,4852736,7496056,26205672010,810,82473348010,55468,POINT (-757194.99 -1044622.11),True,2026-02-01 00:00:48,20260131_OB_539309_UKSH.xml.zip,2026-02-01 00:00:48,,
SO.92099190,92099190,1,7,2017-11-28,,1,1.0,2.0,1,1,1,2,68.0,1,1589663,2164086,,608,65475094010,55468,POINT (-757544.93 -1043987.03),False,2017-12-01 01:12:38,20171130_OB_539309_UKSH.xml.gz,2017-12-01 01:12:38,2018-01-01 00:05:34,change
SO.92099190,92099190,1,7,2017-11-28,,1,1.0,2.0,1,1,1,2,68.0,1,1589663,2202375,26232297010,608,65475094010,55468,POINT (-757544.93 -1043987.03),True,2018-01-01 00:05:34,20171231_OB_539309_UKSH.xml.gz,2018-01-01 00:05:34,2019-05-01 00:13:50,change
SO.92099190,92099190,1,7,2019-04-15,2019-04-15,7,1.0,2.0,1,1,1,2,68.0,1,1988508,2829338,26232297010,608,65475094010,55468,POINT (-757544.93 -1043987.03),True,2019-05-01 00:13:50,20190430_OB_539309_UKSH.xml.zip,2019-05-01 00:13:50,2026-02-01 00:00:48,change
SO.92099190,92099190,1,7,2026-01-08,2019-04-15,7,1.0,2.0,1,1,1,2,68.0,11,4852736,7496056,26232297010,608,65475094010,55468,POINT (-757544.93 -1043987.03),True,2026-02-01 00:00:48,20260131_OB_539309_UKSH.xml.zip,2026-02-01 00:00:48,,
SO.92099891,92099891,1,7,2017-11-28,2017-11-13,1,1.0,2.0,1,1,1,2,87.0,1,1589705,2169491,26132718010,796,63643116010,55468,POINT (-757109.78 -1044524.54),True,2017-12-01 01:12:38,20171130_OB_539309_UKSH.xml.gz,2017-12-01 01:12:38,,
SO.92100457,92100457,1,7,2017-11-28,2017-11-13,1,1.0,2.0,1,1,1,2,76.0,1,1589746,2172673,26133930010,797,63643117010,55468,POINT (-757111.12 -1044518.3),True,2017-12-01 01:12:38,20171130_OB_539309_UKSH.xml.gz,2017-12-01 01:12:38,,
SO.92100503,92100503,1,7,2017-11-28,2017-11-13,1,1.0,2.0,1,1,1,2,76.0,1,1589752,2165911,26130853010,798,63643118010,55468,POINT (-757111.12 -1044510.96),True,2017-12-01 01:12:38,20171130_OB_539309_UKSH.xml.gz,2017-12-01 01:12:38,,
SO.92100571,92100571,1,7,2017-11-28,2017-11-13,1,1.0,2.0,1,1,1,2,77.0,1,1589758,2164685,26132839010,799,63643119010,55468,POINT (-757112.64 -1044503.92),True,2017-12-01 01:12:38,20171130_OB_539309_UKSH.xml.gz,2017-12-01 01:12:38,,
SO.92100902,92100902,1,7,2017-11-28,2017-11-20,1,1.0,2.0,1,3,1,2,176.0,1,1589778,2169370,26133873010,793,63634645010,55468,POINT (-757027.16 -1044535.27),True,2017-12-01 01:12:38,20171130_OB_539309_UKSH.xml.gz,2017-12-01 01:12:38,2026-02-01 00:00:48,change
SO.92100902,92100902,1,7,2026-01-08,2017-11-20,1,1.0,2.0,1,3,1,2,176.0,11,4852736,7496056,26133873010,793,63634645010,55468,POINT (-757027.24 -1044534.71),True,2026-02-01 00:00:48,20260131_OB_539309_UKSH.xml.zip,2026-02-01 00:00:48,,
SO.92101062,92101062,1,7,2017-11-28,2017-11-20,1,1.0,2.0,1,3,1,2,176.0,1,1589800,2164544,26130843010,794,63634646010,55468,POINT (-757014.51 -1044535.49),True,2017-12-01 01:12:38,20171130_OB_539309_UKSH.xml.gz,2017-12-01 01:12:38,2026-02-01 00:00:48,change
SO.92101062,92101062,1,7,2026-01-08,2017-11-20,1,1.0,2.0,1,3,1,2,176.0,11,4852736,7496056,26130843010,794,63634646010,55468,POINT (-757014.51 -1044535.49),True,2026-02-01 00:00:48,20260131_OB_539309_UKSH.xml.zip,2026-02-01 00:00:48,,
SO.92101151,92101151,1,7,2017-11-28,2017-11-20,1,1.0,2.0,1,3,1,2,178.0,1,1589804,2164409,,795,63634647010,55468,POINT (-757001.43 -1044536.44),False,2017-12-01 01:12:38,20171130_OB_539309_UKSH.xml.gz,2017-12-01 01:12:38,2018-01-01 00:05:34,change
SO.92101151,92101151,1,7,2017-11-28,2017-11-20,1,1.0,2.0,1,3,1,2,178.0,1,1589804,2177363,26133914010,795,63634647010,55468,POINT (-757001.43 -1044536.44),True,2018-01-01 00:05:34,20171231_OB_539309_UKSH.xml.gz,2018-01-01 00:05:34,2026-02-01 00:00:48,change
SO.92101151,92101151,1,7,2026-01-08,2017-11-20,1,1.0,2.0,1,3,1,2,178.0,11,4852736,7496056,26133914010,795,63634647010,55468,POINT (-757001.43 -1044536.44),True,2026-02-01 00:00:48,20260131_OB_539309_UKSH.xml.zip,2026-02-01 00:00:48,,
SO.92103553,92103553,1,6,2017-11-29,2017-11-15,1,1.0,2.0,1,1,1,2,76.0,1,1589924,2173477,26136855010,807,65198188010,55468,POINT (-757115.47 -1044482.74),True,2017-12-01 01:12:38,20171130_OB_539309_UKSH.xml.gz,2017-12-01 01:12:38,2018-02-01 00:22:45,change
SO.92103553,92103553,1,7,2018-01-16,2017-11-15,1,1.0,2.0,1,1,1,2,76.0,1,1634093,2234135,26136855010,807,65198188010,55468,POINT (-757115.47 -1044482.74),True,2018-02-01 00:22:45,20180131_OB_539309_UKSH.xml.gz,2018-02-01 00:22:45,2026-02-01 00:00:48,change
SO.92103553,92103553,1,7,2026-01-08,2017-11-15,1,1.0,2.0,1,1,1,2,76.0,11,4852736,7496056,26136855010,807,65198188010,55468,POINT (-757115.47 -1044482.74),True,2026-02-01 00:00:48,20260131_OB_539309_UKSH.xml.zip,2026-02-01 00:00:48,,
SO.92103685,92103685,1,7,2017-11-29,2017-11-15,1,1.0,2.0,1,1,1,2,76.0,1,1589933,2172667,26136863010,808,65198189010,55468,POINT (-757116.84 -1044476.7),True,2017-12-01 01:12:38,20171130_OB_539309_UKSH.xml.gz,2017-12-01 01:12:38,2026-02-01 00:00:48,change
SO.92103685,92103685,1,7,2026-01-08,2017-11-15,1,1.0,2.0,1,1,1,2,76.0,11,4852736,7496056,26136863010,808,65198189010,55468,POINT (-757116.84 -1044476.7),True,2026-02-01 00:00:48,20260131_OB_539309_UKSH.xml.zip,2026-02-01 00:00:48,,
SO.92113214,92113214,1,6,2017-11-29,2017-11-29,1,36.0,5.0,1,1,1,1,525.0,1,1590798,2167442,,726,56581661010,55468,POINT (-757349.43 -1044501.6),False,2017-12-01 01:12:38,20171130_OB_539309_UKSH.xml.gz,2017-12-01 01:12:38,2018-01-01 00:05:34,change
SO.92113214,92113214,1,6,2017-11-29,2017-11-29,1,36.0,5.0,1,1,1,1,525.0,1,1590798,2194119,24546482010,726,56581661010,55468,POINT (-757349.43 -1044501.6),True,2018-01-01 00:05:34,20171231_OB_539309_UKSH.xml.gz,2018-01-01 00:05:34,2018-02-01 00:22:45,change
SO.92113214,92113214,1,6,2017-11-29,2017-11-29,1,36.0,5.0,1,1,1,1,525.0,1,1590798,2194119,24546482010,726,56581661010,55468,POINT (-757349.43 -1044501.6),True,2018-02-01 00:22:45,20180131_OB_539309_UKSH.xml.gz,2018-02-01 00:22:45,2026-02-01 00:00:48,change
SO.92113214,92113214,1,6,2026-01-08,2017-11-29,1,36.0,5.0,1,1,1,1,525.0,12,4852736,7496056,24546482010,726,56581661010,55468,POINT (-757349.43 -1044501.6),True,2026-02-01 00:00:48,20260131_OB_539309_UKSH.xml.zip,2026-02-01 00:00:48,,
SO.92170641,92170641,1,7,2017-11-29,,1,3.0,2.0,1,3,1,2,198.0,1,1596224,2171878,,819,63499581010,55468,POINT (-757193.33 -1044648.27),False,2017-12-01 01:12:38,20171130_OB_539309_UKSH.xml.gz,2017-12-01 01:12:38,2018-01-01 00:05:34,change
SO.92170641,92170641,1,7,2017-11-29,,1,3.0,2.0,1,3,1,2,198.0,1,1596224,2197183,26205387010,819,63499581010,55468,POINT (-757193.33 -1044648.27),True,2018-01-01 00:05:34,20171231_OB_539309_UKSH.xml.gz,2018-01-01 00:05:34,2018-07-01 00:10:31,change
SO.92170641,92170641,1,7,2018-06-26,2018-06-25,1,3.0,2.0,1,3,1,2,198.0,1,1788109,2464423,26205387010,819,63499581010,55468,POINT (-757193.89 -1044648.45),True,2018-07-01 00:10:31,20180630_OB_539309_UKSH.xml.gz,2018-07-01 00:10:31,2021-12-01 00:22:04,change
SO.92170641,92170641,1,7,2021-11-02,2018-06-25,1,1.0,2.0,1,3,1,2,99.0,1,2615893,4061105,,819,82473358010,55468,POINT (-757195.33 -1044649.86),False,2021-12-01 00:22:04,20211130_OB_539309_UKSH.xml.zip,2021-12-01 00:22:04,2023-03-01 00:11:14,change
SO.92170641,92170641,1,7,2023-02-28,2018-06-25,1,1.0,2.0,1,3,1,2,66.0,1,3018384,4821855,26205387010,819,82473358010,55468,POINT (-757195.93 -1044649.86),True,2023-03-01 00:11:14,20230228_OB_539309_UKSH.xml.zip,2023-03-01 00:11:14,2026-02-01 00:00:48,change
SO.92170641,92170641,1,7,2026-01-08,2018-06-25,1,1.0,2.0,1,3,1,2,66.0,16,4852736,7496056,26205387010,819,82473358010,55468,POINT (-757195.93 -1044649.86),True,2026-02-01 00:00:48,20260131_OB_539309_UKSH.xml.zip,2026-02-01 00:00:48,,
SO.92170668,92170668,1,7,2017-11-29,,1,3.0,2.0,1,3,1,2,198.0,1,1596227,2171880,,816,63499582010,55468,POINT (-757166.21 -1044649.01),False,2017-12-01 01:12:38,20171130_OB_539309_UKSH.xml.gz,2017-12-01 01:12:38,2018-01-01 00:05:34,change
SO.92170668,92170668,1,7,2017-11-29,,1,3.0,2.0,1,3,1,2,198.0,1,1596227,2198096,26206644010,816,63499582010,55468,POINT (-757166.21 -1044649.01),True,2018-01-01 00:05:34,20171231_OB_539309_UKSH.xml.gz,2018-01-01 00:05:34,2018-07-01 00:10:31,change
SO.92170668,92170668,1,7,2018-06-26,2018-06-25,1,3.0,2.0,1,3,1,2,198.0,1,1788067,2464348,26206644010,816,63499582010,55468,POINT (-757166.21 -1044649.01),True,2018-07-01 00:10:31,20180630_OB_539309_UKSH.xml.gz,2018-07-01 00:10:31,2021-12-01 00:22:04,change
SO.92170668,92170668,1,7,2021-11-02,2018-06-25,1,1.0,2.0,1,3,1,2,66.0,1,2616221,4061466,,816,82473361010,55468,POINT (-757166.21 -1044649.01),False,2021-12-01 00:22:04,20211130_OB_539309_UKSH.xml.zip,2021-12-01 00:22:04,2023-01-01 00:03:45,change
SO.92170668,92170668,1,7,2022-12-12,2018-06-25,1,1.0,2.0,1,3,1,2,66.0,1,2948970,4699290,26206644010,816,82473361010,55468,POINT (-757168.3 -1044650.83),True,2023-01-01 00:03:45,20221231_OB_539309_UKSH.xml.zip,2023-01-01 00:03:45,2026-02-01 00:00:48,change
SO.92170668,92170668,1,7,2026-01-08,2018-06-25,1,1.0,2.0,1,3,1,2,66.0,16,4852736,7496056,26206644010,816,82473361010,55468,POINT (-757168.3 -1044650.83),True,2026-02-01 00:00:48,20260131_OB_539309_UKSH.xml.zip,2026-02-01 00:00:48,,
SO.92170838,92170838,1,7,2017-11-29,,1,3.0,2.0,1,3,1,2,198.0,1,1596223,2171876,,813,63499580010,55468,POINT (-757165.46 -1044621.43),False,2017-12-01 01:12:38,20171130_OB_539309_UKSH.xml.gz,2017-12-01 01:12:38,2018-01-01 00:05:34,change
SO.92170838,92170838,1,7,2017-11-29,,1,3.0,2.0,1,3,1,2,198.0,1,1596223,2198540,26213323010,813,63499580010,55468,POINT (-757165.46 -1044621.43),True,2018-01-01 00:05:34,20171231_OB_539309_UKSH.xml.gz,2018-01-01 00:05:34,2018-07-01 00:10:31,change
SO.92170838,92170838,1,7,2018-06-26,2018-06-25,1,3.0,2.0,1,3,1,2,198.0,1,1788019,2464313,26213323010,813,63499580010,55468,POINT (-757165.46 -1044621.43),True,2018-07-01 00:10:31,20180630_OB_539309_UKSH.xml.gz,2018-07-01 00:10:31,2021-12-01 00:22:04,change
SO.92170838,92170838,1,7,2021-11-02,2018-06-25,1,1.0,2.0,1,3,1,2,66.0,1,2616110,4061106,,813,82473351010,55468,POINT (-757165.46 -1044621.43),False,2021-12-01 00:22:04,20211130_OB_539309_UKSH.xml.zip,2021-12-01 00:22:04,2026-01-01 00:01:24,change
SO.92170838,92170838,1,7,2025-12-29,2018-06-25,1,1.0,2.0,1,3,1,2,66.0,1,4836284,7473637,26213323010,813,82473351010,55468,POINT (-757167.22 -1044623.08),True,2026-01-01 00:01:24,20251231_OB_539309_UKSH.xml.zip,2026-01-01 00:01:24,2026-02-01 00:00:48,change
SO.92170838,92170838,1,7,2026-01-08,2018-06-25,1,1.0,2.0,1,3,1,2,66.0,16,4852736,7496056,26213323010,813,82473351010,55468,POINT (-757167.22 -1044623.08),True,2026-02-01 00:00:48,20260131_OB_539309_UKSH.xml.zip,2026-02-01 00:00:48,,
SO.92224644,92224644,1,7,2017-12-04,2017-12-04,1,1.0,1.0,1,3,1,2,150.0,1,1601040,2201233,26223262010,838,64298806010,55468,POINT (-756743.58 -1044254.23),True,2018-01-01 00:05:34,20171231_OB_539309_UKSH.xml.gz,2018-01-01 00:05:34,,
SO.92230610,92230610,1,7,2017-12-04,,1,1.0,3.0,1,3,1,2,207.0,1,1601489,2179158,,836,65164089010,55468,POINT (-757647.63 -1044062.87),False,2018-01-01 00:05:34,20171231_OB_539309_UKSH.xml.gz,2018-01-01 00:05:34,2018-02-01 00:22:45,change
SO.92230610,92230610,1,7,2017-12-04,,1,1.0,3.0,1,3,1,2,207.0,1,1601489,2283738,26357351010,836,65164089010,55468,POINT (-757647.63 -1044062.87),True,2018-02-01 00:22:45,20180131_OB_539309_UKSH.xml.gz,2018-02-01 00:22:45,2019-01-01 00:09:44,change
SO.92230610,92230610,1,7,2018-12-21,2018-12-20,1,1.0,3.0,1,3,1,2,207.0,1,1922736,2696544,26357351010,836,65164089010,55468,POINT (-757647.63 -1044062.87),True,2019-01-01 00:09:44,20181231_OB_539309_UKSH.xml.zip,2019-01-01 00:09:44,,
SO.92230695,92230695,1,7,2017-12-04,2017-12-04,1,3.0,2.0,1,1,1,2,187.0,1,1601506,2199526,24674598010,839,55027314010,55468,POINT (-757911.83 -1044139.77),True,2018-01-01 00:05:34,20171231_OB_539309_UKSH.xml.gz,2018-01-01 00:05:34,2026-02-01 00:00:48,change
SO.92230695,92230695,1,7,2026-01-08,2017-12-04,1,3.0,2.0,1,1,1,2,187.0,11,4852736,7496056,24674598010,839,55027314010,55468,POINT (-757911.86 -1044139.67),True,2026-02-01 00:00:48,20260131_OB_539309_UKSH.xml.zip,2026-02-01 00:00:48,,
SO.92230750,92230750,3,18,2017-12-04,,1,0.0,1.0,1,3,1,2,25.0,1,1601494,2179164,,,65164090010,,POINT (-757659.15 -1044055.44),False,2018-01-01 00:05:34,20171231_OB_539309_UKSH.xml.gz,2018-01-01 00:05:34,2019-01-01 00:09:44,change
SO.92230750,92230750,3,18,2017-12-04,,1,0.0,1.0,1,3,1,2,25.0,1,1601494,2689679,29062345010,,65164090010,,POINT (-757659.15 -1044055.44),True,2019-01-01 00:09:44,20181231_OB_539309_UKSH.xml.zip,2019-01-01 00:09:44,,
SO.92346537,92346537,1,7,2017-12-12,,1,3.0,2.0,1,3,1,2,198.0,1,1611394,2202879,26232493010,822,63525105010,55468,POINT (-757195.15 -1044680.15),True,2018-01-01 00:05:34,20171231_OB_539309_UKSH.xml.gz,2018-01-01 00:05:34,2018-07-01 00:10:31,change
SO.92346537,92346537,1,7,2018-06-25,2018-06-25,1,3.0,2.0,1,3,1,2,198.0,1,1786913,2462914,26232493010,822,63525105010,55468,POINT (-757195.15 -1044680.15),True,2018-07-01 00:10:31,20180630_OB_539309_UKSH.xml.gz,2018-07-01 00:10:31,2021-12-01 00:22:04,change
SO.92346537,92346537,1,7,2021-11-02,2018-06-25,1,1.0,2.0,1,3,1,2,66.0,1,2615995,4061107,,822,82473368010,55468,POINT (-757195.15 -1044680.15),False,2021-12-01 00:22:04,20211130_OB_539309_UKSH.xml.zip,2021-12-01 00:22:04,2023-02-01 00:07:01,change
SO.92346537,92346537,1,7,2023-01-12,2018-06-25,1,1.0,2.0,1,3,1,2,66.0,1,2976001,4746758,26232493010,822,82473368010,55468,POINT (-757196.76 -1044681.23),True,2023-02-01 00:07:01,20230131_OB_539309_UKSH.xml.zip,2023-02-01 00:07:01,2026-02-01 00:00:48,change
SO.92346537,92346537,1,7,2026-01-08,2018-06-25,1,1.0,2.0,1,3,1,2,66.0,16,4852736,7496056,26232493010,822,82473368010,55468,POINT (-757196.76 -1044681.23),True,2026-02-01 00:00:48,20260131_OB_539309_UKSH.xml.zip,2026-02-01 00:00:48,,
SO.92346723,92346723,1,7,2017-12-12,,1,3.0,2.0,1,3,1,2,198.0,1,1611402,2202359,26227494010,828,63525108010,55468,POINT (-757168.12 -1044708.27),True,2018-01-01 00:05:34,20171231_OB_539309_UKSH.xml.gz,2018-01-01 00:05:34,2018-07-01 00:10:31,change
SO.92346723,92346723,1,7,2018-06-25,2018-06-25,1,3.0,2.0,1,3,1,2,198.0,1,1786942,2463016,26227494010,828,63525108010,55468,POINT (-757168.12 -1044708.27),True,2018-07-01 00:10:31,20180630_OB_539309_UKSH.xml.gz,2018-07-01 00:10:31,2021-10-01 12:10:08,change
SO.92346723,92346723,1,7,2021-09-27,2018-06-25,1,1.0,2.0,1,3,1,2,66.0,1,2589276,4009495,,828,82473381010,55468,POINT (-757168.12 -1044708.27),False,2021-10-01 12:10:08,20210930_OB_539309_UKSH.xml.zip,2021-10-01 12:10:08,2025-04-01 00:03:10,change
SO.92346723,92346723,1,7,2025-03-10,2018-06-25,1,1.0,2.0,1,3,1,2,66.0,1,4128264,6501513,26227494010,828,82473381010,55468,POINT (-757170.64 -1044709.68),True,2025-04-01 00:03:10,20250331_OB_539309_UKSH.xml.zip,2025-04-01 00:03:10,2026-02-01 00:00:48,change
SO.92346723,92346723,1,7,2026-01-08,2018-06-25,1,1.0,2.0,1,3,1,2,66.0,16,4852736,7496056,26227494010,828,82473381010,55468,POINT (-757170.64 -1044709.68),True,2026-02-01 00:00:48,20260131_OB_539309_UKSH.xml.zip,2026-02-01 00:00:48,,
SO.92346901,92346901,1,7,2017-12-12,,1,3.0,2.0,1,3,1,2,198.0,1,1611419,2204913,26235277010,825,63525106010,55468,POINT (-757167.47 -1044680.7),True,2018-01-01 00:05:34,20171231_OB_539309_UKSH.xml.gz,2018-01-01 00:05:34,2018-07-01 00:10:31,change
SO.92346901,92346901,1,7,2018-06-25,2018-06-25,1,3.0,2.0,1,3,1,2,198.0,1,1786922,2462989,26235277010,825,63525106010,55468,POINT (-757167.47 -1044680.7),True,2018-07-01 00:10:31,20180630_OB_539309_UKSH.xml.gz,2018-07-01 00:10:31,2022-01-01 00:03:43,change
SO.92346901,92346901,1,7,2021-12-30,2018-06-25,1,1.0,2.0,1,3,1,2,65.0,1,2674727,4146059,26235277010,825,82473371010,55468,POINT (-757169.27 -1044682.31),True,2022-01-01 00:03:43,20211231_OB_539309_UKSH.xml.zip,2022-01-01 00:03:43,2022-02-01 00:11:47,change
SO.92346901,92346901,1,7,2021-12-30,2018-06-25,1,1.0,2.0,1,3,1,2,65.0,1,2674727,4154591,,825,82473371010,55468,POINT (-757169.27 -1044682.31),False,2022-02-01 00:11:47,20220131_OB_539309_UKSH.xml.zip,2022-02-01 00:11:47,2024-07-01 00:00:35,change
SO.92346901,92346901,1,7,2021-12-30,2018-06-25,1,1.0,2.0,1,3,1,2,65.0,1,2674727,5643122,26235277010,825,82473371010,55468,POINT (-757169.27 -1044682.31),True,2024-07-01 00:00:35,20240630_OB_539309_UKSH.xml.zip,2024-07-01 00:00:35,2026-02-01 00:00:48,change
SO.92346901,92346901,1,7,2026-01-08,2018-06-25,1,1.0,2.0,1,3,1,2,65.0,16,4852736,7496056,26235277010,825,82473371010,55468,POINT (-757169.27 -1044682.31),True,2026-02-01 00:00:48,20260131_OB_539309_UKSH.xml.zip,2026-02-01 00:00:48,,
SO.92346995,92346995,1,7,2017-12-12,,1,3.0,2.0,1,3,1,2,198.0,1,1611430,2202584,26232391010,831,63525107010,55468,POINT (-757195.43 -1044707.25),True,2018-01-01 00:05:34,20171231_OB_539309_UKSH.xml.gz,2018-01-01 00:05:34,2018-07-01 00:10:31,change
SO.92346995,92346995,1,7,2018-06-25,2018-06-25,1,3.0,2.0,1,3,1,2,198.0,1,1786929,2463005,26232391010,831,63525107010,55468,POINT (-757195.43 -1044707.25),True,2018-07-01 00:10:31,20180630_OB_539309_UKSH.xml.gz,2018-07-01 00:10:31,2021-12-01 00:22:04,change
SO.92346995,92346995,1,7,2021-11-02,2018-06-25,1,1.0,2.0,1,3,1,2,66.0,1,2615823,4060762,,831,82473378010,55468,POINT (-757195.43 -1044707.25),False,2021-12-01 00:22:04,20211130_OB_539309_UKSH.xml.zip,2021-12-01 00:22:04,2023-06-01 00:14:42,change
SO.92346995,92346995,1,7,2023-05-30,2018-06-25,1,1.0,2.0,1,3,1,2,66.0,1,3082842,4955468,26232391010,831,82473378010,55468,POINT (-757197.22 -1044708.59),True,2023-06-01 00:14:42,20230531_OB_539309_UKSH.xml.zip,2023-06-01 00:14:42,2026-02-01 00:00:48,change
SO.92346995,92346995,1,7,2026-01-08,2018-06-25,1,1.0,2.0,1,3,1,2,66.0,16,4852736,7496056,26232391010,831,82473378010,55468,POINT (-757197.22 -1044708.59),True,2026-02-01 00:00:48,20260131_OB_539309_UKSH.xml.zip,2026-02-01 00:00:48,,
SO.92362028,92362028,3,16,2017-12-13,,,,,,,,,12.0,,1612603,2196301,25816663010,,63359108010,,POINT (-757522.4 -1044319.42),True,2018-01-01 00:05:34,20171231_OB_539309_UKSH.xml.gz,2018-01-01 00:05:34,,
SO.92368484,92368484,1,7,2017-12-15,,1,1.0,2.0,1,3,1,2,176.0,1,1613106,2199706,26213457010,792,63634644010,55468,POINT (-757039.5 -1044535.7),True,2018-01-01 00:05:34,20171231_OB_539309_UKSH.xml.gz,2018-01-01 00:05:34,2024-01-01 00:00:34,change
SO.92368484,92368484,1,7,2023-12-23,2017-12-31,1,1.0,2.0,1,3,1,2,176.0,1,3269823,5297923,26213457010,792,63634644010,55468,POINT (-757039.5 -1044535.7),True,2024-01-01 00:00:34,20231231_OB_539309_UKSH.xml.zip,2024-01-01 00:00:34,2026-02-01 00:00:48,change
SO.92368484,92368484,1,7,2026-01-08,2017-12-31,1,1.0,2.0,1,3,1,2,176.0,11,4852736,7496056,26213457010,792,63634644010,55468,POINT (-757039.5 -1044535.7),True,2026-02-01 00:00:48,20260131_OB_539309_UKSH.xml.zip,2026-02-01 00:00:48,,
SO.92370039,92370039,1,7,2017-12-15,2017-12-01,1,1.0,2.0,1,1,1,2,87.0,1,1613239,2198062,,806,65198187010,55468,POINT (-757115.15 -1044488.65),False,2018-01-01 00:05:34,20171231_OB_539309_UKSH.xml.gz,2018-01-01 00:05:34,2018-02-01 00:22:45,change
SO.92370039,92370039,1,7,2017-12-15,2017-12-01,1,1.0,2.0,1,1,1,2,87.0,1,1613239,2212773,26277485010,806,65198187010,55468,POINT (-757115.15 -1044488.65),True,2018-02-01 00:22:45,20180131_OB_539309_UKSH.xml.gz,2018-02-01 00:22:45,2026-02-01 00:00:48,change
SO.92370039,92370039,1,7,2026-01-08,2017-12-01,1,1.0,2.0,1,1,1,2,87.0,11,4852736,7496056,26277485010,806,65198187010,55468,POINT (-757115.15 -1044488.65),True,2026-02-01 00:00:48,20260131_OB_539309_UKSH.xml.zip,2026-02-01 00:00:48,,
SO.92370322,92370322,1,7,2017-12-15,2017-12-01,1,1.0,2.0,1,1,1,2,88.0,1,1613270,2198775,26213420010,809,65198190010,55468,POINT (-757118.01 -1044468.29),True,2018-01-01 00:05:34,20171231_OB_539309_UKSH.xml.gz,2018-01-01 00:05:34,2026-02-01 00:00:48,change
SO.92370322,92370322,1,7,2026-01-08,2017-12-01,1,1.0,2.0,1,1,1,2,88.0,11,4852736,7496056,26213420010,809,65198190010,55468,POINT (-757118.01 -1044468.29),True,2026-02-01 00:00:48,20260131_OB_539309_UKSH.xml.zip,2026-02-01 00:00:48,,
SO.92387721,92387721,1,7,2017-12-19,,7,1.0,2.0,1,1,1,2,81.0,1,1614362,2200509,,597,63990907010,55468,POINT (-757517.02 -1044049.74),False,2018-01-01 00:05:34,20171231_OB_539309_UKSH.xml.gz,2018-01-01 00:05:34,2018-02-01 00:22:45,change
SO.92387721,92387721,1,7,2017-12-19,,7,1.0,2.0,1,1,1,2,81.0,1,1614362,2222344,26308358010,597,63990907010,55468,POINT (-757517.02 -1044049.74),True,2018-02-01 00:22:45,20180131_OB_539309_UKSH.xml.gz,2018-02-01 00:22:45,2021-08-01 10:37:29,change
SO.92387721,92387721,1,7,2021-07-01,2021-06-22,1,1.0,2.0,1,1,1,2,81.0,1,2529243,3896189,26308358010,597,63990907010,55468,POINT (-757517.02 -1044049.74),True,2021-08-01 10:37:29,20210731_OB_539309_UKSH.xml.zip,2021-08-01 10:37:29,2026-02-01 00:00:48,change
SO.92387721,92387721,1,7,2026-01-08,2021-06-22,1,1.0,2.0,1,1,1,2,81.0,11,4852736,7496056,26308358010,597,63990907010,55468,POINT (-757517.02 -1044049.74),True,2026-02-01 00:00:48,20260131_OB_539309_UKSH.xml.zip,2026-02-01 00:00:48,,
SO.92444181,92444181,3,20,2018-01-04,2017-10-03,1,0.0,1.0,1,3,1,2,27.0,1,1617985,2211342,,,62619299010,,POINT (-756261.3 -1043656.96),False,2018-02-01 00:22:45,20180131_OB_539309_UKSH.xml.gz,2018-02-01 00:22:45,2018-07-01 00:10:31,change
SO.92444181,92444181,3,20,2018-01-04,2017-10-03,1,0.0,1.0,1,3,1,2,27.0,1,1617985,2437266,26879390010,,62619299010,,POINT (-756261.3 -1043656.96),True,2018-07-01 00:10:31,20180630_OB_539309_UKSH.xml.gz,2018-07-01 00:10:31,,
SO.92467075,92467075,1,7,2018-01-10,2017-12-20,1,1.0,2.0,1,3,1,2,150.0,1,1619484,2214199,,803,33864523010,55468,POINT (-757373.49 -1044412.07),False,2018-02-01 00:22:45,20180131_OB_539309_UKSH.xml.gz,2018-02-01 00:22:45,2018-03-01 00:24:20,change
SO.92467075,92467075,1,7,2018-01-10,2017-12-20,1,1.0,2.0,1,3,1,2,150.0,1,1619484,2315329,26451342010,803,33864523010,55468,POINT (-757373.49 -1044412.07),True,2018-03-01 00:24:20,20180228_OB_539309_UKSH.xml.gz,2018-03-01 00:24:20,2026-02-01 00:00:48,change
SO.92467075,92467075,1,7,2026-01-08,2017-12-20,1,1.0,2.0,1,3,1,2,150.0,12,4852736,7496056,26451342010,803,33864523010,55468,POINT (-757373.49 -1044412.07),True,2026-02-01 00:00:48,20260131_OB_539309_UKSH.xml.zip,2026-02-01 00:00:48,,
SO.92467938,92467938,1,7,2018-01-10,,1,1.0,2.0,1,1,1,2,140.0,1,1619540,2292254,26375275010,834,67160216010,55468,POINT (-757373.29 -1044283.4),True,2018-02-01 00:22:45,20180131_OB_539309_UKSH.xml.gz,2018-02-01 00:22:45,2018-06-01 00:23:16,change
SO.92467938,92467938,1,7,2018-05-24,2018-05-24,1,1.0,2.0,1,1,1,2,140.0,1,1756846,2422427,26375275010,834,67160216010,55468,POINT (-757373.29 -1044283.4),True,2018-06-01 00:23:16,20180531_OB_539309_UKSH.xml.gz,2018-06-01 00:23:16,2026-02-01 00:00:48,change
SO.92467938,92467938,1,7,2026-01-08,2018-05-24,1,1.0,2.0,1,1,1,2,140.0,11,4852736,7496056,26375275010,834,67160216010,55468,POINT (-757373.29 -1044283.4),True,2026-02-01 00:00:48,20260131_OB_539309_UKSH.xml.zip,2026-02-01 00:00:48,,
SO.93055609,93055609,1,7,2018-01-23,2018-01-23,1,1.0,2.0,1,1,1,2,120.0,1,1675528,2279313,,772,63003266010,55468,POINT (-757687.27 -1044070.21),False,2018-02-01 00:22:45,20180131_OB_539309_UKSH.xml.gz,2018-02-01 00:22:45,2018-03-01 00:24:20,change
SO.93055609,93055609,1,7,2018-01-23,2018-01-23,1,1.0,2.0,1,1,1,2,120.0,1,1675528,2326135,26483358010,772,63003266010,55468,POINT (-757687.27 -1044070.21),True,2018-03-01 00:24:20,20180228_OB_539309_UKSH.xml.gz,2018-03-01 00:24:20,2026-02-01 00:00:48,change
SO.93055609,93055609,1,7,2026-01-08,2018-01-23,1,1.0,2.0,1,1,1,2,120.0,11,4852736,7496056,26483358010,772,63003266010,55468,POINT (-757687.27 -1044070.21),True,2026-02-01 00:00:48,20260131_OB_539309_UKSH.xml.zip,2026-02-01 00:00:48,,
SO.93114958,93114958,1,7,2018-01-25,2018-01-25,1,1.0,2.0,1,1,1,2,79.0,1,1680840,2286435,,842,64956241010,55468,POINT (-757056.09 -1044445.6),False,2018-02-01 00:22:45,20180131_OB_539309_UKSH.xml.gz,2018-02-01 00:22:45,2018-04-01 00:06:07,change
SO.93114958,93114958,1,7,2018-01-25,2018-01-25,1,1.0,2.0,1,1,1,2,79.0,1,1680840,2352814,26571561010,842,64956241010,55468,POINT (-757056.09 -1044445.6),True,2018-04-01 00:06:07,20180331_OB_539309_UKSH.xml.gz,2018-04-01 00:06:07,2026-02-01 00:00:48,change
SO.93114958,93114958,1,7,2026-01-08,2018-01-25,1,1.0,2.0,1,1,1,2,79.0,11,4852736,7496056,26571561010,842,64956241010,55468,POINT (-757056.09 -1044445.6),True,2026-02-01 00:00:48,20260131_OB_539309_UKSH.xml.zip,2026-02-01 00:00:48,,
SO.93117787,93117787,1,7,2018-01-25,2018-01-25,1,1.0,2.0,1,1,1,2,131.0,1,1681025,2286840,,784,64397716010,55468,POINT (-758003.86 -1043906.7),False,2018-02-01 00:22:45,20180131_OB_539309_UKSH.xml.gz,2018-02-01 00:22:45,2018-03-01 00:24:20,change
SO.93117787,93117787,1,7,2018-01-25,2018-01-25,1,1.0,2.0,1,1,1,2,131.0,1,1681025,2318878,26455426010,784,64397716010,55468,POINT (-758003.86 -1043906.7),True,2018-03-01 00:24:20,20180228_OB_539309_UKSH.xml.gz,2018-03-01 00:24:20,2026-02-01 00:00:48,change
SO.93117787,93117787,1,7,2026-01-08,2018-01-25,1,1.0,2.0,1,1,1,2,131.0,11,4852736,7496056,26455426010,784,64397716010,55468,POINT (-758003.86 -1043906.7),True,2026-02-01 00:00:48,20260131_OB_539309_UKSH.xml.zip,2026-02-01 00:00:48,,
SO.93191120,93191120,1,7,2018-01-31,,1,1.0,2.0,1,3,1,2,140.0,1,1687612,2296388,,835,67508020010,55468,POINT (-757018.62 -1044479.91),False,2018-02-01 00:22:45,20180131_OB_539309_UKSH.xml.gz,2018-02-01 00:22:45,2019-01-01 00:09:44,change
SO.93191120,93191120,1,7,2018-01-31,,1,1.0,2.0,1,3,1,2,140.0,1,1687612,2688130,29055503010,835,67508020010,55468,POINT (-757018.62 -1044479.91),True,2019-01-01 00:09:44,20181231_OB_539309_UKSH.xml.zip,2019-01-01 00:09:44,2019-12-01 00:05:31,change
SO.93191120,93191120,1,7,2019-11-25,2019-11-25,1,1.0,2.0,1,3,1,2,140.0,1,2137970,3128448,29055503010,835,67508020010,55468,POINT (-757018.62 -1044479.91),True,2019-12-01 00:05:31,20191130_OB_539309_UKSH.xml.zip,2019-12-01 00:05:31,2022-12-01 00:05:50,change
SO.93191120,93191120,1,7,2019-11-25,2019-11-25,1,1.0,2.0,1,3,1,2,140.0,1,2137970,3128448,29055503010,835,67508020010,55468,POINT (-757018.62 -1044479.91),True,2022-12-01 00:05:50,20221130_OB_539309_UKSH.xml.zip,2022-12-01 00:05:50,,
SO.93194498,93194498,1,7,2018-01-31,2018-01-31,1,1.0,2.0,1,3,1,2,162.0,1,1687878,2296378,,841,67386353010,55468,POINT (-756925.21 -1044396.78),False,2018-02-01 00:22:45,20180131_OB_539309_UKSH.xml.gz,2018-02-01 00:22:45,2018-05-01 00:12:48,change
SO.93194498,93194498,1,7,2018-01-31,2018-01-31,1,1.0,2.0,1,3,1,2,162.0,1,1687878,2384886,26671426010,841,67386353010,55468,POINT (-756925.21 -1044396.78),True,2018-05-01 00:12:48,20180430_OB_539309_UKSH.xml.gz,2018-05-01 00:12:48,2026-02-01 00:00:48,change
SO.93194498,93194498,1,7,2026-01-08,2018-01-31,1,1.0,2.0,1,3,1,2,162.0,12,4852736,7496056,26671426010,841,67386353010,55468,POINT (-756925.21 -1044396.78),True,2026-02-01 00:00:48,20260131_OB_539309_UKSH.xml.zip,2026-02-01 00:00:48,,
SO.93304650,93304650,1,7,2018-02-12,2018-02-12,1,1.0,2.0,1,3,1,2,140.0,1,1696255,2310593,,837,67427110010,55468,POINT (-757346.53 -1044276.21),False,2018-03-01 00:24:20,20180228_OB_539309_UKSH.xml.gz,2018-03-01 00:24:20,2018-04-01 00:06:07,change
SO.93304650,93304650,1,7,2018-02-12,2018-02-12,1,1.0,2.0,1,3,1,2,140.0,1,1696255,2343822,26547390010,837,67427110010,55468,POINT (-757346.53 -1044276.21),True,2018-04-01 00:06:07,20180331_OB_539309_UKSH.xml.gz,2018-04-01 00:06:07,2026-02-01 00:00:48,change
SO.93304650,93304650,1,7,2026-01-08,2018-02-12,1,1.0,2.0,1,3,1,2,140.0,11,4852736,7496056,26547390010,837,67427110010,55468,POINT (-757346.53 -1044276.21),True,2026-02-01 00:00:48,20260131_OB_539309_UKSH.xml.zip,2026-02-01 00:00:48,,
SO.93657650,93657650,1,7,2018-03-22,2018-03-22,1,3.0,2.0,1,1,1,2,197.0,1,1726901,2361306,,854,67644145010,55468,POINT (-757425.02 -1044553.55),False,2018-04-01 00:06:07,20180331_OB_539309_UKSH.xml.gz,2018-04-01 00:06:07,2018-05-01 00:12:48,change
SO.93657650,93657650,1,7,2018-03-22,2018-03-22,1,3.0,2.0,1,1,1,2,197.0,1,1726901,2372718,26532426010,854,67644145010,55468,POINT (-757425.02 -1044553.55),True,2018-05-01 00:12:48,20180430_OB_539309_UKSH.xml.gz,2018-05-01 00:12:48,2022-01-01 00:03:43,change
SO.93657650,93657650,1,7,2021-12-13,2018-03-22,1,1.0,2.0,1,1,1,2,65.0,1,2657281,4131729,26532426010,854,86084122010,55468,POINT (-757425.03 -1044555.66),True,2022-01-01 00:03:43,20211231_OB_539309_UKSH.xml.zip,2022-01-01 00:03:43,2022-02-01 00:11:47,change
SO.93657650,93657650,1,7,2021-12-13,2018-03-22,1,1.0,2.0,1,1,1,2,65.0,1,2657281,4151134,,854,86084122010,55468,POINT (-757425.03 -1044555.66),False,2022-02-01 00:11:47,20220131_OB_539309_UKSH.xml.zip,2022-02-01 00:11:47,2022-03-01 00:08:16,change
SO.93657650,93657650,1,7,2022-02-11,2018-03-22,1,1.0,2.0,1,1,1,2,65.0,1,2702359,4219607,,855,86084122010,55468,POINT (-757425.03 -1044555.66),False,2022-03-01 00:08:16,20220228_OB_539309_UKSH.xml.zip,2022-03-01 00:08:16,2023-09-01 00:02:20,change
SO.93657650,93657650,1,7,2023-08-28,2018-03-22,1,1.0,2.0,1,1,1,2,65.0,1,3161338,5099779,61139581010,855,86084122010,55468,POINT (-757424.9 -1044553.72),True,2023-09-01 00:02:20,20230831_OB_539309_UKSH.xml.zip,2023-09-01 00:02:20,2026-02-01 00:00:48,change
SO.93657650,93657650,1,7,2026-01-08,2018-03-22,1,1.0,2.0,1,1,1,2,65.0,16,4852736,7496056,61139581010,855,86084122010,55468,POINT (-757424.9 -1044553.72),True,2026-02-01 00:00:48,20260131_OB_539309_UKSH.xml.zip,2026-02-01 00:00:48,,
SO.93658702,93658702,1,7,2018-03-22,2018-03-22,1,3.0,2.0,1,1,1,2,197.0,1,1726969,2361360,,851,67644144010,55468,POINT (-757390.83 -1044555.51),False,2018-04-01 00:06:07,20180331_OB_539309_UKSH.xml.gz,2018-04-01 00:06:07,2018-05-01 00:12:48,change
SO.93658702,93658702,1,7,2018-03-22,2018-03-22,1,3.0,2.0,1,1,1,2,197.0,1,1726969,2372715,26586494010,851,67644144010,55468,POINT (-757390.83 -1044555.51),True,2018-05-01 00:12:48,20180430_OB_539309_UKSH.xml.gz,2018-05-01 00:12:48,2022-03-01 00:08:16,change
SO.93658702,93658702,1,7,2022-02-23,2018-03-22,1,1.0,2.0,1,1,1,2,65.0,1,2710732,4237118,,851,86075288010,55468,POINT (-757391.08 -1044562.68),False,2022-03-01 00:08:16,20220228_OB_539309_UKSH.xml.zip,2022-03-01 00:08:16,2022-04-01 00:08:13,change
SO.93658702,93658702,1,7,2022-03-02,2018-03-22,1,1.0,2.0,1,1,1,2,65.0,1,2715087,4245649,26586494010,851,86075288010,55468,POINT (-757391.85 -1044563.1),True,2022-04-01 00:08:13,20220331_OB_539309_UKSH.xml.zip,2022-04-01 00:08:13,2026-02-01 00:00:48,change
SO.93658702,93658702,1,7,2026-01-08,2018-03-22,1,1.0,2.0,1,1,1,2,65.0,16,4852736,7496056,26586494010,851,86075288010,55468,POINT (-757391.85 -1044563.1),True,2026-02-01 00:00:48,20260131_OB_539309_UKSH.xml.zip,2026-02-01 00:00:48,,
SO.93705867,93705867,1,7,2018-04-04,2018-04-04,1,1.0,1.0,1,3,1,2,192.0,1,1731793,2370661,,868,67849654010,55468,POINT (-756928.51 -1044447.28),False,2018-05-01 00:12:48,20180430_OB_539309_UKSH.xml.gz,2018-05-01 00:12:48,2018-07-01 00:10:31,change
SO.93705867,93705867,1,7,2018-04-04,2018-04-04,1,1.0,1.0,1,3,1,2,192.0,1,1731793,2440950,26887408010,868,67849654010,55468,POINT (-756928.51 -1044447.28),True,2018-07-01 00:10:31,20180630_OB_539309_UKSH.xml.gz,2018-07-01 00:10:31,2022-12-01 00:05:50,change
SO.93705867,93705867,1,7,2018-09-20,2018-04-04,1,1.0,1.0,1,3,1,2,192.0,1,1850758,2560019,26887408010,868,67849654010,55468,POINT (-756928.51 -1044447.28),True,2022-12-01 00:05:50,20221130_OB_539309_UKSH.xml.zip,2022-12-01 00:05:50,2026-02-01 00:00:48,change
SO.93705867,93705867,1,7,2026-01-08,2018-04-04,1,1.0,1.0,1,3,1,2,192.0,15,4852736,7496056,26887408010,868,67849654010,55468,POINT (-756928.51 -1044447.28),True,2026-02-01 00:00:48,20260131_OB_539309_UKSH.xml.zip,2026-02-01 00:00:48,,
SO.93721404,93721404,1,7,2018-04-23,2018-04-06,1,1.0,2.0,1,3,1,2,177.0,1,1745428,2394513,26706594010,846,67322398010,55468,POINT (-757085.04 -1044471.75),True,2018-05-01 00:12:48,20180430_OB_539309_UKSH.xml.gz,2018-05-01 00:12:48,2026-02-01 00:00:48,change
SO.93721404,93721404,1,7,2026-01-08,2018-04-06,1,1.0,2.0,1,3,1,2,177.0,11,4852736,7496056,26706594010,846,67322398010,55468,POINT (-757085.04 -1044471.75),True,2026-02-01 00:00:48,20260131_OB_539309_UKSH.xml.zip,2026-02-01 00:00:48,,
SO.93721561,93721561,1,7,2018-04-16,2018-04-06,1,1.0,2.0,1,1,1,2,113.0,1,1741223,2386186,907911210,865,2379952210,55468,POINT (-757698.3 -1044133.06),True,2018-05-01 00:12:48,20180430_OB_539309_UKSH.xml.gz,2018-05-01 00:12:48,2026-02-01 00:00:48,change
SO.93721561,93721561,1,7,2026-01-08,2018-04-06,1,1.0,2.0,1,1,1,2,113.0,11,4852736,7496056,907911210,865,2379952210,55468,POINT (-757698.3 -1044133.06),True,2026-02-01 00:00:48,20260131_OB_539309_UKSH.xml.zip,2026-02-01 00:00:48,,
SO.93836333,93836333,1,7,2018-04-17,2018-04-17,1,1.0,2.0,1,3,1,2,125.0,1,1742441,2399669,26724380010,844,67819179010,55468,POINT (-757418.5 -1044228.54),True,2018-05-01 00:12:48,20180430_OB_539309_UKSH.xml.gz,2018-05-01 00:12:48,2026-02-01 00:00:48,change
SO.93836333,93836333,1,7,2026-01-08,2018-04-17,1,1.0,2.0,1,3,1,2,125.0,15,4852736,7496056,26724380010,844,67819179010,55468,POINT (-757418.5 -1044228.54),True,2026-02-01 00:00:48,20260131_OB_539309_UKSH.xml.zip,2026-02-01 00:00:48,,
SO.93857756,93857756,3,19,2018-04-30,2018-02-14,1,0.0,1.0,4,3,2,2,62.0,4,1746662,2401030,26599457010,,2377594210,,POINT (-757136.94 -1043905.98),True,2018-05-01 00:12:48,20180430_OB_539309_UKSH.xml.gz,2018-05-01 00:12:48,2022-10-01 00:06:55,change
SO.93857756,93857756,3,19,2018-04-30,2018-02-14,1,0.0,1.0,4,3,2,2,62.0,4,1746662,2401030,26599457010,,2377594210,,POINT (-757136.94 -1043905.98),True,2022-10-01 00:06:55,20220930_OB_539309_UKSH.xml.zip,2022-10-01 00:06:55,,
SO.93915063,93915063,3,19,2018-04-27,2018-04-26,7,0.0,1.0,4,3,2,2,30.0,4,1748177,2397527,,,67997084010,,POINT (-757822.49 -1044109.91),False,2018-05-01 00:12:48,20180430_OB_539309_UKSH.xml.gz,2018-05-01 00:12:48,2019-07-01 00:07:42,change
SO.93915063,93915063,3,19,2018-04-27,2018-04-26,7,0.0,1.0,4,3,2,2,30.0,4,1748177,2909998,29760354010,,67997084010,,POINT (-757822.49 -1044109.91),True,2019-07-01 00:07:42,20190630_OB_539309_UKSH.xml.zip,2019-07-01 00:07:42,,
SO.93917597,93917597,1,7,2018-04-27,2018-04-26,1,1.0,1.0,1,1,1,2,133.0,1,1748331,2397789,,869,60588800010,55468,POINT (-757507 -1044093.39),False,2018-05-01 00:12:48,20180430_OB_539309_UKSH.xml.gz,2018-05-01 00:12:48,2018-06-01 00:23:16,change
SO.93917597,93917597,1,7,2018-04-27,2018-04-26,1,1.0,1.0,1,1,1,2,133.0,1,1748331,2415423,26808365010,869,60588800010,55468,POINT (-757507 -1044093.39),True,2018-06-01 00:23:16,20180531_OB_539309_UKSH.xml.gz,2018-06-01 00:23:16,2021-05-01 00:17:22,change
SO.93917597,93917597,1,7,2018-06-27,2018-04-26,1,1.0,1.0,1,1,1,2,133.0,1,1790551,2467832,26808365010,869,60588800010,55468,POINT (-757507 -1044093.39),True,2021-05-01 00:17:22,20210430_OB_539309_UKSH.xml.zip,2021-05-01 00:17:22,2021-08-01 10:37:29,change
SO.93917597,93917597,1,7,2021-07-26,2021-03-01,1,1.0,1.0,1,1,1,2,188.0,1,2543061,3923812,26808365010,869,60588800010,55468,POINT (-757507 -1044093.39),True,2021-08-01 10:37:29,20210731_OB_539309_UKSH.xml.zip,2021-08-01 10:37:29,2026-02-01 00:00:48,change
SO.93917597,93917597,1,7,2026-01-08,2021-03-01,1,1.0,1.0,1,1,1,2,188.0,11,4852736,7496056,26808365010,869,60588800010,55468,POINT (-757507 -1044093.39),True,2026-02-01 00:00:48,20260131_OB_539309_UKSH.xml.zip,2026-02-01 00:00:48,,
SO.93917856,93917856,3,18,2018-04-27,2018-04-26,1,0.0,1.0,4,3,2,2,52.0,4,1748341,2397800,,,60588799010,,POINT (-757501.65 -1044076.73),False,2018-05-01 00:12:48,20180430_OB_539309_UKSH.xml.gz,2018-05-01 00:12:48,2018-06-01 00:23:16,change
SO.93917856,93917856,3,18,2018-04-27,2018-04-26,1,0.0,1.0,4,3,2,2,52.0,4,1748341,2415423,26808366010,,60588799010,,POINT (-757501.65 -1044076.73),True,2018-06-01 00:23:16,20180531_OB_539309_UKSH.xml.gz,2018-06-01 00:23:16,2023-07-01 00:03:19,change
SO.93917856,93917856,3,18,2023-06-02,2023-05-30,1,0.0,1.0,4,3,2,2,87.0,4,3086030,4961642,26808366010,,60588799010,,POINT (-757501.65 -1044076.73),True,2023-07-01 00:03:19,20230630_OB_539309_UKSH.xml.zip,2023-07-01 00:03:19,,
SO.93921934,93921934,3,15,2018-04-30,2018-04-27,7,0.0,1.0,1,3,1,1,1559.0,1,1748592,2401475,,,68114843010,,POINT (-757460.73 -1044409.76),False,2018-05-01 00:12:48,20180430_OB_539309_UKSH.xml.gz,2018-05-01 00:12:48,2018-06-01 00:23:16,change
SO.93921934,93921934,1,15,2018-05-24,2018-04-27,7,0.0,1.0,1,3,1,1,1559.0,1,1756693,2422097,,890,68114843010,55468,POINT (-757460.73 -1044409.76),False,2018-06-01 00:23:16,20180531_OB_539309_UKSH.xml.gz,2018-06-01 00:23:16,2020-04-01 00:13:40,change
SO.93921934,93921934,1,15,2018-05-24,2018-04-27,7,0.0,1.0,1,3,1,1,1559.0,1,1756693,3303020,36225069010,890,68114843010,55468,POINT (-757460.73 -1044409.76),True,2020-04-01 00:13:40,20200331_OB_539309_UKSH.xml.zip,2020-04-01 00:13:40,2026-02-01 00:00:48,change
SO.93921934,93921934,1,15,2026-01-08,2018-04-27,7,0.0,1.0,1,3,1,1,1559.0,11,4852736,7496056,36225069010,890,68114843010,55468,POINT (-757460.73 -1044409.76),True,2026-02-01 00:00:48,20260131_OB_539309_UKSH.xml.zip,2026-02-01 00:00:48,,
SO.93964099,93964099,1,7,2018-05-11,,1,3.0,2.0,1,3,1,2,197.0,1,1751634,2409616,,886,63524394010,55468,POINT (-757230.82 -1044765.1),False,2018-06-01 00:23:16,20180531_OB_539309_UKSH.xml.gz,2018-06-01 00:23:16,2018-07-01 00:10:31,change
SO.93964099,93964099,1,7,2018-06-27,2018-06-26,1,3.0,2.0,1,3,1,2,197.0,1,1789897,2466826,26882607010,886,63524394010,55468,POINT (-757230.82 -1044765.1),True,2018-07-01 00:10:31,20180630_OB_539309_UKSH.xml.gz,2018-07-01 00:10:31,2021-10-01 12:10:08,change
SO.93964099,93964099,1,7,2021-09-27,2018-06-26,1,1.0,2.0,1,3,1,2,65.0,1,2589318,4009496,,886,82473408010,55468,POINT (-757232.29 -1044766.63),False,2021-10-01 12:10:08,20210930_OB_539309_UKSH.xml.zip,2021-10-01 12:10:08,2026-02-01 00:00:48,change
SO.93964099,93964099,1,7,2026-01-08,2018-06-26,1,1.0,2.0,1,3,1,2,65.0,16,4852736,7496056,,886,82473408010,55468,POINT (-757232.29 -1044766.63),False,2026-02-01 00:00:48,20260131_OB_539309_UKSH.xml.zip,2026-02-01 00:00:48,,
SO.93964196,93964196,1,7,2018-05-11,,1,3.0,2.0,1,3,1,2,197.0,1,1751640,2409619,,879,63524393010,55468,POINT (-757197.85 -1044766.38),False,2018-06-01 00:23:16,20180531_OB_539309_UKSH.xml.gz,2018-06-01 00:23:16,2018-07-01 00:10:31,change
SO.93964196,93964196,1,7,2018-06-27,2018-06-26,1,3.0,2.0,1,3,1,2,197.0,1,1789878,2466802,26880338010,879,63524393010,55468,POINT (-757197.85 -1044766.38),True,2018-07-01 00:10:31,20180630_OB_539309_UKSH.xml.gz,2018-07-01 00:10:31,2021-10-01 12:10:08,change
SO.93964196,93964196,1,7,2021-09-27,2018-06-26,1,1.0,2.0,1,3,1,2,65.0,1,2589205,4009497,,879,82473401010,55468,POINT (-757197.85 -1044766.38),False,2021-10-01 12:10:08,20210930_OB_539309_UKSH.xml.zip,2021-10-01 12:10:08,2023-04-01 00:06:22,change
SO.93964196,93964196,1,7,2023-03-13,2018-06-26,1,1.0,2.0,1,3,1,2,65.0,1,3026810,4840028,26880338010,879,82473401010,55468,POINT (-757198.93 -1044767.54),True,2023-04-01 00:06:22,20230331_OB_539309_UKSH.xml.zip,2023-04-01 00:06:22,2026-02-01 00:00:48,change
SO.93964196,93964196,1,7,2026-01-08,2018-06-26,1,1.0,2.0,1,3,1,2,65.0,16,4852736,7496056,26880338010,879,82473401010,55468,POINT (-757198.93 -1044767.54),True,2026-02-01 00:00:48,20260131_OB_539309_UKSH.xml.zip,2026-02-01 00:00:48,,
SO.93964307,93964307,1,7,2018-05-11,,1,3.0,2.0,1,,1,2,197.0,1,1751645,2409627,,870,63524390010,55468,POINT (-757196.07 -1044738.72),False,2018-06-01 00:23:16,20180531_OB_539309_UKSH.xml.gz,2018-06-01 00:23:16,2018-07-01 00:10:31,change
SO.93964307,93964307,1,7,2018-06-26,2018-06-26,1,3.0,2.0,1,,1,2,197.0,1,1788687,2465128,26897364010,870,63524390010,55468,POINT (-757196.07 -1044738.72),True,2018-07-01 00:10:31,20180630_OB_539309_UKSH.xml.gz,2018-07-01 00:10:31,2021-10-01 12:10:08,change
SO.93964307,93964307,1,7,2021-09-27,2018-06-26,1,1.0,2.0,1,3,1,2,65.0,1,2589260,4009498,,870,82473388010,55468,POINT (-757196.07 -1044738.72),False,2021-10-01 12:10:08,20210930_OB_539309_UKSH.xml.zip,2021-10-01 12:10:08,2023-12-01 00:04:08,change
SO.93964307,93964307,1,7,2023-11-28,2018-06-26,1,1.0,2.0,1,3,1,2,65.0,1,3237936,5246277,26897364010,870,82473388010,55468,POINT (-757198.34 -1044739.94),True,2023-12-01 00:04:08,20231130_OB_539309_UKSH.xml.zip,2023-12-01 00:04:08,2026-02-01 00:00:48,change
SO.93964307,93964307,1,7,2026-01-08,2018-06-26,1,1.0,2.0,1,3,1,2,65.0,16,4852736,7496056,26897364010,870,82473388010,55468,POINT (-757198.34 -1044739.94),True,2026-02-01 00:00:48,20260131_OB_539309_UKSH.xml.zip,2026-02-01 00:00:48,,
SO.93964382,93964382,1,7,2018-05-11,,1,3.0,2.0,1,3,1,2,197.0,1,1751649,2409635,,873,63524391010,55468,POINT (-757169.8 -1044739.51),False,2018-06-01 00:23:16,20180531_OB_539309_UKSH.xml.gz,2018-06-01 00:23:16,2018-07-01 00:10:31,change
SO.93964382,93964382,1,7,2018-06-26,2018-06-26,1,3.0,2.0,1,3,1,2,197.0,1,1788694,2465135,26877422010,873,63524391010,55468,POINT (-757169.8 -1044739.51),True,2018-07-01 00:10:31,20180630_OB_539309_UKSH.xml.gz,2018-07-01 00:10:31,2021-10-01 12:10:08,change
SO.93964382,93964382,1,7,2021-09-29,2018-06-26,1,1.0,2.0,1,3,1,2,65.0,1,2589965,4011228,,873,82473391010,55468,POINT (-757170.47 -1044741.12),False,2021-10-01 12:10:08,20210930_OB_539309_UKSH.xml.zip,2021-10-01 12:10:08,2023-07-01 00:03:19,change
SO.93964382,93964382,1,7,2023-06-01,2018-06-26,1,1.0,2.0,1,3,1,2,65.0,1,3085604,4961002,26877422010,873,82473391010,55468,POINT (-757171.63 -1044741.19),True,2023-07-01 00:03:19,20230630_OB_539309_UKSH.xml.zip,2023-07-01 00:03:19,2026-02-01 00:00:48,change
SO.93964382,93964382,1,7,2026-01-08,2018-06-26,1,1.0,2.0,1,3,1,2,65.0,16,4852736,7496056,26877422010,873,82473391010,55468,POINT (-757171.63 -1044741.19),True,2026-02-01 00:00:48,20260131_OB_539309_UKSH.xml.zip,2026-02-01 00:00:48,,
SO.93964579,93964579,1,7,2018-05-11,,1,3.0,2.0,1,,1,2,197.0,1,1751657,2409649,,876,63524392010,55468,POINT (-757169.99 -1044767.36),False,2018-06-01 00:23:16,20180531_OB_539309_UKSH.xml.gz,2018-06-01 00:23:16,2018-07-01 00:10:31,change
SO.93964579,93964579,1,7,2018-06-27,2018-06-26,1,3.0,2.0,1,3,1,2,197.0,1,1789824,2466679,26879374010,876,63524392010,55468,POINT (-757169.99 -1044767.36),True,2018-07-01 00:10:31,20180630_OB_539309_UKSH.xml.gz,2018-07-01 00:10:31,2021-10-01 12:10:08,change
SO.93964579,93964579,1,7,2021-09-29,2018-06-26,1,1.0,2.0,1,3,1,2,65.0,1,2589943,4010723,,876,82473398010,55468,POINT (-757171.55 -1044768.68),False,2021-10-01 12:10:08,20210930_OB_539309_UKSH.xml.zip,2021-10-01 12:10:08,2023-04-01 00:06:22,change
SO.93964579,93964579,1,7,2023-03-24,2018-06-26,1,1.0,2.0,1,3,1,2,65.0,1,3035038,4859823,26879374010,876,82473397010,55468,POINT (-757177.82 -1044768.57),True,2023-04-01 00:06:22,20230331_OB_539309_UKSH.xml.zip,2023-04-01 00:06:22,2026-02-01 00:00:48,change
SO.93964579,93964579,1,7,2026-01-08,2018-06-26,1,1.0,2.0,1,3,1,2,65.0,16,4852736,7496056,26879374010,876,82473397010,55468,POINT (-757177.82 -1044768.57),True,2026-02-01 00:00:48,20260131_OB_539309_UKSH.xml.zip,2026-02-01 00:00:48,,
SO.93969503,93969503,1,7,2018-05-15,2018-05-14,1,1.0,2.0,1,3,1,2,159.0,1,1751999,2410711,,787,67968179010,55468,POINT (-756993.3 -1044440.52),False,2018-06-01 00:23:16,20180531_OB_539309_UKSH.xml.gz,2018-06-01 00:23:16,2019-02-01 00:13:01,change
SO.93969503,93969503,1,7,2018-10-31,2018-05-14,1,1.0,2.0,1,3,1,2,159.0,1,1876612,2705406,29114096010,787,67968179010,55468,POINT (-756993.3 -1044440.52),True,2019-02-01 00:13:01,20190131_OB_539309_UKSH.xml.zip,2019-02-01 00:13:01,2022-12-01 00:05:50,change
SO.93969503,93969503,1,7,2018-10-31,2018-05-14,1,1.0,2.0,1,3,1,2,159.0,1,1876612,2705406,29114096010,787,67968179010,55468,POINT (-756993.3 -1044440.52),True,2022-12-01 00:05:50,20221130_OB_539309_UKSH.xml.zip,2022-12-01 00:05:50,2026-02-01 00:00:48,change
SO.93969503,93969503,1,7,2026-01-08,2018-05-14,1,1.0,2.0,1,3,1,2,159.0,11,4852736,7496056,29114096010,787,67968179010,55468,POINT (-756993.3 -1044440.52),True,2026-02-01 00:00:48,20260131_OB_539309_UKSH.xml.zip,2026-02-01 00:00:48,,
SO.94071578,94071578,1,7,2018-05-29,2018-05-29,1,1.0,2.0,1,1,1,2,103.0,1,1758372,2426189,,883,68520673010,55468,POINT (-757018.57 -1044624.12),False,2018-06-01 00:23:16,20180531_OB_539309_UKSH.xml.gz,2018-06-01 00:23:16,2018-07-01 00:10:31,change
SO.94071578,94071578,1,7,2018-05-29,2018-05-29,1,1.0,2.0,1,1,1,2,103.0,1,1758372,2437084,26876574010,883,68520673010,55468,POINT (-757018.57 -1044624.12),True,2018-07-01 00:10:31,20180630_OB_539309_UKSH.xml.gz,2018-07-01 00:10:31,2026-02-01 00:00:48,change
SO.94071578,94071578,1,7,2026-01-08,2018-05-29,1,1.0,2.0,1,1,1,2,103.0,11,4852736,7496056,26876574010,883,68520673010,55468,POINT (-757018.57 -1044624.12),True,2026-02-01 00:00:48,20260131_OB_539309_UKSH.xml.zip,2026-02-01 00:00:48,,
SO.94071969,94071969,1,7,2018-05-29,2018-05-29,1,1.0,2.0,1,1,1,2,103.0,1,1758409,2426339,,884,68520672010,55468,POINT (-757018.31 -1044635.81),False,2018-06-01 00:23:16,20180531_OB_539309_UKSH.xml.gz,2018-06-01 00:23:16,2018-07-01 00:10:31,change
SO.94071969,94071969,1,7,2018-05-29,2018-05-29,1,1.0,2.0,1,1,1,2,103.0,1,1758409,2436873,26876440010,884,68520672010,55468,POINT (-757018.31 -1044635.81),True,2018-07-01 00:10:31,20180630_OB_539309_UKSH.xml.gz,2018-07-01 00:10:31,2026-02-01 00:00:48,change
SO.94071969,94071969,1,7,2026-01-08,2018-05-29,1,1.0,2.0,1,1,1,2,103.0,11,4852736,7496056,26876440010,884,68520672010,55468,POINT (-757018.31 -1044635.81),True,2026-02-01 00:00:48,20260131_OB_539309_UKSH.xml.zip,2026-02-01 00:00:48,,
SO.94072191,94072191,1,7,2018-05-29,2018-05-29,1,1.0,2.0,1,1,1,2,103.0,1,1758426,2426358,,885,68520671010,55468,POINT (-757018.31 -1044647.07),False,2018-06-01 00:23:16,20180531_OB_539309_UKSH.xml.gz,2018-06-01 00:23:16,2018-07-01 00:10:31,change
SO.94072191,94072191,1,7,2018-05-29,2018-05-29,1,1.0,2.0,1,1,1,2,103.0,1,1758426,2436876,26876572010,885,68520671010,55468,POINT (-757018.31 -1044647.07),True,2018-07-01 00:10:31,20180630_OB_539309_UKSH.xml.gz,2018-07-01 00:10:31,2026-02-01 00:00:48,change
SO.94072191,94072191,1,7,2026-01-08,2018-05-29,1,1.0,2.0,1,1,1,2,103.0,11,4852736,7496056,26876572010,885,68520671010,55468,POINT (-757018.31 -1044647.07),True,2026-02-01 00:00:48,20260131_OB_539309_UKSH.xml.zip,2026-02-01 00:00:48,,
SO.94259682,94259682,3,16,2018-06-13,,,,,,,,,8.0,,1776841,2450244,26797413010,,67435523010,,POINT (-758045.4 -1044112.28),True,2018-07-01 00:10:31,20180630_OB_539309_UKSH.xml.gz,2018-07-01 00:10:31,,
SO.94262292,94262292,1,7,2018-06-13,,1,1.0,2.0,1,1,1,2,146.0,1,1776731,2451123,26917392010,867,68398474010,55468,POINT (-757790.27 -1044204.96),True,2018-07-01 00:10:31,20180630_OB_539309_UKSH.xml.gz,2018-07-01 00:10:31,2019-07-01 00:07:42,change
SO.94262292,94262292,1,7,2019-06-05,2019-06-04,1,1.0,2.0,1,1,1,2,146.0,1,2018278,2890823,26917392010,867,68398474010,55468,POINT (-757790.27 -1044204.96),True,2019-07-01 00:07:42,20190630_OB_539309_UKSH.xml.zip,2019-07-01 00:07:42,2026-02-01 00:00:48,change
SO.94262292,94262292,1,7,2026-01-08,2019-06-04,1,1.0,2.0,1,1,1,2,146.0,11,4852736,7496056,26917392010,867,68398474010,55468,POINT (-757790.27 -1044204.96),True,2026-02-01 00:00:48,20260131_OB_539309_UKSH.xml.zip,2026-02-01 00:00:48,,
SO.94262349,94262349,3,16,2018-06-13,,,,,,,,,8.0,,1776846,2450249,26800324010,,67245524010,,POINT (-758034.54 -1043867.89),True,2018-07-01 00:10:31,20180630_OB_539309_UKSH.xml.gz,2018-07-01 00:10:31,,
SO.94262365,94262365,3,16,2018-06-13,,,,,,,,,8.0,,1776852,2450255,26800328010,,67242576010,,POINT (-758046.33 -1043994.66),True,2018-07-01 00:10:31,20180630_OB_539309_UKSH.xml.gz,2018-07-01 00:10:31,,
SO.94262381,94262381,3,16,2018-06-13,,,,,,,,,8.0,,1776847,2450250,26799358010,,67433222010,,POINT (-757715.47 -1044505.27),True,2018-07-01 00:10:31,20180630_OB_539309_UKSH.xml.gz,2018-07-01 00:10:31,,
SO.94262403,94262403,3,16,2018-06-13,,,,,,,,,8.0,,1776848,2450251,26798501010,,67248460010,,POINT (-757490.2 -1043871.43),True,2018-07-01 00:10:31,20180630_OB_539309_UKSH.xml.gz,2018-07-01 00:10:31,2022-12-01 00:05:50,change
SO.94262403,94262403,3,16,2018-06-13,,,,,,,,,8.0,,1776848,2450251,26798501010,,67248460010,,POINT (-757490.2 -1043871.43),True,2022-12-01 00:05:50,20221130_OB_539309_UKSH.xml.zip,2022-12-01 00:05:50,,
SO.94262659,94262659,3,16,2018-06-13,,,,,,,,,8.0,,1776849,2450252,26800411010,,67432459010,,POINT (-757892.55 -1044304.66),True,2018-07-01 00:10:31,20180630_OB_539309_UKSH.xml.gz,2018-07-01 00:10:31,2021-10-01 12:10:08,change
SO.94262659,94262659,3,16,2018-06-13,,,,,,,,,8.0,,1776849,2450252,26800411010,,67432459010,,POINT (-757892.55 -1044304.66),True,2021-10-01 12:10:08,20210930_OB_539309_UKSH.xml.zip,2021-10-01 12:10:08,,
SO.94262675,94262675,3,16,2018-06-13,,,,,,,,,8.0,,1776842,2450245,26800343010,,67433417010,,POINT (-757607.69 -1044259.41),True,2018-07-01 00:10:31,20180630_OB_539309_UKSH.xml.gz,2018-07-01 00:10:31,,
SO.94334200,94334200,1,7,2018-06-22,2018-06-21,1,1.0,1.0,,1,1,2,148.0,1,1784791,2460544,,766,68253734010,55468,POINT (-757616.56 -1044431.52),False,2018-07-01 00:10:31,20180630_OB_539309_UKSH.xml.gz,2018-07-01 00:10:31,2019-02-01 00:13:01,change
SO.94334200,94334200,1,7,2018-06-22,2018-06-21,1,1.0,1.0,,1,1,2,148.0,1,1784791,2737712,29213190010,766,68253734010,55468,POINT (-757616.56 -1044431.52),True,2019-02-01 00:13:01,20190131_OB_539309_UKSH.xml.zip,2019-02-01 00:13:01,2024-01-01 00:00:34,change
SO.94334200,94334200,1,7,2023-12-23,2018-06-21,1,1.0,1.0,1,1,1,2,148.0,1,3269823,5297923,29213190010,766,68253734010,55468,POINT (-757616.56 -1044431.52),True,2024-01-01 00:00:34,20231231_OB_539309_UKSH.xml.zip,2024-01-01 00:00:34,2026-02-01 00:00:48,change
SO.94334200,94334200,1,7,2026-01-08,2018-06-21,1,1.0,1.0,1,1,1,2,148.0,11,4852736,7496056,29213190010,766,68253734010,55468,POINT (-757616.56 -1044431.52),True,2026-02-01 00:00:48,20260131_OB_539309_UKSH.xml.zip,2026-02-01 00:00:48,,
SO.94444986,94444986,1,7,2018-07-04,2018-07-04,1,1.0,1.0,1,3,1,2,151.0,1,1796033,2486569,27045777010,899,68603779010,55468,POINT (-757997.43 -1043855.38),True,2018-08-01 00:19:58,20180731_OB_539309_UKSH.xml.gz,2018-08-01 00:19:58,,
SO.94445532,94445532,1,7,2018-07-04,2018-07-04,1,1.0,2.0,1,1,1,2,145.0,1,1796051,2486564,27045770010,901,63981788010,55468,POINT (-758022.2 -1043911.6),True,2018-08-01 00:19:58,20180731_OB_539309_UKSH.xml.gz,2018-08-01 00:19:58,,
SO.94632901,94632901,1,7,2018-07-11,2018-06-28,1,1.0,2.0,1,1,1,2,103.0,1,1800859,2492512,27066440010,892,68868368010,55468,POINT (-757027.02 -1044673.89),True,2018-08-01 00:19:58,20180731_OB_539309_UKSH.xml.gz,2018-08-01 00:19:58,2026-02-01 00:00:48,change
SO.94632901,94632901,1,7,2026-01-08,2018-06-28,1,1.0,2.0,1,1,1,2,103.0,11,4852736,7496056,27066440010,892,68868368010,55468,POINT (-757027.02 -1044673.89),True,2026-02-01 00:00:48,20260131_OB_539309_UKSH.xml.zip,2026-02-01 00:00:48,,
SO.94633584,94633584,1,7,2018-07-11,2018-06-28,1,1.0,2.0,1,1,1,2,103.0,1,1800934,2487029,27047431010,893,68868369010,55468,POINT (-757017.89 -1044673.72),True,2018-08-01 00:19:58,20180731_OB_539309_UKSH.xml.gz,2018-08-01 00:19:58,2026-02-01 00:00:48,change
SO.94633584,94633584,1,7,2026-01-08,2018-06-28,1,1.0,2.0,1,1,1,2,103.0,11,4852736,7496056,27047431010,893,68868369010,55468,POINT (-757017.89 -1044673.72),True,2026-02-01 00:00:48,20260131_OB_539309_UKSH.xml.zip,2026-02-01 00:00:48,,
SO.94636150,94636150,1,7,2018-07-11,2018-07-11,4,1.0,2.0,1,1,1,2,136.0,1,1801140,2480670,,882,68881160010,55468,POINT (-757668.8 -1044415.93),False,2018-08-01 00:19:58,20180731_OB_539309_UKSH.xml.gz,2018-08-01 00:19:58,2018-09-01 00:21:08,change
SO.94636150,94636150,1,7,2018-07-11,2018-07-11,4,1.0,2.0,1,1,1,2,136.0,1,1801140,2527810,27251597010,882,68881160010,55468,POINT (-757668.8 -1044415.93),True,2018-09-01 00:21:08,20180831_OB_539309_UKSH.xml.gz,2018-09-01 00:21:08,2026-02-01 00:00:48,change
SO.94636150,94636150,1,7,2026-01-08,2018-07-11,4,1.0,2.0,1,1,1,2,136.0,11,4852736,7496056,27251597010,882,68881160010,55468,POINT (-757668.8 -1044415.93),True,2026-02-01 00:00:48,20260131_OB_539309_UKSH.xml.zip,2026-02-01 00:00:48,,
SO.94643105,94643105,1,7,2018-07-12,2018-07-10,1,1.0,2.0,1,1,1,2,207.0,1,1802012,2481877,,889,63407633010,55468,POINT (-757109.8 -1044203.1),False,2018-08-01 00:19:58,20180731_OB_539309_UKSH.xml.gz,2018-08-01 00:19:58,2018-09-01 00:21:08,change
SO.94643105,94643105,1,7,2018-07-12,2018-07-10,1,1.0,2.0,1,1,1,2,207.0,1,1802012,2526915,27207321010,889,63407633010,55468,POINT (-757109.8 -1044203.1),True,2018-09-01 00:21:08,20180831_OB_539309_UKSH.xml.gz,2018-09-01 00:21:08,2026-02-01 00:00:48,change
SO.94643105,94643105,1,7,2026-01-08,2018-07-10,1,1.0,2.0,1,1,1,2,207.0,11,4852736,7496056,27207321010,889,63407633010,55468,POINT (-757109.8 -1044203.1),True,2026-02-01 00:00:48,20260131_OB_539309_UKSH.xml.zip,2026-02-01 00:00:48,,
SO.94646236,94646236,1,7,2018-07-12,2018-07-10,4,1.0,1.0,1,3,1,2,177.0,1,1802280,2482400,,750,60572692010,55468,POINT (-757449.48 -1044248.11),False,2018-08-01 00:19:58,20180731_OB_539309_UKSH.xml.gz,2018-08-01 00:19:58,2018-12-02 00:00:03,change
SO.94646236,94646236,1,7,2018-07-12,2018-07-10,4,1.0,1.0,1,3,1,2,177.0,1,1802280,2633430,28925325010,750,60572692010,55468,POINT (-757449.48 -1044248.11),True,2018-12-02 00:00:03,20181201_OB_539309_UKSH.xml.gz,2018-12-02 00:00:03,2026-02-01 00:00:48,change
SO.94646236,94646236,1,7,2026-01-08,2018-07-10,41,1.0,1.0,1,3,1,2,177.0,15,4852736,7496056,28925325010,750,60572692010,55468,POINT (-757449.48 -1044248.11),True,2026-02-01 00:00:48,20260131_OB_539309_UKSH.xml.zip,2026-02-01 00:00:48,,
SO.94648042,94648042,1,6,2018-07-30,2018-07-12,1,30.0,4.0,1,3,1,1,525.0,1,1816006,2499725,26310540010,727,63738531010,55468,POINT (-757387.7 -1044500.37),True,2018-08-01 00:19:58,20180731_OB_539309_UKSH.xml.gz,2018-08-01 00:19:58,2018-12-02 00:00:03,change
SO.94648042,94648042,1,6,2018-11-16,2018-07-12,1,30.0,4.0,1,3,1,1,525.0,1,1887614,2637302,26310540010,727,63738531010,55468,POINT (-757387.7 -1044500.37),True,2018-12-02 00:00:03,20181201_OB_539309_UKSH.xml.gz,2018-12-02 00:00:03,,
SO.94783446,94783446,3,16,2018-08-03,2018-08-01,,,,,,,,18.0,,1817870,2502489,,,61402006010,,POINT (-757142.07 -1044177.19),False,2018-09-01 00:21:08,20180831_OB_539309_UKSH.xml.gz,2018-09-01 00:21:08,2018-10-01 00:09:09,change
SO.94783446,94783446,3,16,2018-08-03,2018-08-01,,,,,,,,18.0,,1817870,2548157,27595365010,,61402006010,,POINT (-757142.07 -1044177.19),True,2018-10-01 00:09:09,20180930_OB_539309_UKSH.xml.gz,2018-10-01 00:09:09,,
SO.94809534,94809534,1,7,2018-08-06,2018-07-31,6,1.0,2.0,1,3,1,2,92.0,1,1821095,2518390,27166412010,902,68883880010,55468,POINT (-756737.77 -1044315.93),True,2018-09-01 00:21:08,20180831_OB_539309_UKSH.xml.gz,2018-09-01 00:21:08,2026-02-01 00:00:48,change
SO.94809534,94809534,1,7,2026-01-08,2018-07-31,6,1.0,2.0,1,3,1,2,92.0,15,4852736,7496056,27166412010,902,68883880010,55468,POINT (-756737.77 -1044315.93),True,2026-02-01 00:00:48,20260131_OB_539309_UKSH.xml.zip,2026-02-01 00:00:48,,
SO.94810184,94810184,1,7,2018-08-06,2018-07-31,1,1.0,2.0,1,1,1,2,115.0,1,1821134,2519027,27169421010,895,68868364010,55468,POINT (-757073.5 -1044672.53),True,2018-09-01 00:21:08,20180831_OB_539309_UKSH.xml.gz,2018-09-01 00:21:08,2026-02-01 00:00:48,change
SO.94810184,94810184,1,7,2026-01-08,2018-07-31,1,1.0,2.0,1,1,1,2,115.0,11,4852736,7496056,27169421010,895,68868364010,55468,POINT (-757073.5 -1044672.53),True,2026-02-01 00:00:48,20260131_OB_539309_UKSH.xml.zip,2026-02-01 00:00:48,,
SO.94810486,94810486,1,7,2018-08-06,2018-07-31,1,1.0,2.0,1,1,1,2,103.0,1,1821169,2518103,27166372010,897,68868366010,55468,POINT (-757052.09 -1044673.04),True,2018-09-01 00:21:08,20180831_OB_539309_UKSH.xml.gz,2018-09-01 00:21:08,2026-02-01 00:00:48,change
SO.94810486,94810486,1,7,2026-01-08,2018-07-31,1,1.0,2.0,1,1,1,2,103.0,11,4852736,7496056,27166372010,897,68868366010,55468,POINT (-757052.09 -1044673.04),True,2026-02-01 00:00:48,20260131_OB_539309_UKSH.xml.zip,2026-02-01 00:00:48,,
SO.94871736,94871736,1,7,2018-08-15,2018-08-14,1,1.0,1.0,1,3,1,2,114.0,1,1828027,2529361,27255336010,904,68603780010,55468,POINT (-757997.92 -1043877.16),True,2018-09-01 00:21:08,20180831_OB_539309_UKSH.xml.gz,2018-09-01 00:21:08,2026-02-01 00:00:48,change
SO.94871736,94871736,1,7,2026-01-08,2018-08-14,1,1.0,1.0,1,3,1,2,114.0,15,4852736,7496056,27255336010,904,68603780010,55468,POINT (-757997.92 -1043877.16),True,2026-02-01 00:00:48,20260131_OB_539309_UKSH.xml.zip,2026-02-01 00:00:48,,
SO.94872741,94872741,1,7,2018-08-15,2018-08-14,4,1.0,2.0,1,1,1,2,198.0,1,1828128,2516911,,894,50832167010,55468,POINT (-757236.48 -1043990.04),False,2018-09-01 00:21:08,20180831_OB_539309_UKSH.xml.gz,2018-09-01 00:21:08,2019-06-01 00:12:39,change
SO.94872741,94872741,1,7,2018-08-15,2018-08-14,4,1.0,2.0,1,1,1,2,198.0,1,1828128,2852699,29586265010,894,50832167010,55468,POINT (-757236.48 -1043990.04),True,2019-06-01 00:12:39,20190531_OB_539309_UKSH.xml.zip,2019-06-01 00:12:39,2026-02-01 00:00:48,change
SO.94872741,94872741,1,7,2026-01-08,2018-08-14,4,1.0,2.0,1,1,1,2,198.0,11,4852736,7496056,29586265010,894,50832167010,55468,POINT (-757236.48 -1043990.04),True,2026-02-01 00:00:48,20260131_OB_539309_UKSH.xml.zip,2026-02-01 00:00:48,,
SO.94946485,94946485,1,7,2018-08-27,2018-08-24,1,1.0,1.0,1,3,1,2,200.0,1,1833623,2528349,,898,68818785010,55468,POINT (-757513.06 -1044286.89),False,2018-09-01 00:21:08,20180831_OB_539309_UKSH.xml.gz,2018-09-01 00:21:08,2019-02-01 00:13:01,change
SO.94946485,94946485,1,7,2018-08-27,2018-08-24,1,1.0,1.0,1,3,1,2,200.0,1,1833623,2736253,29211253010,898,68818785010,55468,POINT (-757513.06 -1044286.89),True,2019-02-01 00:13:01,20190131_OB_539309_UKSH.xml.zip,2019-02-01 00:13:01,2026-02-01 00:00:48,change
SO.94946485,94946485,1,7,2026-01-08,2018-08-24,1,1.0,1.0,1,3,1,2,200.0,15,4852736,7496056,29211253010,898,68818785010,55468,POINT (-757513.06 -1044286.89),True,2026-02-01 00:00:48,20260131_OB_539309_UKSH.xml.zip,2026-02-01 00:00:48,,
SO.94955310,94955310,1,7,2018-08-27,2018-08-27,6,1.0,1.0,1,3,1,2,118.0,1,1834157,2529147,,903,68942791010,55468,POINT (-757332.99 -1044245.68),False,2018-09-01 00:21:08,20180831_OB_539309_UKSH.xml.gz,2018-09-01 00:21:08,2018-10-01 00:09:09,change
SO.94955310,94955310,1,7,2018-08-27,2018-08-27,6,1.0,1.0,1,3,1,2,118.0,1,1834157,2547901,27658484010,903,68942791010,55468,POINT (-757332.99 -1044245.68),True,2018-10-01 00:09:09,20180930_OB_539309_UKSH.xml.gz,2018-10-01 00:09:09,2023-09-01 00:02:20,change
SO.94955310,94955310,1,7,2023-08-07,2023-07-25,6,1.0,1.0,1,3,1,2,147.0,1,3133004,5056643,27658484010,903,68942791010,55468,POINT (-757332.99 -1044245.68),True,2023-09-01 00:02:20,20230831_OB_539309_UKSH.xml.zip,2023-09-01 00:02:20,2026-02-01 00:00:48,change
SO.94955310,94955310,1,7,2026-01-08,2023-07-25,64,1.0,1.0,1,3,1,2,147.0,15,4852736,7496056,27658484010,903,68942791010,55468,POINT (-757332.99 -1044245.68),True,2026-02-01 00:00:48,20260131_OB_539309_UKSH.xml.zip,2026-02-01 00:00:48,,
SO.95179976,95179976,3,19,2018-09-19,,,,,,,,,,,1850701,2559850,27595642010,,61400068010,,POINT (-757195.78 -1044300.44),True,2018-10-01 00:09:09,20180930_OB_539309_UKSH.xml.gz,2018-10-01 00:09:09,,
SO.95219404,95219404,1,7,2018-09-25,2018-08-23,1,2.0,2.0,1,3,1,2,132.0,1,1853102,2565523,,857,67644146010,55468,POINT (-757459.85 -1044546.21),False,2018-10-01 00:09:09,20180930_OB_539309_UKSH.xml.gz,2018-10-01 00:09:09,2018-11-01 00:14:44,change
SO.95219404,95219404,1,7,2018-09-25,2018-08-23,1,2.0,2.0,1,3,1,2,132.0,1,1853102,2588580,26591412010,857,67644146010,55468,POINT (-757459.85 -1044546.21),True,2018-11-01 00:14:44,20181031_OB_539309_UKSH.xml.gz,2018-11-01 00:14:44,,
SO.95219447,95219447,1,7,2018-09-25,2018-08-23,1,2.0,2.0,1,1,1,2,132.0,1,1853106,2565548,,859,67644147010,55468,POINT (-757482.31 -1044545.99),False,2018-10-01 00:09:09,20180930_OB_539309_UKSH.xml.gz,2018-10-01 00:09:09,2018-11-01 00:14:44,change
SO.95219447,95219447,1,7,2018-09-25,2018-08-23,1,2.0,2.0,1,1,1,2,132.0,1,1853106,2588580,26591387010,859,67644147010,55468,POINT (-757482.31 -1044545.99),True,2018-11-01 00:14:44,20181031_OB_539309_UKSH.xml.gz,2018-11-01 00:14:44,2026-02-01 00:00:48,change
SO.95219447,95219447,1,7,2026-01-08,2018-08-23,1,2.0,2.0,1,1,1,2,132.0,16,4852736,7496056,26591387010,859,67644147010,55468,POINT (-757482.31 -1044545.99),True,2026-02-01 00:00:48,20260131_OB_539309_UKSH.xml.zip,2026-02-01 00:00:48,,
SO.95277200,95277200,1,7,2018-10-02,2018-10-02,1,1.0,1.0,1,3,1,2,227.0,1,1857260,2571894,,805,67717776010,55468,POINT (-756939.77 -1044406.41),False,2018-11-01 00:14:44,20181031_OB_539309_UKSH.xml.gz,2018-11-01 00:14:44,2022-08-01 00:03:03,change
SO.95277200,95277200,1,7,2018-10-02,2018-10-02,1,1.0,1.0,1,3,1,2,227.0,1,1857260,4475113,59032612010,805,67717776010,55468,POINT (-756939.77 -1044406.41),True,2022-08-01 00:03:03,20220731_OB_539309_UKSH.xml.zip,2022-08-01 00:03:03,,
SO.95346996,95346996,1,7,2018-10-10,,7,1.0,2.0,1,3,1,2,103.0,1,1862393,2584872,,905,67849750010,55468,POINT (-757844.12 -1044030.45),False,2018-11-01 00:14:44,20181031_OB_539309_UKSH.xml.gz,2018-11-01 00:14:44,2018-12-02 00:00:03,change
SO.95346996,95346996,1,7,2018-10-10,,7,1.0,2.0,1,3,1,2,103.0,1,1862393,2640506,28946518010,905,67849750010,55468,POINT (-757844.12 -1044030.45),True,2018-12-02 00:00:03,20181201_OB_539309_UKSH.xml.gz,2018-12-02 00:00:03,2021-05-01 00:17:22,change
SO.95346996,95346996,1,7,2021-04-26,2020-12-17,1,1.0,2.0,1,3,1,2,103.0,1,2475085,3792630,28946518010,905,67849750010,55468,POINT (-757844.12 -1044030.45),True,2021-05-01 00:17:22,20210430_OB_539309_UKSH.xml.zip,2021-05-01 00:17:22,,
SO.95359451,95359451,1,7,2018-10-12,2018-10-11,7,1.0,2.0,1,3,1,2,66.0,1,1863329,2603923,28839372010,602,68525113010,55468,POINT (-757542.81 -1044020.77),True,2018-11-01 00:14:44,20181031_OB_539309_UKSH.xml.gz,2018-11-01 00:14:44,,
SO.95389440,95389440,1,7,2018-10-16,2018-10-16,1,1.0,1.0,1,3,1,2,192.0,1,1865359,2591111,,907,69045303010,55468,POINT (-757507.55 -1044135.43),False,2018-11-01 00:14:44,20181031_OB_539309_UKSH.xml.gz,2018-11-01 00:14:44,2018-12-02 00:00:03,change
SO.95389440,95389440,1,7,2018-10-16,2018-10-16,1,1.0,1.0,1,3,1,2,192.0,1,1865359,2629143,28914514010,907,69045303010,55468,POINT (-757507.55 -1044135.43),True,2018-12-02 00:00:03,20181201_OB_539309_UKSH.xml.gz,2018-12-02 00:00:03,2026-02-01 00:00:48,change
SO.95389440,95389440,1,7,2026-01-08,2018-10-16,1,1.0,1.0,1,3,1,2,192.0,11,4852736,7496056,28914514010,907,69045303010,55468,POINT (-757507.55 -1044135.43),True,2026-02-01 00:00:48,20260131_OB_539309_UKSH.xml.zip,2026-02-01 00:00:48,,
SO.95390413,95390413,1,7,2018-10-16,2018-10-16,1,1.0,2.0,1,1,1,2,174.0,1,1865449,2591301,,906,68869188010,55468,POINT (-757913.54 -1043960.87),False,2018-11-01 00:14:44,20181031_OB_539309_UKSH.xml.gz,2018-11-01 00:14:44,2019-01-01 00:09:44,change
SO.95390413,95390413,1,7,2018-10-16,2018-10-16,1,1.0,2.0,1,1,1,2,174.0,1,1865449,2697994,29093137010,906,68869188010,55468,POINT (-757913.54 -1043960.87),True,2019-01-01 00:09:44,20181231_OB_539309_UKSH.xml.zip,2019-01-01 00:09:44,2022-11-01 00:06:54,change
SO.95390413,95390413,1,7,2018-10-16,2018-10-16,1,1.0,2.0,1,1,1,2,174.0,1,1865449,2697994,29093137010,906,68869188010,55468,POINT (-757913.54 -1043960.87),True,2022-11-01 00:06:54,20221031_OB_539309_UKSH.xml.zip,2022-11-01 00:06:54,,
SO.95427678,95427678,1,7,2018-10-19,2018-10-18,1,1.0,2.0,1,1,1,2,103.0,1,1868636,2597236,,891,68868367010,55468,POINT (-757036.14 -1044673.38),False,2018-11-01 00:14:44,20181031_OB_539309_UKSH.xml.gz,2018-11-01 00:14:44,2018-12-02 00:00:03,change
SO.95427678,95427678,1,7,2018-10-19,2018-10-18,1,1.0,2.0,1,1,1,2,103.0,1,1868636,2618666,28878443010,891,68868367010,55468,POINT (-757036.14 -1044673.38),True,2018-12-02 00:00:03,20181201_OB_539309_UKSH.xml.gz,2018-12-02 00:00:03,2026-02-01 00:00:48,change
SO.95427678,95427678,1,7,2026-01-08,2018-10-18,1,1.0,2.0,1,1,1,2,103.0,11,4852736,7496056,28878443010,891,68868367010,55468,POINT (-757036.14 -1044673.38),True,2026-02-01 00:00:48,20260131_OB_539309_UKSH.xml.zip,2026-02-01 00:00:48,,
SO.95519467,95519467,1,7,2018-10-29,2018-10-25,7,1.0,2.0,,3,1,2,74.0,1,1875128,2610760,,843,67426964010,55468,POINT (-757931.73 -1043947.89),False,2018-11-01 00:14:44,20181031_OB_539309_UKSH.xml.gz,2018-11-01 00:14:44,2018-12-02 00:00:03,change
SO.95519467,95519467,1,7,2018-10-29,2018-10-25,7,1.0,2.0,,3,1,2,74.0,1,1875128,2630246,28914398010,843,67426964010,55468,POINT (-757931.73 -1043947.89),True,2018-12-02 00:00:03,20181201_OB_539309_UKSH.xml.gz,2018-12-02 00:00:03,,
SO.95637371,95637371,1,7,2018-11-12,,7,1.0,2.0,1,,1,,87.0,1,1883724,2640502,28946551010,600,70669202010,55468,POINT (-757548.47 -1044055.88),True,2018-12-02 00:00:03,20181201_OB_539309_UKSH.xml.gz,2018-12-02 00:00:03,2019-12-01 00:05:31,change
SO.95637371,95637371,1,7,2019-11-13,2019-11-13,7,1.0,2.0,1,3,1,2,87.0,1,2127722,3109532,28946551010,600,70669202010,55468,POINT (-757548.47 -1044055.88),True,2019-12-01 00:05:31,20191130_OB_539309_UKSH.xml.zip,2019-12-01 00:05:31,2026-02-01 00:00:48,change
SO.95637371,95637371,1,7,2026-01-08,2019-11-13,7,1.0,2.0,1,3,1,2,87.0,15,4852736,7496056,28946551010,600,70669202010,55468,POINT (-757548.47 -1044055.88),True,2026-02-01 00:00:48,20260131_OB_539309_UKSH.xml.zip,2026-02-01 00:00:48,,
SO.95689834,95689834,1,7,2018-11-16,2018-11-15,1,1.0,2.0,1,1,1,2,103.0,1,1887416,2636863,,896,68868365010,55468,POINT (-757061.82 -1044672.87),False,2018-12-02 00:00:03,20181201_OB_539309_UKSH.xml.gz,2018-12-02 00:00:03,2019-01-01 00:09:44,change
SO.95689834,95689834,1,7,2018-11-16,2018-11-15,1,1.0,2.0,1,1,1,2,103.0,1,1887416,2672304,29017453010,896,68868365010,55468,POINT (-757061.82 -1044672.87),True,2019-01-01 00:09:44,20181231_OB_539309_UKSH.xml.zip,2019-01-01 00:09:44,,
SO.95690514,95690514,1,7,2018-11-16,2018-11-15,1,1.0,2.0,1,1,1,2,70.0,1,1887468,2636958,,915,69258707010,55468,POINT (-757101.78 -1044644.06),False,2018-12-02 00:00:03,20181201_OB_539309_UKSH.xml.gz,2018-12-02 00:00:03,2019-01-01 00:09:44,change
SO.95690514,95690514,1,7,2018-11-16,2018-11-15,1,1.0,2.0,1,1,1,2,70.0,1,1887468,2673836,29017507010,915,69258707010,55468,POINT (-757101.78 -1044644.06),True,2019-01-01 00:09:44,20181231_OB_539309_UKSH.xml.zip,2019-01-01 00:09:44,2026-02-01 00:00:48,change
SO.95690514,95690514,1,7,2026-01-08,2018-11-15,1,1.0,2.0,1,1,1,2,70.0,11,4852736,7496056,29017507010,915,69258707010,55468,POINT (-757101.78 -1044644.06),True,2026-02-01 00:00:48,20260131_OB_539309_UKSH.xml.zip,2026-02-01 00:00:48,,
SO.95692657,95692657,1,6,2018-11-22,2018-11-15,1,30.0,4.0,1,3,1,1,525.0,1,1891345,2644990,26301326010,728,63738532010,55468,POINT (-757424.65 -1044498.99),True,2018-12-02 00:00:03,20181201_OB_539309_UKSH.xml.gz,2018-12-02 00:00:03,2026-02-01 00:00:48,change
SO.95692657,95692657,1,6,2026-01-08,2018-11-15,1,30.0,4.0,1,3,1,1,525.0,11,4852736,7496056,26301326010,728,63738532010,55468,POINT (-757424.65 -1044498.99),True,2026-02-01 00:00:48,20260131_OB_539309_UKSH.xml.zip,2026-02-01 00:00:48,,
SO.95694161,95694161,1,7,2018-11-16,2018-11-15,1,1.0,2.0,1,1,1,2,70.0,1,1887695,2637506,,919,69258711010,55468,POINT (-757101.55 -1044609.99),False,2018-12-02 00:00:03,20181201_OB_539309_UKSH.xml.gz,2018-12-02 00:00:03,2019-01-01 00:09:44,change
SO.95694161,95694161,1,7,2018-11-16,2018-11-15,1,1.0,2.0,1,1,1,2,70.0,1,1887695,2670923,29017462010,919,69258711010,55468,POINT (-757101.55 -1044609.99),True,2019-01-01 00:09:44,20181231_OB_539309_UKSH.xml.zip,2019-01-01 00:09:44,2026-02-01 00:00:48,change
SO.95694161,95694161,1,7,2026-01-08,2018-11-15,1,1.0,2.0,1,1,1,2,70.0,11,4852736,7496056,29017462010,919,69258711010,55468,POINT (-757101.55 -1044609.99),True,2026-02-01 00:00:48,20260131_OB_539309_UKSH.xml.zip,2026-02-01 00:00:48,,
SO.95699881,95699881,1,7,2018-11-19,2018-10-25,7,1.0,2.0,1,3,1,2,67.0,1,1888083,2638365,,908,70798808010,55468,POINT (-756912.08 -1044386.33),False,2018-12-02 00:00:03,20181201_OB_539309_UKSH.xml.gz,2018-12-02 00:00:03,2019-02-01 00:13:01,change
SO.95699881,95699881,1,7,2018-11-19,2018-10-25,7,1.0,2.0,1,3,1,2,67.0,1,1888083,2733277,29208127010,908,70798808010,55468,POINT (-756912.08 -1044386.33),True,2019-02-01 00:13:01,20190131_OB_539309_UKSH.xml.zip,2019-02-01 00:13:01,2026-02-01 00:00:48,change
SO.95699881,95699881,1,7,2026-01-08,2018-10-25,7,1.0,2.0,1,3,1,2,67.0,16,4852736,7496056,29208127010,908,70798808010,55468,POINT (-756912.08 -1044386.33),True,2026-02-01 00:00:48,20260131_OB_539309_UKSH.xml.zip,2026-02-01 00:00:48,,
SO.95729712,95729712,1,7,2018-11-21,2018-11-21,1,2.0,2.0,1,3,1,2,133.0,1,1890470,2643371,,861,67644148010,55468,POINT (-757470.89 -1044510.99),False,2018-12-02 00:00:03,20181201_OB_539309_UKSH.xml.gz,2018-12-02 00:00:03,2019-01-01 00:09:44,change
SO.95729712,95729712,1,7,2018-11-21,2018-11-21,1,2.0,2.0,1,3,1,2,133.0,1,1890470,2667862,26671382010,861,67644148010,55468,POINT (-757470.89 -1044510.99),True,2019-01-01 00:09:44,20181231_OB_539309_UKSH.xml.zip,2019-01-01 00:09:44,2026-02-01 00:00:48,change
SO.95729712,95729712,1,7,2026-01-08,2018-11-21,1,2.0,2.0,1,3,1,2,133.0,16,4852736,7496056,26671382010,861,67644148010,55468,POINT (-757470.89 -1044510.99),True,2026-02-01 00:00:48,20260131_OB_539309_UKSH.xml.zip,2026-02-01 00:00:48,,
SO.95730435,95730435,1,7,2018-11-21,2018-11-21,1,2.0,2.0,1,3,1,2,134.0,1,1890491,2643410,,863,67644149010,55468,POINT (-757477.19 -1044486.06),False,2018-12-02 00:00:03,20181201_OB_539309_UKSH.xml.gz,2018-12-02 00:00:03,2019-01-01 00:09:44,change
SO.95730435,95730435,1,7,2018-11-21,2018-11-21,1,2.0,2.0,1,3,1,2,134.0,1,1890491,2667862,26671423010,863,67644149010,55468,POINT (-757477.19 -1044486.06),True,2019-01-01 00:09:44,20181231_OB_539309_UKSH.xml.zip,2019-01-01 00:09:44,2020-03-01 00:05:20,change
SO.95730435,95730435,1,7,2018-11-21,2018-11-21,1,2.0,2.0,1,3,1,2,134.0,1,1890491,2667862,26671423010,863,67644149010,55468,POINT (-757477.19 -1044486.06),True,2020-03-01 00:05:20,20200229_OB_539309_UKSH.xml.zip,2020-03-01 00:05:20,,
SO.95900071,95900071,1,7,2018-11-27,2018-11-15,1,1.0,2.0,1,1,1,2,70.0,1,1898408,2654277,,911,70780612010,55468,POINT (-757103.24 -1044678.91),False,2018-12-02 00:00:03,20181201_OB_539309_UKSH.xml.gz,2018-12-02 00:00:03,2019-01-01 00:09:44,change
SO.95900071,95900071,1,7,2018-11-27,2018-11-15,1,1.0,2.0,1,1,1,2,70.0,1,1898408,2671474,29010557010,911,70780612010,55468,POINT (-757103.24 -1044678.91),True,2019-01-01 00:09:44,20181231_OB_539309_UKSH.xml.zip,2019-01-01 00:09:44,,
SO.95900578,95900578,1,7,2018-11-27,2018-11-15,1,1.0,2.0,1,1,1,2,59.0,1,1898473,2654313,,912,70780613010,55468,POINT (-757102.57 -1044672.25),False,2018-12-02 00:00:03,20181201_OB_539309_UKSH.xml.gz,2018-12-02 00:00:03,2019-01-01 00:09:44,change
SO.95900578,95900578,1,7,2018-11-27,2018-11-15,1,1.0,2.0,1,1,1,2,59.0,1,1898473,2670764,29010517010,912,70780613010,55468,POINT (-757102.57 -1044672.25),True,2019-01-01 00:09:44,20181231_OB_539309_UKSH.xml.zip,2019-01-01 00:09:44,,
SO.95901850,95901850,1,7,2018-11-27,2018-11-15,1,1.0,2.0,1,1,1,2,59.0,1,1898578,2654463,,913,70780614010,55468,POINT (-757102.48 -1044665.49),False,2018-12-02 00:00:03,20181201_OB_539309_UKSH.xml.gz,2018-12-02 00:00:03,2019-01-01 00:09:44,change
SO.95901850,95901850,1,7,2018-11-27,2018-11-15,1,1.0,2.0,1,1,1,2,59.0,1,1898578,2672311,29010573010,913,70780614010,55468,POINT (-757102.48 -1044665.49),True,2019-01-01 00:09:44,20181231_OB_539309_UKSH.xml.zip,2019-01-01 00:09:44,,
SO.95975497,95975497,1,7,2018-11-30,2018-11-29,1,1.0,2.0,1,1,1,2,115.0,1,1904498,2663536,,931,62802408010,55468,POINT (-757068.28 -1044576.56),False,2018-12-02 00:00:03,20181201_OB_539309_UKSH.xml.gz,2018-12-02 00:00:03,2019-01-01 00:09:44,change
SO.95975497,95975497,1,7,2018-11-30,2018-11-29,1,1.0,2.0,1,1,1,2,115.0,1,1904498,2697047,29086208010,931,62802408010,55468,POINT (-757068.28 -1044576.56),True,2019-01-01 00:09:44,20181231_OB_539309_UKSH.xml.zip,2019-01-01 00:09:44,,
SO.96104414,96104414,1,15,2018-12-14,2018-12-10,1,0.0,1.0,3,3,1,2,122.0,1,1916626,2686530,23468040010,930,53917046010,55468,POINT (-756752.08 -1044068.1),True,2019-01-01 00:09:44,20181231_OB_539309_UKSH.xml.zip,2019-01-01 00:09:44,2026-02-01 00:00:48,change
SO.96104414,96104414,1,15,2026-01-08,2018-12-10,1,0.0,1.0,3,3,1,2,122.0,15,4852736,7496056,23468040010,930,53917046010,55468,POINT (-756752.08 -1044068.1),True,2026-02-01 00:00:48,20260131_OB_539309_UKSH.xml.zip,2026-02-01 00:00:48,,
SO.96157950,96157950,1,7,2018-12-20,,1,1.0,1.0,1,3,1,2,165.0,1,1919791,2691648,,929,69850967010,55468,POINT (-757040.8 -1044447.15),False,2019-01-01 00:09:44,20181231_OB_539309_UKSH.xml.zip,2019-01-01 00:09:44,2019-02-01 00:13:01,change
SO.96157950,96157950,1,7,2018-12-20,,1,1.0,1.0,1,3,1,2,165.0,1,1919791,2737713,29109121010,929,69850967010,55468,POINT (-757040.8 -1044447.15),True,2019-02-01 00:13:01,20190131_OB_539309_UKSH.xml.zip,2019-02-01 00:13:01,2019-12-01 00:05:31,change
SO.96157950,96157950,1,7,2019-11-13,2019-11-13,1,1.0,1.0,1,3,1,2,165.0,1,2127084,3108338,29109121010,929,69850967010,55468,POINT (-757040.8 -1044447.15),True,2019-12-01 00:05:31,20191130_OB_539309_UKSH.xml.zip,2019-12-01 00:05:31,2026-02-01 00:00:48,change
SO.96157950,96157950,1,7,2026-01-08,2019-11-13,1,1.0,1.0,1,3,1,2,165.0,15,4852736,7496056,29109121010,929,69850967010,55468,POINT (-757040.8 -1044447.15),True,2026-02-01 00:00:48,20260131_OB_539309_UKSH.xml.zip,2026-02-01 00:00:48,,
SO.96163194,96163194,1,7,2018-12-20,2018-12-14,1,1.0,2.0,1,3,1,2,177.0,1,1920211,2692621,,845,67322397010,55468,POINT (-757085.62 -1044458.36),False,2019-01-01 00:09:44,20181231_OB_539309_UKSH.xml.zip,2019-01-01 00:09:44,2019-02-01 00:13:01,change
SO.96163194,96163194,1,7,2018-12-20,2018-12-14,1,1.0,2.0,1,3,1,2,177.0,1,1920211,2714242,29148129010,845,67322397010,55468,POINT (-757085.62 -1044458.36),True,2019-02-01 00:13:01,20190131_OB_539309_UKSH.xml.zip,2019-02-01 00:13:01,2026-02-01 00:00:48,change
SO.96163194,96163194,1,7,2026-01-08,2018-12-14,1,1.0,2.0,1,3,1,2,177.0,16,4852736,7496056,29148129010,845,67322397010,55468,POINT (-757085.62 -1044458.36),True,2026-02-01 00:00:48,20260131_OB_539309_UKSH.xml.zip,2026-02-01 00:00:48,,
SO.96166932,96166932,1,7,2018-12-20,2018-12-17,1,1.0,2.0,1,1,1,2,59.0,1,1920522,2693326,,921,69258713010,55468,POINT (-757100.59 -1044596.01),False,2019-01-01 00:09:44,20181231_OB_539309_UKSH.xml.zip,2019-01-01 00:09:44,2019-02-01 00:13:01,change
SO.96166932,96166932,1,7,2018-12-20,2018-12-17,1,1.0,2.0,1,1,1,2,59.0,1,1920522,2714479,29148154010,921,69258713010,55468,POINT (-757100.59 -1044596.01),True,2019-02-01 00:13:01,20190131_OB_539309_UKSH.xml.zip,2019-02-01 00:13:01,2026-02-01 00:00:48,change
SO.96166932,96166932,1,7,2026-01-08,2018-12-17,1,1.0,2.0,1,1,1,2,59.0,11,4852736,7496056,29148154010,921,69258713010,55468,POINT (-757100.59 -1044596.01),True,2026-02-01 00:00:48,20260131_OB_539309_UKSH.xml.zip,2026-02-01 00:00:48,,
SO.96168005,96168005,1,7,2018-12-20,2018-12-17,1,1.0,2.0,1,1,1,2,59.0,1,1920610,2693388,,920,69258712010,55468,POINT (-757101.3 -1044602.9),False,2019-01-01 00:09:44,20181231_OB_539309_UKSH.xml.zip,2019-01-01 00:09:44,2019-02-01 00:13:01,change
SO.96168005,96168005,1,7,2018-12-20,2018-12-17,1,1.0,2.0,1,1,1,2,59.0,1,1920610,2714260,29148143010,920,69258712010,55468,POINT (-757101.3 -1044602.9),True,2019-02-01 00:13:01,20190131_OB_539309_UKSH.xml.zip,2019-02-01 00:13:01,2026-02-01 00:00:48,change
SO.96168005,96168005,1,7,2026-01-08,2018-12-17,1,1.0,2.0,1,1,1,2,59.0,11,4852736,7496056,29148143010,920,69258712010,55468,POINT (-757101.3 -1044602.9),True,2026-02-01 00:00:48,20260131_OB_539309_UKSH.xml.zip,2026-02-01 00:00:48,,
SO.96170573,96170573,1,7,2018-12-20,,1,1.0,2.0,1,1,1,2,59.0,1,1920933,2693825,,917,69258709010,55468,POINT (-757101.65 -1044630.56),False,2019-01-01 00:09:44,20181231_OB_539309_UKSH.xml.zip,2019-01-01 00:09:44,2019-02-01 00:13:01,change
SO.96170573,96170573,1,7,2019-01-17,2019-01-17,1,1.0,2.0,1,1,1,2,59.0,1,1934390,2720929,29148158010,917,69258709010,55468,POINT (-757101.65 -1044630.56),True,2019-02-01 00:13:01,20190131_OB_539309_UKSH.xml.zip,2019-02-01 00:13:01,2026-02-01 00:00:48,change
SO.96170573,96170573,1,7,2026-01-08,2019-01-17,1,1.0,2.0,1,1,1,2,59.0,11,4852736,7496056,29148158010,917,69258709010,55468,POINT (-757101.65 -1044630.56),True,2026-02-01 00:00:48,20260131_OB_539309_UKSH.xml.zip,2026-02-01 00:00:48,,
SO.96351365,96351365,1,7,2019-01-17,2019-01-17,1,1.0,2.0,1,1,1,2,59.0,1,1934488,2734040,29208164010,916,69258708010,55468,POINT (-757101.81 -1044637.2),True,2019-02-01 00:13:01,20190131_OB_539309_UKSH.xml.zip,2019-02-01 00:13:01,2026-02-01 00:00:48,change
SO.96351365,96351365,1,7,2026-01-08,2019-01-17,1,1.0,2.0,1,1,1,2,59.0,11,4852736,7496056,29208164010,916,69258708010,55468,POINT (-757101.81 -1044637.2),True,2026-02-01 00:00:48,20260131_OB_539309_UKSH.xml.zip,2026-02-01 00:00:48,,
SO.96355379,96355379,1,7,2019-01-18,2019-01-17,1,1.0,2.0,1,1,1,2,70.0,1,1934823,2735502,29212168010,918,69258710010,55468,POINT (-757101.46 -1044623.24),True,2019-02-01 00:13:01,20190131_OB_539309_UKSH.xml.zip,2019-02-01 00:13:01,2026-02-01 00:00:48,change
SO.96355379,96355379,1,7,2026-01-08,2019-01-17,1,1.0,2.0,1,1,1,2,70.0,11,4852736,7496056,29212168010,918,69258710010,55468,POINT (-757101.46 -1044623.24),True,2026-02-01 00:00:48,20260131_OB_539309_UKSH.xml.zip,2026-02-01 00:00:48,,
SO.96356405,96356405,1,7,2019-01-18,2019-01-15,6,1.0,2.0,1,3,1,2,74.0,1,1934900,2734624,29212091010,909,69577110010,55468,POINT (-756757.11 -1044264.31),True,2019-02-01 00:13:01,20190131_OB_539309_UKSH.xml.zip,2019-02-01 00:13:01,2026-02-01 00:00:48,change
SO.96356405,96356405,1,7,2026-01-08,2019-01-15,61,1.0,2.0,1,3,1,2,74.0,15,4852736,7496056,29212091010,909,69577110010,55468,POINT (-756757.11 -1044264.31),True,2026-02-01 00:00:48,20260131_OB_539309_UKSH.xml.zip,2026-02-01 00:00:48,,
SO.96359757,96359757,1,7,2019-01-18,2018-12-17,1,1.0,2.0,1,1,1,2,77.0,1,1935137,2731201,29200192010,928,69274249010,55468,POINT (-757024.78 -1044451.48),True,2019-02-01 00:13:01,20190131_OB_539309_UKSH.xml.zip,2019-02-01 00:13:01,2026-02-01 00:00:48,change
SO.96359757,96359757,1,7,2026-01-08,2018-12-17,1,1.0,2.0,1,1,1,2,77.0,11,4852736,7496056,29200192010,928,69274249010,55468,POINT (-757024.78 -1044451.48),True,2026-02-01 00:00:48,20260131_OB_539309_UKSH.xml.zip,2026-02-01 00:00:48,,
SO.96409843,96409843,1,7,2019-01-24,2019-01-24,1,1.0,2.0,1,1,1,2,110.0,1,1938962,2729738,,934,70304417010,55468,POINT (-756799.27 -1044317.61),False,2019-02-01 00:13:01,20190131_OB_539309_UKSH.xml.zip,2019-02-01 00:13:01,2019-03-02 00:00:07,change
SO.96409843,96409843,1,7,2019-01-24,2019-01-24,1,1.0,2.0,1,1,1,2,110.0,1,1938962,2747292,29254291010,934,70304417010,55468,POINT (-756799.27 -1044317.61),True,2019-03-02 00:00:07,20190301_OB_539309_UKSH.xml.zip,2019-03-02 00:00:07,2026-02-01 00:00:48,change
SO.96409843,96409843,1,7,2026-01-08,2019-01-24,1,1.0,2.0,1,1,1,2,110.0,11,4852736,7496056,29254291010,934,70304417010,55468,POINT (-756799.27 -1044317.61),True,2026-02-01 00:00:48,20260131_OB_539309_UKSH.xml.zip,2026-02-01 00:00:48,,
SO.96412429,96412429,1,7,2019-01-24,2019-01-24,1,1.0,2.0,1,1,1,2,110.0,1,1939079,2729813,,933,70304416010,55468,POINT (-756813.85 -1044325.67),False,2019-02-01 00:13:01,20190131_OB_539309_UKSH.xml.zip,2019-02-01 00:13:01,2019-03-02 00:00:07,change
SO.96412429,96412429,1,7,2019-01-24,2019-01-24,1,1.0,2.0,1,1,1,2,110.0,1,1939079,2746061,29252075010,933,70304416010,55468,POINT (-756813.85 -1044325.67),True,2019-03-02 00:00:07,20190301_OB_539309_UKSH.xml.zip,2019-03-02 00:00:07,2026-02-01 00:00:48,change
SO.96412429,96412429,1,7,2026-01-08,2019-01-24,1,1.0,2.0,1,1,1,2,110.0,11,4852736,7496056,29252075010,933,70304416010,55468,POINT (-756813.85 -1044325.67),True,2026-02-01 00:00:48,20260131_OB_539309_UKSH.xml.zip,2026-02-01 00:00:48,,
SO.96462035,96462035,1,7,2019-01-31,2019-01-31,1,1.0,2.0,1,3,1,2,132.0,1,1942878,2737210,,866,67427704010,55468,POINT (-757324.64 -1044272.82),False,2019-02-01 00:13:01,20190131_OB_539309_UKSH.xml.zip,2019-02-01 00:13:01,2019-03-02 00:00:07,change
SO.96462035,96462035,1,7,2019-01-31,2019-01-31,1,1.0,2.0,1,3,1,2,132.0,1,1942878,2762166,29297151010,866,67427704010,55468,POINT (-757324.64 -1044272.82),True,2019-03-02 00:00:07,20190301_OB_539309_UKSH.xml.zip,2019-03-02 00:00:07,2026-02-01 00:00:48,change
SO.96462035,96462035,1,7,2026-01-08,2019-01-31,1,1.0,2.0,1,3,1,2,132.0,15,4852736,7496056,29297151010,866,67427704010,55468,POINT (-757324.64 -1044272.82),True,2026-02-01 00:00:48,20260131_OB_539309_UKSH.xml.zip,2026-02-01 00:00:48,,
SO.96507233,96507233,1,7,2019-02-06,,7,1.0,2.0,1,3,1,,66.0,1,1945970,2755835,29279072010,599,68525115010,55468,POINT (-757540.19 -1044054.45),True,2019-03-02 00:00:07,20190301_OB_539309_UKSH.xml.zip,2019-03-02 00:00:07,2019-12-01 00:05:31,change
SO.96507233,96507233,1,7,2019-11-25,2019-11-25,7,1.0,2.0,1,3,1,2,66.0,1,2138581,3129697,29279072010,599,68525115010,55468,POINT (-757540.19 -1044054.45),True,2019-12-01 00:05:31,20191130_OB_539309_UKSH.xml.zip,2019-12-01 00:05:31,2026-02-01 00:00:48,change
SO.96507233,96507233,1,7,2026-01-08,2019-11-25,7,1.0,2.0,1,3,1,2,66.0,15,4852736,7496056,29279072010,599,68525115010,55468,POINT (-757540.19 -1044054.45),True,2026-02-01 00:00:48,20260131_OB_539309_UKSH.xml.zip,2026-02-01 00:00:48,,
SO.96507675,96507675,1,7,2019-02-06,,7,1.0,2.0,1,3,1,2,68.0,1,1946028,2743738,,598,68525116010,55468,POINT (-757535.03 -1044050.98),False,2019-03-02 00:00:07,20190301_OB_539309_UKSH.xml.zip,2019-03-02 00:00:07,2019-04-01 00:06:53,change
SO.96507675,96507675,1,7,2019-03-12,,7,1.0,2.0,1,3,1,2,68.0,1,1967248,2786911,29387080010,598,68525116010,55468,POINT (-757532.36 -1044053.49),True,2019-04-01 00:06:53,20190331_OB_539309_UKSH.xml.zip,2019-04-01 00:06:53,2024-01-01 00:00:34,change
SO.96507675,96507675,1,7,2023-12-23,2019-12-31,7,1.0,2.0,1,3,1,2,68.0,1,3269823,5297923,29387080010,598,68525116010,55468,POINT (-757532.36 -1044053.49),True,2024-01-01 00:00:34,20231231_OB_539309_UKSH.xml.zip,2024-01-01 00:00:34,,
SO.96519525,96519525,1,7,2019-02-06,2019-01-31,1,1.0,2.0,1,3,1,2,177.0,1,1946839,2758656,29283101010,850,67322402010,55468,POINT (-757075.64 -1044530.19),True,2019-03-02 00:00:07,20190301_OB_539309_UKSH.xml.zip,2019-03-02 00:00:07,2026-02-01 00:00:48,change
SO.96519525,96519525,1,7,2026-01-08,2019-01-31,1,1.0,2.0,1,3,1,2,177.0,16,4852736,7496056,29283101010,850,67322402010,55468,POINT (-757075.64 -1044530.19),True,2026-02-01 00:00:48,20260131_OB_539309_UKSH.xml.zip,2026-02-01 00:00:48,,
SO.96519657,96519657,1,7,2019-02-06,2019-01-31,1,1.0,2.0,1,3,1,2,177.0,1,1946855,2755436,29278226010,849,67322401010,55468,POINT (-757077.08 -1044516.54),True,2019-03-02 00:00:07,20190301_OB_539309_UKSH.xml.zip,2019-03-02 00:00:07,2026-02-01 00:00:48,change
SO.96519657,96519657,1,7,2026-01-08,2019-01-31,1,1.0,2.0,1,3,1,2,177.0,16,4852736,7496056,29278226010,849,67322401010,55468,POINT (-757077.08 -1044516.54),True,2026-02-01 00:00:48,20260131_OB_539309_UKSH.xml.zip,2026-02-01 00:00:48,,
SO.96571144,96571144,1,7,2019-02-13,,1,1.0,2.0,1,3,1,2,114.0,1,1950858,2753304,,935,71379681010,55468,POINT (-756889.33 -1044363.81),False,2019-03-02 00:00:07,20190301_OB_539309_UKSH.xml.zip,2019-03-02 00:00:07,2019-04-01 00:06:53,change
SO.96571144,96571144,1,7,2019-02-13,,1,1.0,2.0,1,3,1,2,114.0,1,1950858,2810289,29307209010,935,71379681010,55468,POINT (-756889.33 -1044363.81),True,2019-04-01 00:06:53,20190331_OB_539309_UKSH.xml.zip,2019-04-01 00:06:53,2024-01-01 00:00:34,change
SO.96571144,96571144,1,7,2023-12-23,2019-12-31,1,1.0,2.0,1,3,1,2,114.0,1,3269823,5297923,29307209010,935,71379681010,55468,POINT (-756889.33 -1044363.81),True,2024-01-01 00:00:34,20231231_OB_539309_UKSH.xml.zip,2024-01-01 00:00:34,2026-02-01 00:00:48,change
SO.96571144,96571144,1,7,2026-01-08,2019-12-31,1,1.0,2.0,1,3,1,2,114.0,11,4852736,7496056,29307209010,935,71379681010,55468,POINT (-756889.33 -1044363.81),True,2026-02-01 00:00:48,20260131_OB_539309_UKSH.xml.zip,2026-02-01 00:00:48,,
SO.96613408,96613408,1,7,2019-02-18,2019-02-18,1,1.0,2.0,1,3,1,2,177.0,1,1953844,2772601,29334145010,847,67322399010,55468,POINT (-757081.84 -1044491.75),True,2019-03-02 00:00:07,20190301_OB_539309_UKSH.xml.zip,2019-03-02 00:00:07,2026-02-01 00:00:48,change
SO.96613408,96613408,1,7,2026-01-08,2019-02-18,1,1.0,2.0,1,3,1,2,177.0,16,4852736,7496056,29334145010,847,67322399010,55468,POINT (-757081.84 -1044491.75),True,2026-02-01 00:00:48,20260131_OB_539309_UKSH.xml.zip,2026-02-01 00:00:48,,
SO.96613483,96613483,1,7,2019-02-18,2019-02-18,1,1.0,2.0,1,3,1,2,177.0,1,1953884,2772789,29334162010,848,67322400010,55468,POINT (-757079.49 -1044505.54),True,2019-03-02 00:00:07,20190301_OB_539309_UKSH.xml.zip,2019-03-02 00:00:07,2026-02-01 00:00:48,change
SO.96613483,96613483,1,7,2026-01-08,2019-02-18,1,1.0,2.0,1,3,1,2,177.0,16,4852736,7496056,29334162010,848,67322400010,55468,POINT (-757079.49 -1044505.54),True,2026-02-01 00:00:48,20260131_OB_539309_UKSH.xml.zip,2026-02-01 00:00:48,,
SO.96618728,96618728,1,7,2019-02-19,2019-02-18,1,1.0,2.0,1,1,1,2,70.0,1,1954312,2772594,29334104010,914,70780615010,55468,POINT (-757102.95 -1044658.35),True,2019-03-02 00:00:07,20190301_OB_539309_UKSH.xml.zip,2019-03-02 00:00:07,2026-02-01 00:00:48,change
SO.96618728,96618728,1,7,2026-01-08,2019-02-18,1,1.0,2.0,1,1,1,2,70.0,11,4852736,7496056,29334104010,914,70780615010,55468,POINT (-757102.95 -1044658.35),True,2026-02-01 00:00:48,20260131_OB_539309_UKSH.xml.zip,2026-02-01 00:00:48,,
SO.96618825,96618825,1,7,2019-02-19,2019-02-18,1,1.0,2.0,1,1,1,2,71.0,1,1954321,2773026,29334263010,925,70780618010,55468,POINT (-757073.02 -1044627.99),True,2019-03-02 00:00:07,20190301_OB_539309_UKSH.xml.zip,2019-03-02 00:00:07,2026-02-01 00:00:48,change
SO.96618825,96618825,1,7,2026-01-08,2019-02-18,1,1.0,2.0,1,1,1,2,71.0,11,4852736,7496056,29334263010,925,70780618010,55468,POINT (-757073.02 -1044627.99),True,2026-02-01 00:00:48,20260131_OB_539309_UKSH.xml.zip,2026-02-01 00:00:48,,
SO.96618876,96618876,1,7,2019-02-19,2019-02-18,1,1.0,2.0,1,1,1,2,71.0,1,1954319,2760044,,924,70780617010,55468,POINT (-757072.16 -1044622.18),False,2019-03-02 00:00:07,20190301_OB_539309_UKSH.xml.zip,2019-03-02 00:00:07,2019-04-01 00:06:53,change
SO.96618876,96618876,1,7,2019-02-19,2019-02-18,1,1.0,2.0,1,1,1,2,71.0,1,1954319,2774632,29341112010,924,70780617010,55468,POINT (-757072.16 -1044622.18),True,2019-04-01 00:06:53,20190331_OB_539309_UKSH.xml.zip,2019-04-01 00:06:53,2026-02-01 00:00:48,change
SO.96618876,96618876,1,7,2026-01-08,2019-02-18,1,1.0,2.0,1,1,1,2,71.0,11,4852736,7496056,29341112010,924,70780617010,55468,POINT (-757072.16 -1044622.18),True,2026-02-01 00:00:48,20260131_OB_539309_UKSH.xml.zip,2026-02-01 00:00:48,,
SO.96618922,96618922,1,7,2019-02-19,2019-02-18,1,1.0,2.0,1,1,1,2,71.0,1,1954325,2772618,29334168010,926,70780619010,55468,POINT (-757072.83 -1044635.13),True,2019-03-02 00:00:07,20190301_OB_539309_UKSH.xml.zip,2019-03-02 00:00:07,2026-02-01 00:00:48,change
SO.96618922,96618922,1,7,2026-01-08,2019-02-18,1,1.0,2.0,1,1,1,2,71.0,11,4852736,7496056,29334168010,926,70780619010,55468,POINT (-757072.83 -1044635.13),True,2026-02-01 00:00:48,20260131_OB_539309_UKSH.xml.zip,2026-02-01 00:00:48,,
SO.96619171,96619171,1,7,2019-02-19,2019-02-18,1,1.0,2.0,1,1,1,2,96.0,1,1954335,2760143,,923,70780616010,55468,POINT (-757072.45 -1044614.66),False,2019-03-02 00:00:07,20190301_OB_539309_UKSH.xml.zip,2019-03-02 00:00:07,2019-04-01 00:06:53,change
SO.96619171,96619171,1,7,2019-02-19,2019-02-18,1,1.0,2.0,1,1,1,2,96.0,1,1954335,2774406,29339108010,923,70780616010,55468,POINT (-757072.45 -1044614.66),True,2019-04-01 00:06:53,20190331_OB_539309_UKSH.xml.zip,2019-04-01 00:06:53,2026-02-01 00:00:48,change
SO.96619171,96619171,1,7,2026-01-08,2019-02-18,1,1.0,2.0,1,1,1,2,96.0,11,4852736,7496056,29339108010,923,70780616010,55468,POINT (-757072.45 -1044614.66),True,2026-02-01 00:00:48,20260131_OB_539309_UKSH.xml.zip,2026-02-01 00:00:48,,
SO.96946199,96946199,1,7,2019-04-01,,6,1.0,2.0,1,3,1,2,62.0,1,1979466,2837092,29535217010,607,68508946010,55468,POINT (-757544.12 -1043995.82),True,2019-05-01 00:13:50,20190430_OB_539309_UKSH.xml.zip,2019-05-01 00:13:50,2024-01-01 00:00:34,change
SO.96946199,96946199,1,7,2023-12-23,2019-12-31,6,1.0,2.0,1,3,1,2,62.0,1,3269823,5297923,29535217010,607,68508946010,55468,POINT (-757544.12 -1043995.82),True,2024-01-01 00:00:34,20231231_OB_539309_UKSH.xml.zip,2024-01-01 00:00:34,,
SO.97036803,97036803,1,7,2019-04-10,,1,1.0,1.0,1,1,1,2,340.0,1,1985624,2835459,29531243010,900,71962817010,55468,POINT (-757441.48 -1044140.12),True,2019-05-01 00:13:50,20190430_OB_539309_UKSH.xml.zip,2019-05-01 00:13:50,2020-01-01 00:10:25,change
SO.97036803,97036803,1,7,2019-12-18,2019-12-17,1,1.0,1.0,1,1,1,2,340.0,1,2169994,3179440,29531243010,900,71962817010,55468,POINT (-757441.48 -1044140.12),True,2020-01-01 00:10:25,20191231_OB_539309_UKSH.xml.zip,2020-01-01 00:10:25,2025-12-01 00:00:29,change
SO.97036803,97036803,1,7,2025-11-04,2025-10-08,1,1.0,1.0,1,1,1,2,340.0,16,4688036,7282283,29531243010,900,71962817010,55468,POINT (-757441.48 -1044140.12),True,2025-12-01 00:00:29,20251130_OB_539309_UKSH.xml.zip,2025-12-01 00:00:29,,
SO.97150312,97150312,1,6,2019-04-25,2019-04-12,1,110.0,5.0,1,1,1,1,2561.0,1,1994731,2841779,,910,69525917010,55468,POINT (-756622.5 -1044295.4),False,2019-05-01 00:13:50,20190430_OB_539309_UKSH.xml.zip,2019-05-01 00:13:50,2019-06-01 00:12:39,change
SO.97150312,97150312,1,6,2019-05-06,2019-04-12,1,110.0,5.0,1,1,1,1,2561.0,1,1997953,2848334,28978651010,910,69525917010,55468,POINT (-756631.96 -1044285.62),True,2019-06-01 00:12:39,20190531_OB_539309_UKSH.xml.zip,2019-06-01 00:12:39,2026-02-01 00:00:48,change
SO.97150312,97150312,1,6,2026-01-08,2019-04-12,1,110.0,5.0,1,1,1,1,2561.0,11,4852736,7496056,28978651010,910,69525917010,55468,POINT (-756631.96 -1044285.62),True,2026-02-01 00:00:48,20260131_OB_539309_UKSH.xml.zip,2026-02-01 00:00:48,,
SO.97482072,97482072,1,7,2019-06-05,2019-06-04,6,1.0,1.0,1,3,1,2,234.0,1,2018201,2890687,,932,72621914010,55468,POINT (-757294.56 -1044197.97),False,2019-07-01 00:07:42,20190630_OB_539309_UKSH.xml.zip,2019-07-01 00:07:42,2019-08-01 00:09:38,change
SO.97482072,97482072,1,7,2019-06-05,2019-06-04,6,1.0,1.0,1,3,1,2,234.0,1,2018201,2934977,29828527010,932,72621914010,55468,POINT (-757294.56 -1044197.97),True,2019-08-01 00:09:38,20190731_OB_539309_UKSH.xml.zip,2019-08-01 00:09:38,2026-02-01 00:00:48,change
SO.97482072,97482072,1,7,2026-01-08,2019-06-04,62,1.0,1.0,1,3,1,2,234.0,16,4852736,7496056,29828527010,932,72621914010,55468,POINT (-757294.56 -1044197.97),True,2026-02-01 00:00:48,20260131_OB_539309_UKSH.xml.zip,2026-02-01 00:00:48,,
SO.97906212,97906212,1,6,2019-07-18,2019-07-11,1,30.0,4.0,1,3,1,1,540.0,1,2047238,2946700,,936,69411332010,55468,POINT (-757346.58 -1044618.96),False,2019-08-01 00:09:38,20190731_OB_539309_UKSH.xml.zip,2019-08-01 00:09:38,2020-01-01 00:10:25,change
SO.97906212,97906212,1,6,2019-07-18,2019-07-11,1,30.0,4.0,1,3,1,1,540.0,1,2047238,3158792,28941503010,936,69411332010,55468,POINT (-757346.58 -1044618.96),True,2020-01-01 00:10:25,20191231_OB_539309_UKSH.xml.zip,2020-01-01 00:10:25,2026-02-01 00:00:48,change
SO.97906212,97906212,1,6,2026-01-08,2019-07-11,1,30.0,4.0,1,3,1,1,540.0,11,4852736,7496056,28941503010,936,69411332010,55468,POINT (-757346.58 -1044618.96),True,2026-02-01 00:00:48,20260131_OB_539309_UKSH.xml.zip,2026-02-01 00:00:48,,
SO.97985783,97985783,1,7,2019-07-29,2014-06-24,1,1.0,2.0,1,3,1,2,132.0,1,2053298,2960342,,677,75068380010,55468,POINT (-757068.8 -1043788.86),False,2019-08-01 00:09:38,20190731_OB_539309_UKSH.xml.zip,2019-08-01 00:09:38,2019-09-01 00:05:16,change
SO.97985783,97985783,1,7,2019-07-29,2014-06-24,1,1.0,2.0,1,3,1,2,132.0,1,2053298,2981689,29968567010,677,75068380010,55468,POINT (-757068.8 -1043788.86),True,2019-09-01 00:05:16,20190831_OB_539309_UKSH.xml.zip,2019-09-01 00:05:16,2021-06-02 00:00:04,change
SO.97985783,97985783,1,7,2019-07-29,2014-06-24,1,1.0,2.0,1,3,1,2,132.0,1,2053298,2981689,29968567010,677,75068380010,55468,POINT (-757068.8 -1043788.86),True,2021-06-02 00:00:04,20210601_OB_539309_UKSH.xml.zip,2021-06-02 00:00:04,,
SO.98044508,98044508,3,16,2019-08-05,2018-11-20,,,,,,,,11.0,,2057654,2969018,,,74952814010,,POINT (-757368.61 -1044723.94),False,2019-09-01 00:05:16,20190831_OB_539309_UKSH.xml.zip,2019-09-01 00:05:16,2019-12-01 00:05:31,change
SO.98044508,98044508,3,16,2019-11-27,2018-11-20,,,,,,,,11.0,,2141298,3134583,30923812010,,74952814010,,POINT (-757367.61 -1044726.49),True,2019-12-01 00:05:31,20191130_OB_539309_UKSH.xml.zip,2019-12-01 00:05:31,,
SO.98048040,98048040,1,7,2019-08-05,2019-07-30,1,1.0,2.0,1,1,1,2,82.0,1,2057932,2969481,,943,74798730010,55468,POINT (-756827.32 -1044333.87),False,2019-09-01 00:05:16,20190831_OB_539309_UKSH.xml.zip,2019-09-01 00:05:16,2019-10-01 00:09:28,change
SO.98048040,98048040,1,7,2019-08-05,2019-07-30,1,1.0,2.0,1,1,1,2,82.0,1,2057932,3007255,30050550010,943,74798730010,55468,POINT (-756827.32 -1044333.87),True,2019-10-01 00:09:28,20190930_OB_539309_UKSH.xml.zip,2019-10-01 00:09:28,2026-02-01 00:00:48,change
SO.98048040,98048040,1,7,2026-01-08,2019-07-30,1,1.0,2.0,1,1,1,2,82.0,11,4852736,7496056,30050550010,943,74798730010,55468,POINT (-756827.32 -1044333.87),True,2026-02-01 00:00:48,20260131_OB_539309_UKSH.xml.zip,2026-02-01 00:00:48,,
SO.98049259,98049259,1,7,2019-08-05,2019-08-05,1,3.0,2.0,1,3,1,2,178.0,1,2058050,2969660,,940,71113388010,55468,POINT (-757392.75 -1044613.47),False,2019-09-01 00:05:16,20190831_OB_539309_UKSH.xml.zip,2019-09-01 00:05:16,2019-12-01 00:05:31,change
SO.98049259,98049259,1,7,2019-08-05,2019-08-05,1,3.0,2.0,1,3,1,2,178.0,1,2058050,3091048,29440194010,940,71113388010,55468,POINT (-757392.75 -1044613.47),True,2019-12-01 00:05:31,20191130_OB_539309_UKSH.xml.zip,2019-12-01 00:05:31,2026-02-01 00:00:48,change
SO.98049259,98049259,1,7,2026-01-08,2019-08-05,1,3.0,2.0,1,3,1,2,178.0,16,4852736,7496056,29440194010,940,71113388010,55468,POINT (-757392.75 -1044613.47),True,2026-02-01 00:00:48,20260131_OB_539309_UKSH.xml.zip,2026-02-01 00:00:48,,
SO.98051971,98051971,1,7,2019-08-05,2019-08-05,1,3.0,2.0,1,3,1,2,178.0,1,2058230,2969987,,939,71113387010,55468,POINT (-757392.12 -1044583.74),False,2019-09-01 00:05:16,20190831_OB_539309_UKSH.xml.zip,2019-09-01 00:05:16,2019-12-01 00:05:31,change
SO.98051971,98051971,1,7,2019-08-05,2019-08-05,1,3.0,2.0,1,3,1,2,178.0,1,2058230,3091049,29475171010,939,71113387010,55468,POINT (-757392.12 -1044583.74),True,2019-12-01 00:05:31,20191130_OB_539309_UKSH.xml.zip,2019-12-01 00:05:31,2026-02-01 00:00:48,change
SO.98051971,98051971,1,7,2026-01-08,2019-08-05,1,3.0,2.0,1,3,1,2,178.0,16,4852736,7496056,29475171010,939,71113387010,55468,POINT (-757392.12 -1044583.74),True,2026-02-01 00:00:48,20260131_OB_539309_UKSH.xml.zip,2026-02-01 00:00:48,,
SO.98374320,98374320,1,7,2019-09-10,2019-08-01,1,1.0,3.0,1,1,1,2,167.0,1,2080847,3021612,30078455010,717,75447663010,55468,POINT (-757913.8 -1043701.79),True,2019-10-01 00:09:28,20190930_OB_539309_UKSH.xml.zip,2019-10-01 00:09:28,2026-02-01 00:00:48,change
SO.98374320,98374320,1,7,2026-01-08,2019-08-01,1,1.0,3.0,1,1,1,2,167.0,11,4852736,7496056,30078455010,717,75447663010,55468,POINT (-757913.8 -1043701.79),True,2026-02-01 00:00:48,20260131_OB_539309_UKSH.xml.zip,2026-02-01 00:00:48,,
SO.98527924,98527924,1,7,2019-09-25,,1,1.0,3.0,1,1,1,2,222.0,1,2092077,3039717,,942,74905538010,55468,POINT (-757958.68 -1044123.98),False,2019-10-01 00:09:28,20190930_OB_539309_UKSH.xml.zip,2019-10-01 00:09:28,2019-11-01 00:11:05,change
SO.98527924,98527924,1,7,2019-09-25,,1,1.0,3.0,1,1,1,2,222.0,1,2092077,3071356,30227545010,942,74905538010,55468,POINT (-757958.68 -1044123.98),True,2019-11-01 00:11:05,20191031_OB_539309_UKSH.xml.zip,2019-11-01 00:11:05,2024-01-01 00:00:34,change
SO.98527924,98527924,1,7,2023-12-23,2019-12-31,1,1.0,3.0,1,1,1,2,222.0,1,3269823,5297923,30227545010,942,74905538010,55468,POINT (-757958.68 -1044123.98),True,2024-01-01 00:00:34,20231231_OB_539309_UKSH.xml.zip,2024-01-01 00:00:34,,
SO.98703285,98703285,1,6,2019-10-14,2019-10-11,1,30.0,4.0,1,3,1,1,540.0,3,2104391,3064605,,937,69411331010,55468,POINT (-757347.68 -1044664.61),False,2019-11-01 00:11:05,20191031_OB_539309_UKSH.xml.zip,2019-11-01 00:11:05,2020-01-01 00:10:25,change
SO.98703285,98703285,1,6,2019-10-14,2019-10-11,1,30.0,4.0,1,3,1,1,540.0,3,2104391,3156518,28939453010,937,69411331010,55468,POINT (-757347.68 -1044664.61),True,2020-01-01 00:10:25,20191231_OB_539309_UKSH.xml.zip,2020-01-01 00:10:25,,
SO.98757181,98757181,1,7,2019-10-18,2019-10-18,1,1.0,2.0,1,1,1,2,169.0,1,2108549,3073222,,944,75909594010,55468,POINT (-757736.81 -1044397.57),False,2019-11-01 00:11:05,20191031_OB_539309_UKSH.xml.zip,2019-11-01 00:11:05,2019-12-01 00:05:31,change
SO.98757181,98757181,1,7,2019-10-18,2019-10-18,1,1.0,2.0,1,1,1,2,169.0,1,2108549,3135682,30900155010,944,75909594010,55468,POINT (-757736.81 -1044397.57),True,2019-12-01 00:05:31,20191130_OB_539309_UKSH.xml.zip,2019-12-01 00:05:31,2022-12-01 00:05:50,change
SO.98757181,98757181,1,7,2019-10-18,2019-10-18,1,1.0,2.0,1,1,1,2,169.0,1,2108549,3135682,30900155010,944,75909594010,55468,POINT (-757736.81 -1044397.57),True,2022-12-01 00:05:50,20221130_OB_539309_UKSH.xml.zip,2022-12-01 00:05:50,2026-02-01 00:00:48,change
SO.98757181,98757181,1,7,2026-01-08,2019-10-18,1,1.0,2.0,1,1,1,2,169.0,11,4852736,7496056,30900155010,944,75909594010,55468,POINT (-757736.81 -1044397.57),True,2026-02-01 00:00:48,20260131_OB_539309_UKSH.xml.zip,2026-02-01 00:00:48,,
SO.98757598,98757598,3,19,2019-10-18,2019-10-18,1,0.0,1.0,1,3,1,2,16.0,4,2108574,3073281,,,75909595010,,POINT (-757748.59 -1044398.48),False,2019-11-01 00:11:05,20191031_OB_539309_UKSH.xml.zip,2019-11-01 00:11:05,,
SO.98771001,98771001,1,7,2019-10-21,2019-10-18,1,3.0,2.0,1,3,1,2,178.0,1,2109683,3075447,,941,71113389010,55468,POINT (-757393.38 -1044647.27),False,2019-11-01 00:11:05,20191031_OB_539309_UKSH.xml.zip,2019-11-01 00:11:05,2019-12-01 00:05:31,change
SO.98771001,98771001,1,7,2019-10-21,2019-10-18,1,3.0,2.0,1,3,1,2,178.0,1,2109683,3091071,29428254010,941,71113389010,55468,POINT (-757393.38 -1044647.27),True,2019-12-01 00:05:31,20191130_OB_539309_UKSH.xml.zip,2019-12-01 00:05:31,2022-01-01 00:03:43,change
SO.98771001,98771001,1,7,2021-12-30,2019-10-18,1,1.0,2.0,1,3,1,2,59.0,1,2674667,4146014,29428254010,941,86101106010,55468,POINT (-757393.38 -1044647.27),True,2022-01-01 00:03:43,20211231_OB_539309_UKSH.xml.zip,2022-01-01 00:03:43,2022-02-01 00:11:47,change
SO.98771001,98771001,1,7,2021-12-30,2019-10-18,1,1.0,2.0,1,3,1,2,59.0,1,2674667,4154539,,941,86101106010,55468,POINT (-757393.38 -1044647.27),False,2022-02-01 00:11:47,20220131_OB_539309_UKSH.xml.zip,2022-02-01 00:11:47,2026-02-01 00:00:48,change
SO.98771001,98771001,1,7,2021-12-30,2019-10-18,1,1.0,2.0,1,3,1,2,59.0,1,2674667,7490588,29428254010,941,86101106010,55468,POINT (-757393.38 -1044647.27),True,2026-02-01 00:00:48,20260131_OB_539309_UKSH.xml.zip,2026-02-01 00:00:48,,
SO.98771159,98771159,1,7,2019-10-21,2019-10-18,1,3.0,2.0,1,3,1,2,178.0,1,2109668,3075400,,945,71113390010,55468,POINT (-757394.86 -1044678.19),False,2019-11-01 00:11:05,20191031_OB_539309_UKSH.xml.zip,2019-11-01 00:11:05,2019-12-01 00:05:31,change
SO.98771159,98771159,1,7,2019-10-21,2019-10-18,1,3.0,2.0,1,3,1,2,178.0,1,2109668,3091072,29425197010,945,71113390010,55468,POINT (-757394.86 -1044678.19),True,2019-12-01 00:05:31,20191130_OB_539309_UKSH.xml.zip,2019-12-01 00:05:31,,
SO.98809008,98809008,3,19,2019-11-20,2015-03-09,1,0.0,2.0,4,3,2,2,37.0,4,2133785,3121171,30055421010,,23736836010,,POINT (-756900.86 -1044142.39),True,2019-12-01 00:05:31,20191130_OB_539309_UKSH.xml.zip,2019-12-01 00:05:31,2022-11-01 00:06:54,change
SO.98809008,98809008,3,19,2019-11-20,2015-03-09,1,0.0,2.0,4,3,2,2,37.0,4,2133785,3121171,30055421010,,23736836010,,POINT (-756900.86 -1044142.39),True,2022-11-01 00:06:54,20221031_OB_539309_UKSH.xml.zip,2022-11-01 00:06:54,2023-02-01 00:07:01,change
SO.98809008,98809008,3,19,2019-11-20,2015-03-09,1,0.0,2.0,4,3,2,2,37.0,4,2133785,3121171,30055421010,,23736836010,,POINT (-756900.86 -1044142.39),True,2023-02-01 00:07:01,20230131_OB_539309_UKSH.xml.zip,2023-02-01 00:07:01,,
SO.98809024,98809024,3,16,2019-11-20,2018-03-15,7,0.0,1.0,4,3,2,2,12.0,4,2112569,3120812,29847528010,,67824702010,,POINT (-757247.11 -1044782),True,2019-12-01 00:05:31,20191130_OB_539309_UKSH.xml.zip,2019-12-01 00:05:31,,
SO.98809041,98809041,3,18,2019-11-20,2015-06-15,1,0.0,1.0,4,3,2,2,31.0,4,2133765,3121150,29759477010,,48994181010,,POINT (-757820.38 -1044125.28),True,2019-12-01 00:05:31,20191130_OB_539309_UKSH.xml.zip,2019-12-01 00:05:31,2022-11-01 00:06:54,change
SO.98809041,98809041,3,18,2019-11-20,2015-06-15,1,0.0,1.0,4,3,2,2,31.0,4,2133765,3121150,29759477010,,48994181010,,POINT (-757820.38 -1044125.28),True,2022-11-01 00:06:54,20221031_OB_539309_UKSH.xml.zip,2022-11-01 00:06:54,,
SO.98822675,98822675,1,7,2019-10-27,2019-10-25,1,1.0,2.0,1,1,1,2,111.0,1,2113639,3083481,,952,75900090010,55468,POINT (-756678.73 -1044518.15),False,2019-11-01 00:11:05,20191031_OB_539309_UKSH.xml.zip,2019-11-01 00:11:05,2019-12-01 00:05:31,change
SO.98822675,98822675,1,7,2019-10-27,2019-10-25,1,1.0,2.0,1,1,1,2,111.0,1,2113639,3107374,30717690010,952,75900090010,55468,POINT (-756678.73 -1044518.15),True,2019-12-01 00:05:31,20191130_OB_539309_UKSH.xml.zip,2019-12-01 00:05:31,2026-02-01 00:00:48,change
SO.98822675,98822675,1,7,2026-01-08,2019-10-25,1,1.0,2.0,1,1,1,2,111.0,11,4852736,7496056,30717690010,952,75900090010,55468,POINT (-756678.73 -1044518.15),True,2026-02-01 00:00:48,20260131_OB_539309_UKSH.xml.zip,2026-02-01 00:00:48,,
SO.99018209,99018209,3,16,2019-11-12,2019-11-12,11,0.0,1.0,4,3,2,2,20.0,4,2125729,3106435,,,61786927010,,POINT (-756673.09 -1044388.54),False,2019-12-01 00:05:31,20191130_OB_539309_UKSH.xml.zip,2019-12-01 00:05:31,2024-07-01 00:00:35,change
SO.99018209,99018209,3,16,2024-06-19,2019-11-12,11,0.0,1.0,4,3,2,2,7.0,4,3500560,5682031,60267354010,,92025678010,,POINT (-756673.5 -1044387.79),True,2024-07-01 00:00:35,20240630_OB_539309_UKSH.xml.zip,2024-07-01 00:00:35,,
SO.99018454,99018454,3,16,2019-11-12,2019-11-12,11,0.0,1.0,4,3,2,2,6.0,4,2125965,3106689,,,71015429010,,POINT (-756881.7 -1044735.08),False,2019-12-01 00:05:31,20191130_OB_539309_UKSH.xml.zip,2019-12-01 00:05:31,,
SO.99302667,99302667,1,6,2019-11-28,2019-11-28,1,30.0,4.0,1,3,1,1,540.0,3,2143587,3138125,,938,69411330010,55468,POINT (-757349.77 -1044710.78),False,2019-12-01 00:05:31,20191130_OB_539309_UKSH.xml.zip,2019-12-01 00:05:31,2020-02-01 00:11:13,change
SO.99302667,99302667,1,6,2019-11-28,2019-11-28,1,30.0,4.0,1,3,1,1,540.0,3,2143587,3201358,29367152010,938,69411330010,55468,POINT (-757349.77 -1044710.78),True,2020-02-01 00:11:13,20200131_OB_539309_UKSH.xml.zip,2020-02-01 00:11:13,2026-02-01 00:00:48,change
SO.99302667,99302667,1,6,2026-01-08,2019-11-28,1,30.0,4.0,1,3,1,1,540.0,35,4852736,7496056,29367152010,938,69411330010,55468,POINT (-757349.77 -1044710.78),True,2026-02-01 00:00:48,20260131_OB_539309_UKSH.xml.zip,2026-02-01 00:00:48,,
SO.99361922,99361922,1,7,2019-12-02,2019-12-02,1,3.0,2.0,1,3,1,2,178.0,1,2147425,3185350,29438179010,946,71113391010,55468,POINT (-757395.77 -1044710.52),True,2020-01-01 00:10:25,20191231_OB_539309_UKSH.xml.zip,2020-01-01 00:10:25,2026-02-01 00:00:48,change
SO.99361922,99361922,1,7,2026-01-08,2019-12-02,1,3.0,2.0,1,3,1,2,178.0,15,4852736,7496056,29438179010,946,71113391010,55468,POINT (-757395.77 -1044710.52),True,2026-02-01 00:00:48,20260131_OB_539309_UKSH.xml.zip,2026-02-01 00:00:48,,
SO.99633124,99633124,1,15,2020-01-14,,7,0.0,2.0,1,3,1,2,531.0,1,2163742,3207372,,950,77419601010,55468,POINT (-756865.43 -1044704.62),False,2020-02-01 00:11:13,20200131_OB_539309_UKSH.xml.zip,2020-02-01 00:11:13,2020-05-01 00:08:10,change
SO.99633124,99633124,1,15,2020-01-14,,7,0.0,2.0,1,3,1,2,531.0,1,2163742,3318692,36243055010,950,77419601010,55468,POINT (-756865.43 -1044704.62),True,2020-05-01 00:08:10,20200430_OB_539309_UKSH.xml.zip,2020-05-01 00:08:10,2026-02-01 00:00:48,change
SO.99633124,99633124,1,15,2026-01-08,,7,0.0,2.0,1,3,1,2,531.0,16,4852736,7496056,36243055010,950,77419601010,55468,POINT (-756865.43 -1044704.62),True,2026-02-01 00:00:48,20260131_OB_539309_UKSH.xml.zip,2026-02-01 00:00:48,,
SO.99650355,99650355,1,7,2019-12-16,2019-12-16,6,1.0,1.0,1,3,1,2,182.0,1,2165071,3171890,,947,73933428010,55468,POINT (-757054.2 -1044226.9),False,2020-01-01 00:10:25,20191231_OB_539309_UKSH.xml.zip,2020-01-01 00:10:25,2020-07-01 00:08:30,change
SO.99650355,99650355,1,7,2019-12-16,2019-12-16,6,1.0,1.0,1,3,1,2,182.0,1,2165071,3378979,37314036010,947,73933428010,55468,POINT (-757054.2 -1044226.9),True,2020-07-01 00:08:30,20200630_OB_539309_UKSH.xml.zip,2020-07-01 00:08:30,2026-02-01 00:00:48,change
SO.99650355,99650355,1,7,2026-01-08,2019-12-16,6,1.0,1.0,1,3,1,2,182.0,11,4852736,7496056,37314036010,947,73933428010,55468,POINT (-757054.2 -1044226.9),True,2026-02-01 00:00:48,20260131_OB_539309_UKSH.xml.zip,2026-02-01 00:00:48,,
SO.99650908,99650908,3,19,2019-12-16,2019-12-16,1,0.0,1.0,1,3,1,2,46.0,3,2165109,3171905,,,73933432010,,POINT (-757076.45 -1044236.34),False,2020-01-01 00:10:25,20191231_OB_539309_UKSH.xml.zip,2020-01-01 00:10:25,2020-07-01 00:08:30,change
SO.99650908,99650908,3,19,2019-12-16,2019-12-16,1,0.0,1.0,1,3,1,2,46.0,3,2165109,3378980,37314037010,,73933432010,,POINT (-757076.45 -1044236.34),True,2020-07-01 00:08:30,20200630_OB_539309_UKSH.xml.zip,2020-07-01 00:08:30,,
SO.99675374,99675374,1,7,2019-12-17,2019-12-17,1,1.0,2.0,1,1,1,2,70.0,1,2166624,3174362,,927,70780620010,55468,POINT (-757072.93 -1044642.08),False,2020-01-01 00:10:25,20191231_OB_539309_UKSH.xml.zip,2020-01-01 00:10:25,2020-02-01 00:11:13,change
SO.99675374,99675374,1,7,2019-12-17,2019-12-17,1,1.0,2.0,1,1,1,2,70.0,1,2166624,3194621,32509945010,927,70780620010,55468,POINT (-757072.93 -1044642.08),True,2020-02-01 00:11:13,20200131_OB_539309_UKSH.xml.zip,2020-02-01 00:11:13,2026-02-01 00:00:48,change
SO.99675374,99675374,1,7,2026-01-08,2019-12-17,1,1.0,2.0,1,1,1,2,70.0,11,4852736,7496056,32509945010,927,70780620010,55468,POINT (-757072.93 -1044642.08),True,2026-02-01 00:00:48,20260131_OB_539309_UKSH.xml.zip,2026-02-01 00:00:48,,
SO.99676281,99676281,1,7,2019-12-17,2019-12-17,1,1.0,2.0,1,1,1,2,70.0,1,2166690,3174430,,922,69258714010,55468,POINT (-757100.53 -1044589.49),False,2020-01-01 00:10:25,20191231_OB_539309_UKSH.xml.zip,2020-01-01 00:10:25,2020-02-01 00:11:13,change
SO.99676281,99676281,1,7,2019-12-17,2019-12-17,1,1.0,2.0,1,1,1,2,70.0,1,2166690,3194439,32509957010,922,69258714010,55468,POINT (-757100.53 -1044589.49),True,2020-02-01 00:11:13,20200131_OB_539309_UKSH.xml.zip,2020-02-01 00:11:13,2026-02-01 00:00:48,change
SO.99676281,99676281,1,7,2026-01-08,2019-12-17,1,1.0,2.0,1,1,1,2,70.0,11,4852736,7496056,32509957010,922,69258714010,55468,POINT (-757100.53 -1044589.49),True,2026-02-01 00:00:48,20260131_OB_539309_UKSH.xml.zip,2026-02-01 00:00:48,,
SO.99755645,99755645,1,7,2019-12-19,2019-12-19,1,1.0,2.0,1,3,1,2,137.0,1,2171446,3181987,,955,40174167010,55468,POINT (-756751.07 -1044302.83),False,2020-01-01 00:10:25,20191231_OB_539309_UKSH.xml.zip,2020-01-01 00:10:25,2020-03-01 00:05:20,change
SO.99755645,99755645,1,7,2020-02-18,2019-12-19,1,1.0,2.0,1,3,1,2,137.0,1,2206888,3257979,33814950010,955,77399340010,55468,POINT (-756751.97 -1044297.13),True,2020-03-01 00:05:20,20200229_OB_539309_UKSH.xml.zip,2020-03-01 00:05:20,,
