Kod,typ_zmeny,zmenena_pole,TypStavebnihoObjektuKod,ZpusobVyuzitiKod,Dokonceni,DruhKonstrukceKod,PocetBytu,PocetPodlazi,PripojeniKanalizaceKod,PripojeniPlynKod,PripojeniVodovodKod,VybaveniVytahemKod,ZastavenaPlocha,ZpusobVytapeniKod,IsknBudovaId,CislaDomovni,IdentifikacniParcely,CastObceKod,datum_pred,datum_po
100184871,novy,,3,16,2014-01-20,1,0.0,1.0,2,3,1,2,757.0,4,33062948010,,72097654010,,2016-06-01 00:48:14,2026-07-01 00:03:10
100687661,novy,,1,7,2020-03-10,1,1.0,3.0,1,1,1,2,151.0,11,36353049010,953,77507246010,55468,2016-06-01 00:48:14,2026-07-01 00:03:10
100788971,novy,,3,18,2015-10-22,1,0.0,1.0,4,3,2,2,44.0,4,36412144010,,51614785010,,2016-06-01 00:48:14,2026-07-01 00:03:10
100983537,novy,,1,7,2020-04-20,1,1.0,2.0,1,1,1,2,245.0,11,37211080010,840,78225082010,55468,2016-06-01 00:48:14,2026-07-01 00:03:10
101420111,novy,,1,7,2020-06-04,4,1.0,2.0,1,3,1,2,123.0,16,37581091010,954,77850255010,55468,2016-06-01 00:48:14,2026-07-01 00:03:10
101498659,novy,,1,6,2020-06-15,1,40.0,5.0,1,3,1,1,692.0,11,29485171010,949,70689577010,55468,2016-06-01 00:48:14,2026-07-01 00:03:10
101498837,novy,,1,6,2020-06-14,1,40.0,5.0,1,3,1,1,692.0,11,28959606010,948,70560344010,55468,2016-06-01 00:48:14,2026-07-01 00:03:10
101498900,novy,,1,6,2020-07-18,1,40.0,5.0,1,3,1,1,692.0,11,29694404010,951,70689578010,55468,2016-06-01 00:48:14,2026-07-01 00:03:10
101533896,novy,,1,7,2021-09-21,6,1.0,2.0,1,3,1,2,63.0,15,41340043010,956,79325839010,55468,2016-06-01 00:48:14,2026-07-01 00:03:10
102194572,novy,,3,10,2015-01-21,1,0.0,1.0,1,1,1,2,68.0,3,14791715010,,19328902010,,2016-06-01 00:48:14,2026-07-01 00:03:10
102194602,novy,,3,19,2020-02-17,1,0.0,1.0,4,3,2,2,23.0,4,36341122010,,77829250010,,2016-06-01 00:48:14,2026-07-01 00:03:10
102194688,novy,,3,18,2017-09-21,1,0.0,1.0,4,3,2,2,37.0,4,892313210,,2303653210,,2016-06-01 00:48:14,2026-07-01 00:03:10
102260923,novy,,1,6,2020-08-06,1,30.0,4.0,1,3,1,1,737.0,15,32902944010,957,75475909010,55468,2016-06-01 00:48:14,2026-07-01 00:03:10
102344523,novy,,1,7,2022-03-15,1,1.0,1.0,1,3,1,2,160.0,11,39551044010,959,79515118010,55468,2016-06-01 00:48:14,2026-07-01 00:03:10
102689130,novy,,1,7,2021-09-27,1,1.0,1.0,1,3,1,2,149.0,16,49503367010,961,78752821010,55468,2016-06-01 00:48:14,2026-07-01 00:03:10
102959501,novy,,1,7,2020-10-19,1,1.0,2.0,1,3,1,2,67.0,16,41804045010,968,79406451010,55468,2016-06-01 00:48:14,2026-07-01 00:03:10
102962634,novy,,1,7,2020-10-06,1,1.0,2.0,1,3,1,2,93.0,16,41802044010,983,79409287010,55468,2016-06-01 00:48:14,2026-07-01 00:03:10
102962961,novy,,1,7,2020-10-12,1,1.0,2.0,1,3,1,2,77.0,16,41677148010,972,79405758010,55468,2016-06-01 00:48:14,2026-07-01 00:03:10
102963223,novy,,1,7,2020-10-09,1,1.0,2.0,1,3,1,2,67.0,11,41656107010,981,79409289010,55468,2016-06-01 00:48:14,2026-07-01 00:03:10
102963274,novy,,1,7,2020-10-06,1,1.0,2.0,1,3,1,2,80.0,16,41679045010,978,79406270010,55468,2016-06-01 00:48:14,2026-07-01 00:03:10
102963282,novy,,1,7,2020-10-09,1,1.0,2.0,1,3,1,2,80.0,16,41677067010,979,79406269010,55468,2016-06-01 00:48:14,2026-07-01 00:03:10
102963525,novy,,1,7,2020-10-08,1,1.0,2.0,1,3,1,2,75.0,16,41677081010,982,79409288010,55468,2016-06-01 00:48:14,2026-07-01 00:03:10
102964025,novy,,1,7,2020-10-08,1,1.0,2.0,1,3,1,2,97.0,16,41665051010,969,79406352010,55468,2016-06-01 00:48:14,2026-07-01 00:03:10
102964076,novy,,1,7,2020-10-12,1,1.0,2.0,1,3,1,2,80.0,16,41658051010,977,79406271010,55468,2016-06-01 00:48:14,2026-07-01 00:03:10
102965552,novy,,1,7,2020-10-12,1,1.0,2.0,1,3,1,2,80.0,16,41664044010,980,79406268010,55468,2016-06-01 00:48:14,2026-07-01 00:03:10
102965994,novy,,1,7,2020-10-12,1,1.0,2.0,1,3,1,2,77.0,16,41677046010,975,79405761010,55468,2016-06-01 00:48:14,2026-07-01 00:03:10
102966095,novy,,1,7,2020-10-12,1,1.0,2.0,1,3,1,2,67.0,16,42948180010,967,82045171010,55468,2016-06-01 00:48:14,2026-07-01 00:03:10
102966508,novy,,1,7,2020-10-12,1,1.0,2.0,1,3,1,2,77.0,16,41677114010,974,79405760010,55468,2016-06-01 00:48:14,2026-07-01 00:03:10
102966869,novy,,1,7,2020-10-12,1,1.0,2.0,1,3,1,2,66.0,16,41683049010,973,79405759010,55468,2016-06-01 00:48:14,2026-07-01 00:03:10
103115072,novy,,1,7,2020-10-22,1,1.0,2.0,1,3,1,2,59.0,16,36314098010,962,78291339010,55468,2016-06-01 00:48:14,2026-07-01 00:03:10
103115706,novy,,1,7,2020-10-22,1,1.0,2.0,1,3,1,2,66.0,16,42109126010,963,78291345010,55468,2016-06-01 00:48:14,2026-07-01 00:03:10
103115871,novy,,1,7,2020-10-22,1,1.0,2.0,1,3,1,2,66.0,16,42109127010,964,78291346010,55468,2016-06-01 00:48:14,2026-07-01 00:03:10
103115897,novy,,1,7,2020-10-22,1,1.0,2.0,1,3,1,2,66.0,16,42109128010,965,78291347010,55468,2016-06-01 00:48:14,2026-07-01 00:03:10
103432485,novy,,1,7,2020-11-24,1,1.0,2.0,1,1,1,2,167.0,11,42946104010,990,70552306010,55468,2016-06-01 00:48:14,2026-07-01 00:03:10
103534679,novy,,1,7,2020-11-16,1,1.0,2.0,1,3,1,2,59.0,1,36314092010,985,78291342010,55468,2016-06-01 00:48:14,2026-07-01 00:03:10
103534750,novy,,1,7,2020-11-16,1,1.0,2.0,1,3,1,2,66.0,16,43158248010,988,78291350010,55468,2016-06-01 00:48:14,2026-07-01 00:03:10
103534792,novy,,1,7,2020-11-16,1,1.0,2.0,1,3,1,2,58.0,16,43158247010,987,78291349010,55468,2016-06-01 00:48:14,2026-07-01 00:03:10
103534857,novy,,1,7,2020-11-16,1,1.0,2.0,1,3,1,2,66.0,16,43158245010,986,78291348010,55468,2016-06-01 00:48:14,2026-07-01 00:03:10
103591001,novy,,1,7,2020-12-11,1,1.0,2.0,1,3,1,2,129.0,11,43292122010,991,81941817010,55468,2016-06-01 00:48:14,2026-07-01 00:03:10
103593918,novy,,1,7,2020-11-04,1,1.0,3.0,1,3,1,2,148.0,16,44370118010,984,79893461010,55468,2016-06-01 00:48:14,2026-07-01 00:03:10
103594558,novy,,1,7,2020-10-13,1,1.0,1.0,1,3,1,2,149.0,16,43340103010,989,73352764010,55468,2016-06-01 00:48:14,2026-07-01 00:03:10
103595317,novy,,1,7,2020-11-16,1,1.0,2.0,1,3,1,2,106.0,16,43739145010,960,80798029010,55468,2016-06-01 00:48:14,2026-07-01 00:03:10
103659226,novy,,1,7,2021-01-07,1,1.0,2.0,1,3,1,2,211.0,16,16477550010,992,35917779010,55468,2016-06-01 00:48:14,2026-07-01 00:03:10
103704205,novy,,1,6,2021-01-08,1,28.0,4.0,1,3,1,1,540.0,15,31286810010,958,75475910010,55468,2016-06-01 00:48:14,2026-07-01 00:03:10
104100737,novy,,1,7,2021-02-23,1,1.0,2.0,1,1,1,2,115.0,11,45266127010,993,80948188010,55468,2016-06-01 00:48:14,2026-07-01 00:03:10
104100877,novy,,1,7,2021-03-01,1,1.0,2.0,1,1,1,2,174.0,11,45197134010,995,83192928010,55468,2016-06-01 00:48:14,2026-07-01 00:03:10
104272040,novy,,3,18,2021-03-08,1,0.0,1.0,4,3,2,2,16.0,4,45800195010,,83668129010,,2016-06-01 00:48:14,2026-07-01 00:03:10
104272121,novy,,3,18,2021-03-08,1,0.0,1.0,4,3,2,2,54.0,4,45800198010,,83668128010,,2016-06-01 00:48:14,2026-07-01 00:03:10
104272872,novy,,1,7,2021-03-18,1,1.0,2.0,1,3,1,2,115.0,1,45760118010,999,80930709010,55468,2016-06-01 00:48:14,2026-07-01 00:03:10
104282584,novy,,1,7,2021-03-17,1,1.0,2.0,1,3,1,2,100.0,15,45771117010,1001,83824236010,55468,2016-06-01 00:48:14,2026-07-01 00:03:10
104283246,novy,,1,7,2021-03-18,1,1.0,2.0,1,3,1,2,114.0,15,45786116010,970,83830313010,55468,2016-06-01 00:48:14,2026-07-01 00:03:10
104283602,novy,,1,7,2021-03-18,1,1.0,2.0,1,3,1,2,116.0,15,45785113010,997,84278125010,55468,2016-06-01 00:48:14,2026-07-01 00:03:10
104366184,novy,,1,7,2021-03-18,1,1.0,2.0,1,3,1,2,116.0,11,46227252010,1000,83837125010,55468,2016-06-01 00:48:14,2026-07-01 00:03:10
104372478,novy,,1,7,2021-03-18,1,1.0,2.0,1,3,1,2,115.0,11,46424173010,994,80948189010,55468,2016-06-01 00:48:14,2026-07-01 00:03:10
104408570,novy,,1,7,2021-03-18,1,1.0,2.0,1,3,1,2,60.0,16,47369183010,1002,84173768010,55468,2016-06-01 00:48:14,2026-07-01 00:03:10
104408855,novy,,1,7,2021-03-18,1,1.0,2.0,1,3,1,2,59.0,16,47371180010,1003,84173769010,55468,2016-06-01 00:48:14,2026-07-01 00:03:10
104409100,novy,,1,7,2021-03-18,1,1.0,2.0,1,3,1,2,60.0,11,47371181010,1004,84173770010,55468,2016-06-01 00:48:14,2026-07-01 00:03:10
104409452,novy,,1,7,2021-03-18,1,1.0,2.0,1,3,1,2,61.0,16,47371187010,1010,84173767010,55468,2016-06-01 00:48:14,2026-07-01 00:03:10
104409720,novy,,1,7,2021-03-18,1,1.0,2.0,1,3,1,2,59.0,16,47371186010,1009,84173766010,55468,2016-06-01 00:48:14,2026-07-01 00:03:10
104409801,novy,,1,7,2021-03-18,1,1.0,2.0,1,3,1,2,60.0,16,47371185010,1008,84173765010,55468,2016-06-01 00:48:14,2026-07-01 00:03:10
104540133,novy,,1,15,2021-04-13,4,0.0,2.0,1,1,1,2,444.0,11,47245227010,966,84624147010,55468,2016-06-01 00:48:14,2026-07-01 00:03:10
104544511,novy,,1,7,2021-03-26,1,1.0,2.0,1,3,1,2,59.0,16,47371182010,1005,83931386010,55468,2016-06-01 00:48:14,2026-07-01 00:03:10
104544589,novy,,1,7,2021-03-26,1,1.0,2.0,1,3,1,2,58.0,16,47371183010,1006,83931387010,55468,2016-06-01 00:48:14,2026-07-01 00:03:10
104544805,novy,,1,7,2021-03-26,1,1.0,2.0,1,3,1,2,59.0,16,47371184010,1007,83931388010,55468,2016-06-01 00:48:14,2026-07-01 00:03:10
104544937,novy,,1,7,2021-03-26,1,1.0,2.0,1,3,1,2,58.0,16,47371190010,1012,83931379010,55468,2016-06-01 00:48:14,2026-07-01 00:03:10
104545054,novy,,1,7,2021-03-26,1,1.0,2.0,1,3,1,2,59.0,16,47371191010,1013,83931380010,55468,2016-06-01 00:48:14,2026-07-01 00:03:10
104545160,novy,,1,7,2021-03-26,1,1.0,2.0,1,3,1,2,59.0,13,47371189010,1011,83931378010,55468,2016-06-01 00:48:14,2026-07-01 00:03:10
104553413,novy,,3,18,2021-04-23,1,0.0,1.0,4,3,2,2,35.0,4,50586245010,,82713336010,,2016-06-01 00:48:14,2026-07-01 00:03:10
104553553,novy,,1,7,2021-04-23,1,1.0,2.0,1,3,1,2,111.0,11,50586244010,1016,82713335010,55468,2016-06-01 00:48:14,2026-07-01 00:03:10
104553600,novy,,3,18,2021-04-22,1,0.0,1.0,4,3,2,2,35.0,4,50607253010,,82713338010,,2016-06-01 00:48:14,2026-07-01 00:03:10
104553685,novy,,1,7,2021-04-22,1,1.0,2.0,1,3,1,2,111.0,11,50607248010,1017,82713337010,55468,2016-06-01 00:48:14,2026-07-01 00:03:10
104556650,novy,,1,7,2021-04-23,1,1.0,2.0,1,3,1,2,111.0,11,50579425010,1019,82713341010,55468,2016-06-01 00:48:14,2026-07-01 00:03:10
104556757,novy,,1,7,2021-04-23,1,1.0,2.0,1,3,1,2,111.0,11,50576246010,1020,82713343010,55468,2016-06-01 00:48:14,2026-07-01 00:03:10
104556854,novy,,3,18,2021-04-23,1,0.0,1.0,4,3,2,2,35.0,4,50579426010,,82713342010,,2016-06-01 00:48:14,2026-07-01 00:03:10
104556943,novy,,3,18,2021-04-23,1,0.0,1.0,4,3,2,2,35.0,4,50576247010,,82713344010,,2016-06-01 00:48:14,2026-07-01 00:03:10
104560851,novy,,1,7,2021-04-23,1,1.0,2.0,1,3,1,2,111.0,11,50620249010,1018,82713339010,55468,2016-06-01 00:48:14,2026-07-01 00:03:10
104561033,novy,,3,18,2021-04-23,1,0.0,1.0,4,3,2,2,35.0,4,50620251010,,82713340010,,2016-06-01 00:48:14,2026-07-01 00:03:10
104561424,novy,,1,7,2021-04-23,1,1.0,2.0,1,3,1,2,111.0,11,50604308010,1015,82713333010,55468,2016-06-01 00:48:14,2026-07-01 00:03:10
104561441,novy,,3,18,2021-04-23,1,0.0,1.0,4,3,2,2,35.0,4,50604309010,,82713334010,,2016-06-01 00:48:14,2026-07-01 00:03:10
104561564,novy,,3,18,2021-04-23,1,0.0,1.0,4,3,2,2,35.0,4,50604254010,,82713332010,,2016-06-01 00:48:14,2026-07-01 00:03:10
104561700,novy,,1,7,2021-04-23,1,1.0,2.0,1,3,1,2,111.0,11,50604253010,1014,82713331010,55468,2016-06-01 00:48:14,2026-07-01 00:03:10
104821574,novy,,1,7,2021-02-18,1,1.0,2.0,1,1,1,2,106.0,11,51113247010,996,82942745010,55468,2016-06-01 00:48:14,2026-07-01 00:03:10
105235253,novy,,1,7,2021-06-15,1,1.0,2.0,1,3,1,2,123.0,12,49731248010,1032,85629599010,55468,2016-06-01 00:48:14,2026-07-01 00:03:10
105240672,novy,,1,7,2021-06-16,1,1.0,2.0,1,3,1,2,119.0,12,49742245010,1027,83785514010,55468,2016-06-01 00:48:14,2026-07-01 00:03:10
105240818,novy,,1,7,2021-06-16,1,1.0,2.0,1,3,1,2,120.0,12,49735397010,1029,83785516010,55468,2016-06-01 00:48:14,2026-07-01 00:03:10
105283959,novy,,1,7,2021-06-15,1,1.0,2.0,1,3,1,2,116.0,12,49841241010,971,84209536010,55468,2016-06-01 00:48:14,2026-07-01 00:03:10
105295329,novy,,1,7,2021-06-28,1,1.0,2.0,1,3,1,2,61.0,12,49859468010,1034,83931389010,55468,2016-06-01 00:48:14,2026-07-01 00:03:10
105295477,novy,,1,7,2021-06-28,1,1.0,2.0,1,3,1,2,61.0,12,49859469010,1035,83931390010,55468,2016-06-01 00:48:14,2026-07-01 00:03:10
105295761,novy,,1,7,2021-06-28,1,1.0,2.0,1,3,1,2,67.0,12,49859470010,1036,83931391010,55468,2016-06-01 00:48:14,2026-07-01 00:03:10
105295850,novy,,1,7,2021-06-28,1,1.0,2.0,1,3,1,2,67.0,1,47726199010,1039,83931383010,55468,2016-06-01 00:48:14,2026-07-01 00:03:10
105295884,novy,,1,7,2021-06-28,1,1.0,2.0,1,3,1,2,59.0,1,47726198010,1038,83931382010,55468,2016-06-01 00:48:14,2026-07-01 00:03:10
105295914,novy,,1,7,2021-06-28,1,1.0,2.0,1,3,1,2,60.0,1,47726197010,1037,83931381010,55468,2016-06-01 00:48:14,2026-07-01 00:03:10
105435619,novy,,1,12,2021-07-28,7,1.0,2.0,3,3,1,2,1035.0,16,50043271010,1044,85679132010,55468,2016-06-01 00:48:14,2026-07-01 00:03:10
105508187,novy,,1,7,2021-08-09,1,1.0,1.0,1,1,1,2,216.0,11,50398243010,1043,84876546010,55468,2016-06-01 00:48:14,2026-07-01 00:03:10
105509159,novy,,1,7,2021-07-21,1,1.0,2.0,1,1,1,2,160.0,11,50632249010,1040,86597523010,55468,2016-06-01 00:48:14,2026-07-01 00:03:10
105649619,novy,,3,19,2021-09-03,1,0.0,1.0,4,3,2,2,59.0,4,52307306010,,86555080010,,2016-06-01 00:48:14,2026-07-01 00:03:10
105742511,novy,,1,7,2021-08-30,1,1.0,2.0,1,1,1,2,116.0,11,50866283010,998,80930708010,55468,2016-06-01 00:48:14,2026-07-01 00:03:10
105742597,novy,,1,7,2021-08-24,1,1.0,2.0,1,1,1,2,123.0,11,50866278010,1031,85629598010,55468,2016-06-01 00:48:14,2026-07-01 00:03:10
105743267,novy,,1,7,2021-08-24,1,1.0,2.0,1,3,1,2,120.0,16,50866296010,1028,83785515010,55468,2016-06-01 00:48:14,2026-07-01 00:03:10
105743844,novy,,1,7,2021-07-08,1,1.0,2.0,1,3,1,2,65.0,1,60484427010,880,82473400010,55468,2016-06-01 00:48:14,2026-07-01 00:03:10
105743941,novy,,1,7,2021-07-08,1,1.0,2.0,1,3,1,2,65.0,1,60484426010,881,82473402010,55468,2016-06-01 00:48:14,2026-07-01 00:03:10
105744204,novy,,1,7,2021-07-13,1,1.0,2.0,1,3,1,2,65.0,1,61463871010,871,82473387010,55468,2016-06-01 00:48:14,2026-07-01 00:03:10
105744239,novy,,1,7,2021-07-13,1,1.0,2.0,1,3,1,2,65.0,1,61463872010,872,82473389010,55468,2016-06-01 00:48:14,2026-07-01 00:03:10
105744361,novy,,1,7,2021-07-08,1,1.0,2.0,1,3,1,2,66.0,1,62766304010,829,82473380010,55468,2016-06-01 00:48:14,2026-07-01 00:03:10
105744417,novy,,1,7,2021-07-08,1,1.0,2.0,1,3,1,2,66.0,1,62766306010,830,82473382010,55468,2016-06-01 00:48:14,2026-07-01 00:03:10
105744891,novy,,1,7,2021-07-08,1,1.0,2.0,1,3,1,2,65.0,1,,887,82473407010,55468,2016-06-01 00:48:14,2026-07-01 00:03:10
105744948,novy,,1,7,2021-07-08,1,1.0,2.0,1,3,1,2,65.0,1,,888,82473409010,55468,2016-06-01 00:48:14,2026-07-01 00:03:10
105750603,novy,,1,7,2021-07-08,1,1.0,2.0,1,3,1,2,65.0,1,60530414010,877,82473398010,55468,2016-06-01 00:48:14,2026-07-01 00:03:10
105751448,novy,,1,7,2021-07-13,1,1.0,2.0,1,3,1,2,65.0,1,60656430010,874,82473390010,55468,2016-06-01 00:48:14,2026-07-01 00:03:10
105751529,novy,,1,7,2021-07-08,1,1.0,2.0,1,3,1,2,65.0,1,60530417010,878,82473399010,55468,2016-06-01 00:48:14,2026-07-01 00:03:10
105751812,novy,,1,7,2021-07-13,1,1.0,2.0,1,3,1,2,65.0,1,60656433010,875,82473392010,55468,2016-06-01 00:48:14,2026-07-01 00:03:10
105755931,novy,,1,7,2021-08-27,1,1.0,2.0,1,3,1,2,66.0,16,50919395010,1048,83931385010,55468,2016-06-01 00:48:14,2026-07-01 00:03:10
105757926,novy,,1,7,2021-08-27,1,1.0,2.0,1,3,1,2,66.0,16,50919393010,1047,83931384010,55468,2016-06-01 00:48:14,2026-07-01 00:03:10
105881562,novy,,1,7,2021-08-23,1,1.0,1.0,1,1,1,2,112.0,1,,1049,43044059010,55468,2016-06-01 00:48:14,2026-07-01 00:03:10
106029991,novy,,1,7,2021-05-18,6,1.0,2.0,1,1,1,2,83.0,11,52224325010,1042,85264722010,55468,2016-06-01 00:48:14,2026-07-01 00:03:10
106034316,novy,,1,7,2021-09-20,1,1.0,1.0,1,3,1,2,159.0,16,51557439010,1051,86558976010,55468,2016-06-01 00:48:14,2026-07-01 00:03:10
106042211,novy,,1,7,2021-06-30,1,1.0,2.0,1,3,1,2,66.0,1,60772447010,832,82473377010,55468,2016-06-01 00:48:14,2026-07-01 00:03:10
106042335,novy,,1,7,2021-06-30,1,1.0,2.0,1,3,1,2,66.0,1,60772449010,833,82473379010,55468,2016-06-01 00:48:14,2026-07-01 00:03:10
106042831,novy,,1,7,2021-06-30,1,1.0,2.0,1,3,1,2,66.0,1,60401258010,821,82473359010,55468,2016-06-01 00:48:14,2026-07-01 00:03:10
106042874,novy,,1,7,2021-06-30,1,1.0,2.0,1,3,1,2,66.0,1,60401254010,820,82473357010,55468,2016-06-01 00:48:14,2026-07-01 00:03:10
106044770,novy,,1,7,2021-06-30,1,1.0,2.0,1,3,1,2,66.0,1,60215351010,823,82473367010,55468,2016-06-01 00:48:14,2026-07-01 00:03:10
106044991,novy,,1,7,2021-06-30,1,1.0,2.0,1,3,1,2,66.0,1,60215346010,824,82473369010,55468,2016-06-01 00:48:14,2026-07-01 00:03:10
106045733,novy,,1,7,2021-06-30,1,1.0,2.0,1,3,1,2,66.0,1,63607052010,814,82473350010,55468,2016-06-01 00:48:14,2026-07-01 00:03:10
106045750,novy,,1,7,2021-06-30,1,1.0,2.0,1,3,1,2,66.0,1,63607054010,815,82473352010,55468,2016-06-01 00:48:14,2026-07-01 00:03:10
106046934,novy,,1,7,2021-06-30,1,1.0,2.0,1,3,1,2,66.0,1,60078181010,817,82473360010,55468,2016-06-01 00:48:14,2026-07-01 00:03:10
106046951,novy,,1,7,2021-06-30,1,1.0,2.0,1,3,1,2,66.0,1,60078182010,818,82473362010,55468,2016-06-01 00:48:14,2026-07-01 00:03:10
106223259,novy,,1,7,2021-10-07,1,1.0,2.0,1,3,1,2,120.0,16,51987312010,1026,83785513010,55468,2016-06-01 00:48:14,2026-07-01 00:03:10
106224026,novy,,1,7,2021-10-08,1,1.0,2.0,1,3,1,2,123.0,16,51986306010,1033,83785387010,55468,2016-06-01 00:48:14,2026-07-01 00:03:10
106513532,novy,,1,7,2021-07-30,1,1.0,2.0,1,3,1,2,66.0,1,54200311010,1025,85179252010,55468,2016-06-01 00:48:14,2026-07-01 00:03:10
106515187,novy,,1,7,2021-11-23,1,1.0,2.0,1,3,1,2,123.0,16,52971342010,1065,83839447010,55468,2016-06-01 00:48:14,2026-07-01 00:03:10
106516710,novy,,1,7,2021-08-13,1,1.0,2.0,1,3,1,2,65.0,1,60001817010,758,82473324010,55468,2016-06-01 00:48:14,2026-07-01 00:03:10
106517392,novy,,1,7,2021-08-13,1,1.0,2.0,1,3,1,2,65.0,1,60001815010,757,82473322010,55468,2016-06-01 00:48:14,2026-07-01 00:03:10
106519255,novy,,1,7,2018-03-22,1,1.0,2.0,1,1,1,2,65.0,1,26532426010,854,86084124010,55468,2016-06-01 00:48:14,2026-07-01 00:03:10
106519514,novy,,1,7,2018-03-22,1,1.0,2.0,1,1,1,2,65.0,1,61139582010,856,86084123010,55468,2016-06-01 00:48:14,2026-07-01 00:03:10
106519638,novy,,1,7,2021-11-08,1,1.0,1.0,1,1,1,2,137.0,15,52956383010,1064,86545400010,55468,2016-06-01 00:48:14,2026-07-01 00:03:10
106523155,novy,,1,7,2016-10-12,1,1.0,2.0,1,1,1,2,58.0,1,,733,51536003010,55468,2016-06-01 00:48:14,2026-07-01 00:03:10
106665987,novy,,1,7,2016-10-12,1,1.0,2.0,1,1,1,2,59.0,1,,734,51536004010,55468,2016-06-01 00:48:14,2026-07-01 00:03:10
106666002,novy,,1,7,2016-10-12,1,1.0,2.0,1,1,1,2,57.0,1,,735,51536005010,55468,2016-06-01 00:48:14,2026-07-01 00:03:10
106693093,novy,,1,7,2021-10-11,1,1.0,2.0,1,3,1,2,66.0,16,52329306010,1052,87283854010,55468,2016-06-01 00:48:14,2026-07-01 00:03:10
106693174,novy,,1,7,2021-10-11,1,1.0,2.0,1,3,1,2,59.0,16,52329312010,1057,87283859010,55468,2016-06-01 00:48:14,2026-07-01 00:03:10
106693212,novy,,1,7,2021-10-11,1,1.0,2.0,1,3,1,2,60.0,16,52329313010,1058,87283860010,55468,2016-06-01 00:48:14,2026-07-01 00:03:10
106693271,novy,,1,7,2020-11-16,1,1.0,2.0,1,3,1,2,59.0,1,56930525010,1023,78291343010,55468,2016-06-01 00:48:14,2026-07-01 00:03:10
106693301,novy,,1,7,2021-10-11,1,1.0,2.0,1,3,1,2,67.0,16,52329307010,1053,87283855010,55468,2016-06-01 00:48:14,2026-07-01 00:03:10
106693361,novy,,1,7,2021-10-11,1,1.0,2.0,1,3,1,2,66.0,16,52329308010,1054,87283856010,55468,2016-06-01 00:48:14,2026-07-01 00:03:10
106693417,novy,,1,7,2021-10-11,1,1.0,2.0,1,3,1,2,66.0,1,52329309010,1055,87283857010,55468,2016-06-01 00:48:14,2026-07-01 00:03:10
106693433,novy,,1,7,2021-10-11,1,1.0,2.0,1,3,1,2,60.0,16,52329310010,1056,87283858010,55468,2016-06-01 00:48:14,2026-07-01 00:03:10
106693913,novy,,1,7,2020-11-16,1,1.0,2.0,1,3,1,2,59.0,1,56930526010,1024,78291344010,55468,2016-06-01 00:48:14,2026-07-01 00:03:10
106693972,novy,,1,7,2019-10-08,1,1.0,2.0,1,3,1,2,59.0,1,63626077010,1045,86101107010,55468,2016-06-01 00:48:14,2026-07-01 00:03:10
106694014,novy,,1,7,2019-10-08,1,1.0,2.0,1,3,1,2,59.0,1,63626079010,1046,86101105010,55468,2016-06-01 00:48:14,2026-07-01 00:03:10
106694057,novy,,1,7,2018-06-27,1,1.0,2.0,1,3,1,2,65.0,1,61914815010,763,82473336010,55468,2016-06-01 00:48:14,2026-07-01 00:03:10
106694341,novy,,1,7,2018-06-27,1,1.0,2.0,1,3,1,2,65.0,1,60363306010,760,82473333010,55468,2016-06-01 00:48:14,2026-07-01 00:03:10
106694499,novy,,1,7,2018-06-27,1,1.0,2.0,1,3,1,2,65.0,1,61914816010,764,82473338010,55468,2016-06-01 00:48:14,2026-07-01 00:03:10
106694545,novy,,1,7,2018-06-27,1,1.0,2.0,1,3,1,2,65.0,1,60363307010,761,82473335010,55468,2016-06-01 00:48:14,2026-07-01 00:03:10
106694570,novy,,1,7,2018-06-27,1,1.0,2.0,1,3,1,2,65.0,1,59987806010,754,82473319010,55468,2016-06-01 00:48:14,2026-07-01 00:03:10
106694596,novy,,1,7,2018-06-25,1,1.0,2.0,1,3,1,2,65.0,1,60081210010,812,82473349010,55468,2016-06-01 00:48:14,2026-07-01 00:03:10
106694634,novy,,1,7,2018-06-25,1,1.0,2.0,1,3,1,2,65.0,1,62185981010,826,82473370010,55468,2016-06-01 00:48:14,2026-07-01 00:03:10
106694651,novy,,1,7,2018-06-25,1,1.0,2.0,1,1,1,2,65.0,1,62185983010,827,82473372010,55468,2016-06-01 00:48:14,2026-07-01 00:03:10
106694847,novy,,1,7,2018-06-27,1,1.0,2.0,1,3,1,2,65.0,1,59987805010,755,82473321010,55468,2016-06-01 00:48:14,2026-07-01 00:03:10
106694944,novy,,1,7,2018-06-25,1,1.0,2.0,1,3,1,2,65.0,1,60081208010,811,82473347010,55468,2016-06-01 00:48:14,2026-07-01 00:03:10
107010615,novy,,1,7,2021-11-23,1,1.0,1.0,1,3,1,2,120.0,16,54736332010,1066,86559159010,55468,2016-06-01 00:48:14,2026-07-01 00:03:10
107135728,novy,,1,7,2018-03-22,1,1.0,2.0,1,1,1,2,65.0,1,55603333010,852,86075287010,55468,2016-06-01 00:48:14,2026-07-01 00:03:10
107135744,novy,,1,7,2018-03-22,1,1.0,2.0,1,1,1,2,65.0,1,55603334010,853,86075286010,55468,2016-06-01 00:48:14,2026-07-01 00:03:10
107163233,novy,,1,7,2022-02-22,1,1.0,2.0,1,1,1,2,97.0,11,55849412010,1071,88359701010,55468,2016-06-01 00:48:14,2026-07-01 00:03:10
107163373,novy,,1,7,2022-02-01,1,1.0,2.0,1,1,1,2,96.0,11,55920318010,1072,88359702010,55468,2016-06-01 00:48:14,2026-07-01 00:03:10
107163870,novy,,1,7,2022-02-01,1,1.0,2.0,1,1,1,2,96.0,11,55849402010,1073,88359703010,55468,2016-06-01 00:48:14,2026-07-01 00:03:10
107163985,novy,,1,7,2022-02-01,1,1.0,2.0,1,1,1,2,96.0,11,55497421010,1074,88359704010,55468,2016-06-01 00:48:14,2026-07-01 00:03:10
107164060,novy,,1,7,2022-02-01,1,1.0,2.0,1,1,1,2,96.0,11,55515306010,1075,88359705010,55468,2016-06-01 00:48:14,2026-07-01 00:03:10
107164400,novy,,1,7,2022-02-01,1,1.0,2.0,1,1,1,2,103.0,11,55522311010,1076,88359706010,55468,2016-06-01 00:48:14,2026-07-01 00:03:10
107164477,novy,,1,7,2022-01-26,1,1.0,2.0,1,3,1,2,170.0,16,55492322010,1077,83829117010,55468,2016-06-01 00:48:14,2026-07-01 00:03:10
107256207,novy,,1,7,2022-02-23,1,1.0,2.0,1,3,1,2,66.0,16,56333625010,1059,87283861010,55468,2016-06-01 00:48:14,2026-07-01 00:03:10
107256240,novy,,1,7,2022-02-23,1,1.0,2.0,1,3,1,2,66.0,16,56333634010,1060,87283862010,55468,2016-06-01 00:48:14,2026-07-01 00:03:10
107256339,novy,,1,7,2022-02-23,1,1.0,2.0,1,3,1,2,67.0,16,56333636010,1061,87283863010,55468,2016-06-01 00:48:14,2026-07-01 00:03:10
107256789,novy,,1,7,2022-02-23,1,1.0,2.0,1,3,1,2,67.0,16,56333638010,1062,87283864010,55468,2016-06-01 00:48:14,2026-07-01 00:03:10
107306522,novy,,1,7,2022-02-17,1,1.0,2.0,1,1,1,2,298.0,16,57592665010,1078,87472758010,55468,2016-06-01 00:48:14,2026-07-01 00:03:10
107406608,novy,,1,7,2022-02-18,1,1.0,2.0,1,1,1,2,112.0,11,56402559010,1070,88359108010,55468,2016-06-01 00:48:14,2026-07-01 00:03:10
107406799,novy,,1,7,2022-02-18,1,1.0,2.0,1,1,1,2,112.0,11,56396512010,1069,88359109010,55468,2016-06-01 00:48:14,2026-07-01 00:03:10
107649829,novy,,1,7,2022-03-15,1,1.0,2.0,1,1,1,2,140.0,11,57169098010,1068,88351125010,55468,2016-06-01 00:48:14,2026-07-01 00:03:10
107649853,novy,,1,7,2023-03-13,62,1.0,2.0,1,3,1,2,86.0,16,57139552010,1080,89300988010,55468,2016-06-01 00:48:14,2026-07-01 00:03:10
107649870,novy,,1,7,2022-02-01,1,1.0,2.0,1,1,1,2,146.0,16,57137523010,1063,87891749010,55468,2016-06-01 00:48:14,2026-07-01 00:03:10
107686473,novy,,1,7,2022-03-01,6,1.0,2.0,1,1,1,2,93.0,16,58310667010,1067,89287854010,55468,2016-06-01 00:48:14,2026-07-01 00:03:10
107686490,novy,,3,18,2022-01-31,1,0.0,1.0,4,3,2,2,60.0,4,57635608010,,89331054010,,2016-06-01 00:48:14,2026-07-01 00:03:10
107686511,novy,,1,7,2022-02-01,1,1.0,1.0,1,1,1,2,159.0,11,57192598010,1081,86804299010,55468,2016-06-01 00:48:14,2026-07-01 00:03:10
107722933,novy,,1,7,2022-02-01,1,1.0,2.0,1,3,1,2,101.0,16,59045648010,1079,85853150010,55468,2016-06-01 00:48:14,2026-07-01 00:03:10
107722950,novy,,1,7,2022-03-01,1,1.0,2.0,1,3,1,2,66.0,16,57319609010,1082,89610355010,55468,2016-06-01 00:48:14,2026-07-01 00:03:10
107722976,novy,,1,7,2022-03-01,1,1.0,2.0,1,3,1,2,66.0,16,57319610010,1083,89610356010,55468,2016-06-01 00:48:14,2026-07-01 00:03:10
107722992,novy,,1,7,2022-03-01,1,1.0,2.0,1,3,1,2,66.0,16,57319607010,1084,89610357010,55468,2016-06-01 00:48:14,2026-07-01 00:03:10
107723018,novy,,1,7,2022-03-01,1,1.0,2.0,1,3,1,2,66.0,16,57319608010,1085,89610358010,55468,2016-06-01 00:48:14,2026-07-01 00:03:10
108065995,novy,,3,19,2022-05-03,1,0.0,1.0,4,3,2,2,33.0,1,58702616010,,86038585010,,2016-06-01 00:48:14,2026-07-01 00:03:10
108067408,novy,,3,19,2022-05-03,6,0.0,1.0,4,3,2,2,11.0,4,58702617010,,86038586010,,2016-06-01 00:48:14,2026-07-01 00:03:10
108068943,novy,,3,18,2022-02-17,1,0.0,1.0,4,3,2,2,46.0,4,57592667010,,87472759010,,2016-06-01 00:48:14,2026-07-01 00:03:10
108107906,novy,,1,7,2022-05-03,1,1.0,2.0,1,3,1,2,113.0,16,57652610010,1090,89476509010,55468,2016-06-01 00:48:14,2026-07-01 00:03:10
108108724,novy,,1,7,,1,1.0,2.0,1,3,1,2,192.0,16,57645631010,1086,89181064010,55468,2016-06-01 00:48:14,2026-07-01 00:03:10
108118380,novy,,1,7,2022-05-17,1,1.0,2.0,1,1,1,2,95.0,11,58258613010,1092,90160466010,55468,2016-06-01 00:48:14,2026-07-01 00:03:10
111377528,novy,,1,7,2022-05-10,1,1.0,2.0,1,1,1,2,138.0,1,936873210,1089,2460737210,55468,2016-06-01 00:48:14,2026-07-01 00:03:10
111480868,novy,,1,7,2023-04-04,1,1.0,2.0,1,3,1,2,81.0,1,58408617010,1087,89094370010,55468,2016-06-01 00:48:14,2026-07-01 00:03:10
113910835,novy,,1,7,2021-06-21,1,1.0,4.0,1,1,1,2,180.0,11,60042277010,1050,80354224010,55468,2016-06-01 00:48:14,2026-07-01 00:03:10
115189777,novy,,1,7,2022-06-22,1,1.0,2.0,1,3,1,2,59.0,1,58948653010,1022,78291341010,55468,2016-06-01 00:48:14,2026-07-01 00:03:10
115191364,novy,,1,7,2022-06-22,1,1.0,2.0,1,3,1,2,59.0,1,58948652010,1021,78291340010,55468,2016-06-01 00:48:14,2026-07-01 00:03:10
115191801,novy,,1,7,2022-06-22,1,1.0,2.0,1,3,1,2,59.0,16,58879605010,1098,89610361010,55468,2016-06-01 00:48:14,2026-07-01 00:03:10
115191836,novy,,1,7,2022-06-22,1,1.0,2.0,1,3,1,2,58.0,16,58879604010,1097,89610360010,55468,2016-06-01 00:48:14,2026-07-01 00:03:10
115191879,novy,,1,7,2022-06-22,1,1.0,2.0,1,3,1,2,66.0,16,58879603010,1096,89610359010,55468,2016-06-01 00:48:14,2026-07-01 00:03:10
115234691,novy,,1,7,2022-07-12,1,1.0,2.0,1,1,1,2,178.0,11,59324600010,1088,90647254010,55468,2016-06-01 00:48:14,2026-07-01 00:03:10
115341056,novy,,1,7,2022-06-21,1,1.0,2.0,1,1,1,2,207.0,11,59308623010,1095,71342120010,55468,2016-06-01 00:48:14,2026-07-01 00:03:10
115544038,novy,,1,7,2023-03-22,1,1.0,2.0,1,3,1,2,83.0,1,59680605010,1093,90656593010,55468,2016-06-01 00:48:14,2026-07-01 00:03:10
115748075,novy,,3,16,2022-09-14,7,0.0,1.0,4,3,2,2,12.0,4,39646044010,,81021930010,,2016-06-01 00:48:14,2026-07-01 00:03:10
115782494,novy,,3,18,2022-09-12,1,0.0,1.0,4,3,2,2,24.0,4,59783739010,,91847648010,,2016-06-01 00:48:14,2026-07-01 00:03:10
115877860,novy,,3,19,1993-11-22,1,0.0,1.0,4,3,2,2,32.0,4,59934821010,,91865565010,,2016-06-01 00:48:14,2026-07-01 00:03:10
115957332,novy,,1,7,2022-10-03,1,1.0,1.0,1,3,1,2,173.0,1,59866759010,1117,91399454010,55468,2016-06-01 00:48:14,2026-07-01 00:03:10
115957570,novy,,1,7,2022-09-06,1,1.0,2.0,1,1,1,2,112.0,16,59879758010,1115,90705729010,55468,2016-06-01 00:48:14,2026-07-01 00:03:10
116409568,novy,,1,7,2022-06-21,1,1.0,2.0,1,3,1,2,171.0,15,60159232010,1110,89792389010,55468,2016-06-01 00:48:14,2026-07-01 00:03:10
117362000,novy,,1,7,2022-10-07,1,1.0,2.0,1,3,1,2,59.0,16,60042369010,1099,89610364010,55468,2016-06-01 00:48:14,2026-07-01 00:03:10
117362379,novy,,1,7,2022-10-07,1,1.0,2.0,1,3,1,2,58.0,16,60042367010,1100,89610363010,55468,2016-06-01 00:48:14,2026-07-01 00:03:10
117362433,novy,,1,7,2022-10-07,1,1.0,2.0,1,3,1,2,59.0,16,60042366010,1101,89610362010,55468,2016-06-01 00:48:14,2026-07-01 00:03:10
117363421,novy,,3,19,2022-10-26,1,0.0,1.0,4,3,2,2,68.0,4,60356406010,,92174320010,,2016-06-01 00:48:14,2026-07-01 00:03:10
117364193,novy,,3,19,2022-10-21,1,0.0,1.0,4,3,2,2,54.0,4,60042396010,,91895465010,,2016-06-01 00:48:14,2026-07-01 00:03:10
117370088,novy,,1,7,2022-09-13,1,1.0,2.0,1,1,1,2,120.0,11,60052196010,1094,90275847010,55468,2016-06-01 00:48:14,2026-07-01 00:03:10
117562769,novy,,3,13,2022-10-31,1,0.0,1.0,4,3,2,2,554.0,4,59996691010,,1304150210,,2016-06-01 00:48:14,2026-07-01 00:03:10
117603805,novy,,3,18,2000-12-27,1,0.0,1.0,4,3,2,2,29.0,4,60000875010,,92210254010,,2016-06-01 00:48:14,2026-07-01 00:03:10
117782904,novy,,3,19,2022-11-03,1,0.0,1.0,4,3,2,2,32.0,4,,,91809834010,,2016-06-01 00:48:14,2026-07-01 00:03:10
118133144,novy,,1,15,2022-11-15,7,0.0,1.0,3,3,1,2,92.0,3,60774494010,292,92532968010,55468,2016-06-01 00:48:14,2026-07-01 00:03:10
118141333,novy,,3,19,2022-11-23,1,0.0,1.0,4,3,2,2,23.0,4,60218272010,,91889192010,,2016-06-01 00:48:14,2026-07-01 00:03:10
118287095,novy,,1,7,2022-11-24,1,1.0,2.0,1,3,1,2,59.0,16,60107211010,1104,91658912010,55468,2016-06-01 00:48:14,2026-07-01 00:03:10
118287389,novy,,1,7,2022-11-24,1,1.0,2.0,1,3,1,2,58.0,16,60107210010,1103,91658911010,55468,2016-06-01 00:48:14,2026-07-01 00:03:10
118287451,novy,,1,7,2022-11-24,1,1.0,2.0,1,3,1,2,59.0,16,60107209010,1102,91658910010,55468,2016-06-01 00:48:14,2026-07-01 00:03:10
118288393,novy,,3,18,2004-02-26,1,0.0,1.0,4,3,2,2,107.0,4,60265218010,,92092833010,,2016-06-01 00:48:14,2026-07-01 00:03:10
118301543,novy,,3,19,2010-02-14,7,0.0,1.0,4,3,2,2,43.0,4,60323266010,,42121734010,,2016-06-01 00:48:14,2026-07-01 00:03:10
118333836,novy,,1,7,2024-06-05,1,1.0,2.0,1,1,1,2,209.0,1,60368242010,1113,91317497010,55468,2016-06-01 00:48:14,2026-07-01 00:03:10
118441876,novy,,3,18,1985-06-15,1,0.0,1.0,4,3,2,2,26.0,4,60273261010,,92563232010,,2016-06-01 00:48:14,2026-07-01 00:03:10
118505033,novy,,3,18,1968-03-04,1,0.0,1.0,4,3,2,2,51.0,4,60204214010,,91848920010,,2016-06-01 00:48:14,2026-07-01 00:03:10
118525107,novy,,3,18,2022-11-04,1,0.0,1.0,4,3,2,2,40.0,4,60241258010,,67819177010,,2016-06-01 00:48:14,2026-07-01 00:03:10
118588842,novy,,3,19,2023-01-09,1,0.0,1.0,4,3,2,2,32.0,4,60300313010,,92930267010,,2016-06-01 00:48:14,2026-07-01 00:03:10
118887459,novy,,1,7,2023-01-25,1,1.0,2.0,1,3,1,2,60.0,16,60356207010,1105,91658913010,55468,2016-06-01 00:48:14,2026-07-01 00:03:10
118887921,novy,,1,7,2023-01-25,1,1.0,2.0,1,3,1,2,60.0,16,60356209010,1107,91658915010,55468,2016-06-01 00:48:14,2026-07-01 00:03:10
118888838,novy,,1,7,2023-01-25,1,1.0,2.0,1,3,1,2,59.0,16,60356208010,1106,91658914010,55468,2016-06-01 00:48:14,2026-07-01 00:03:10
118889028,novy,,1,7,2023-01-25,1,1.0,2.0,1,3,1,2,67.0,16,60356212010,1109,91658917010,55468,2016-06-01 00:48:14,2026-07-01 00:03:10
118889338,novy,,1,7,2023-01-25,1,1.0,2.0,1,3,1,2,67.0,16,60356210010,1108,91658916010,55468,2016-06-01 00:48:14,2026-07-01 00:03:10
118999702,novy,,3,19,1993-03-03,1,0.0,1.0,4,3,2,2,72.0,4,60359229010,,92760283010,,2016-06-01 00:48:14,2026-07-01 00:03:10
119081016,novy,,3,18,2023-02-14,1,0.0,1.0,4,3,2,2,33.0,4,60428282010,,93248172010,,2016-06-01 00:48:14,2026-07-01 00:03:10
119122316,novy,,1,7,2021-07-14,1,1.0,2.0,1,1,1,2,58.0,1,,732,51536011010,55468,2016-06-01 00:48:14,2026-07-01 00:03:10
119260662,novy,,3,18,2023-03-06,1,0.0,1.0,4,3,2,2,36.0,4,61547783010,,92148635010,,2016-06-01 00:48:14,2026-07-01 00:03:10
119507021,novy,,1,7,2023-03-22,1,1.0,1.0,1,1,1,2,101.0,11,60559432010,1116,92797978010,55468,2016-06-01 00:48:14,2026-07-01 00:03:10
119650703,novy,,1,7,2023-03-08,1,1.0,1.0,1,3,1,2,104.0,11,60640393010,1121,92080130010,55468,2016-06-01 00:48:14,2026-07-01 00:03:10
119690063,novy,,1,7,2023-07-26,62,1.0,1.0,1,1,1,2,143.0,16,60634420010,1112,91495070010,55468,2016-06-01 00:48:14,2026-07-01 00:03:10
119788659,novy,,3,19,2023-03-27,1,0.0,1.0,4,3,2,2,35.0,4,60562449010,,92950690010,,2016-06-01 00:48:14,2026-07-01 00:03:10
119875748,novy,,1,7,2023-04-18,1,1.0,2.0,1,1,1,2,149.0,11,60838522010,1122,93520845010,55468,2016-06-01 00:48:14,2026-07-01 00:03:10
119979080,novy,,1,7,2023-05-10,1,1.0,2.0,1,3,1,2,106.0,16,60934371010,1123,91743211010,55468,2016-06-01 00:48:14,2026-07-01 00:03:10
119979497,novy,,3,18,2023-05-10,1,0.0,1.0,4,3,2,2,44.0,4,60934374010,,91743212010,,2016-06-01 00:48:14,2026-07-01 00:03:10
120097117,novy,,1,7,2023-08-09,1,1.0,2.0,1,3,1,2,141.0,16,60818491010,1119,93574563010,55468,2016-06-01 00:48:14,2026-07-01 00:03:10
120168731,novy,,3,19,2023-04-28,1,0.0,1.0,4,3,2,2,58.0,4,61088516010,,86580375010,,2016-06-01 00:48:14,2026-07-01 00:03:10
120770008,novy,,1,7,2023-08-14,1,1.0,2.0,1,3,1,2,108.0,16,61094517010,1118,92993838010,55468,2016-06-01 00:48:14,2026-07-01 00:03:10
120792087,novy,,1,7,2023-07-25,1,1.0,2.0,1,1,1,2,239.0,11,61148488010,770,80781998010,55468,2016-06-01 00:48:14,2026-07-01 00:03:10
120792249,novy,,1,7,2023-08-01,1,1.0,2.0,1,3,1,2,111.0,16,61136486010,1128,93670196010,55468,2016-06-01 00:48:14,2026-07-01 00:03:10
120829584,novy,,3,18,1976-01-01,1,0.0,1.0,4,3,2,2,17.0,4,,,93262773010,,2016-06-01 00:48:14,2026-07-01 00:03:10
120988399,novy,,3,19,2023-08-17,1,0.0,1.0,4,3,2,2,38.0,4,61535756010,,92225863010,,2016-06-01 00:48:14,2026-07-01 00:03:10
121089606,novy,,2,15,2023-09-01,7,0.0,1.0,1,1,1,2,429.0,3,61273767010,10,95186797010,55468,2016-06-01 00:48:14,2026-07-01 00:03:10
121180581,novy,,1,7,2023-10-09,1,1.0,1.0,1,1,1,2,125.0,11,61879755010,1114,90487350010,55468,2016-06-01 00:48:14,2026-07-01 00:03:10
121305040,novy,,1,7,2023-10-11,1,1.0,2.0,1,1,1,2,73.0,11,61392639010,1134,95239436010,55468,2016-06-01 00:48:14,2026-07-01 00:03:10
121305139,novy,,1,7,2023-10-10,1,1.0,2.0,1,1,1,2,73.0,11,61389744010,1137,95235848010,55468,2016-06-01 00:48:14,2026-07-01 00:03:10
121305198,novy,,1,7,2023-10-11,1,1.0,2.0,1,1,1,2,73.0,11,61389804010,1141,95272392010,55468,2016-06-01 00:48:14,2026-07-01 00:03:10
121305252,novy,,1,7,2023-10-11,1,1.0,2.0,1,1,1,2,74.0,11,61389750010,1140,95269848010,55468,2016-06-01 00:48:14,2026-07-01 00:03:10
121545849,novy,,1,7,2023-11-09,1,1.0,2.0,1,3,1,2,269.0,1,61525725010,1133,95455022010,55468,2016-06-01 00:48:14,2026-07-01 00:03:10
121810160,novy,,1,7,2023-11-01,1,1.0,3.0,1,3,1,2,120.0,16,61615778010,1130,91088251010,55468,2016-06-01 00:48:14,2026-07-01 00:03:10
12681571,zmenen,"ZpusobVyuzitiKod, Dokonceni, ZastavenaPlocha, geometry",1,7,1945-12-31,10,1.0,1.0,1,3,1,2,128.0,1,381065210,48,1304159210,55468,2016-06-01 00:48:14,2026-07-01 00:03:10
145982751,novy,,1,7,2023-12-21,1,1.0,2.0,1,1,1,2,105.0,11,61748858010,1125,95776038010,55468,2016-06-01 00:48:14,2026-07-01 00:03:10
145985008,novy,,1,7,2023-12-07,1,1.0,2.0,1,1,1,2,136.0,16,61752874010,1131,96389347010,55468,2016-06-01 00:48:14,2026-07-01 00:03:10
145985148,novy,,1,7,2023-12-07,1,1.0,2.0,1,1,1,2,136.0,16,61752894010,1132,96389354010,55468,2016-06-01 00:48:14,2026-07-01 00:03:10
147103355,novy,,3,13,2019-07-24,6,0.0,1.0,4,3,2,2,42.0,4,61916749010,,96911338010,,2016-06-01 00:48:14,2026-07-01 00:03:10
147284121,novy,,3,19,2020-05-28,1,0.0,1.0,4,3,2,2,40.0,4,45581139010,,80577077010,,2016-06-01 00:48:14,2026-07-01 00:03:10
147343445,novy,,3,18,2014-07-18,1,0.0,1.0,4,3,2,2,37.0,4,21200257010,,41059348010,,2016-06-01 00:48:14,2026-07-01 00:03:10
147519497,novy,,1,7,2024-02-13,7,1.0,2.0,1,3,1,2,137.0,16,62041889010,1232,95198753010,55468,2016-06-01 00:48:14,2026-07-01 00:03:10
147553547,novy,,3,12,2023-04-11,11,0.0,1.0,1,3,1,2,1358.0,1,60724511010,,86082783010,,2016-06-01 00:48:14,2026-07-01 00:03:10
147554616,novy,,3,16,2011-10-19,7,0.0,1.0,4,3,2,2,5.0,4,21987823010,,2300501210,,2016-06-01 00:48:14,2026-07-01 00:03:10
147566975,novy,,3,19,2022-01-28,1,0.0,1.0,4,3,2,2,25.0,4,56050410010,,88606737010,,2016-06-01 00:48:14,2026-07-01 00:03:10
147566991,novy,,3,16,2015-05-04,7,0.0,1.0,4,3,2,2,9.0,4,58328665010,,90041395010,,2016-06-01 00:48:14,2026-07-01 00:03:10
147567025,novy,,3,19,2012-10-11,1,0.0,1.0,4,3,2,2,45.0,4,21935735010,,33266315010,,2016-06-01 00:48:14,2026-07-01 00:03:10
147567815,novy,,3,19,2017-11-29,1,0.0,1.0,1,3,1,2,119.0,3,22859603010,,36552171010,,2016-06-01 00:48:14,2026-07-01 00:03:10
147581419,novy,,1,7,2024-03-26,1,1.0,2.0,1,3,1,2,145.0,16,62067118010,1233,83616355010,55468,2016-06-01 00:48:14,2026-07-01 00:03:10
147581516,novy,,1,7,2024-03-26,1,1.0,1.0,1,3,1,2,272.0,16,62089723010,1234,83616354010,55468,2016-06-01 00:48:14,2026-07-01 00:03:10
147678021,novy,,3,18,2024-03-26,1,0.0,1.0,4,3,2,2,54.0,4,62089724010,,83616356010,,2016-06-01 00:48:14,2026-07-01 00:03:10
147902983,novy,,1,7,2024-05-06,1,1.0,2.0,1,3,1,2,103.0,16,62152899010,1184,97284562010,55468,2016-06-01 00:48:14,2026-07-01 00:03:10
147908949,novy,,1,7,2024-05-13,1,1.0,2.0,1,3,1,2,73.0,16,62160910010,1136,95249327010,55468,2016-06-01 00:48:14,2026-07-01 00:03:10
148060935,novy,,1,7,2024-05-13,1,1.0,2.0,1,3,1,2,163.0,1,62383296010,1235,97329261010,55468,2016-06-01 00:48:14,2026-07-01 00:03:10
148108491,novy,,1,7,2024-05-23,1,1.0,2.0,1,1,1,1,93.0,11,62579428010,1236,96642821010,55468,2016-06-01 00:48:14,2026-07-01 00:03:10
148108717,novy,,3,19,2024-04-12,1,0.0,1.0,4,3,2,2,27.0,4,,,92577289010,,2016-06-01 00:48:14,2026-07-01 00:03:10
148163777,novy,,3,19,2016-08-24,6,0.0,1.0,4,3,2,2,40.0,4,60405345010,,92732088010,,2016-06-01 00:48:14,2026-07-01 00:03:10
148164218,novy,,3,16,2013-11-13,7,0.0,1.0,4,3,2,2,7.0,4,16533858010,,33084793010,,2016-06-01 00:48:14,2026-07-01 00:03:10
148164421,novy,,3,18,2015-05-22,1,0.0,1.0,4,3,2,2,38.0,4,22333753010,,47066758010,,2016-06-01 00:48:14,2026-07-01 00:03:10
148164510,novy,,3,18,2017-02-23,1,0.0,1.0,4,3,2,2,63.0,4,26574468010,,56158713010,,2016-06-01 00:48:14,2026-07-01 00:03:10
148164617,novy,,3,18,2015-09-07,1,0.0,1.0,4,3,2,2,44.0,4,23017896010,,47999398010,,2016-06-01 00:48:14,2026-07-01 00:03:10
148164668,novy,,3,19,2013-12-03,1,0.0,1.0,4,3,2,2,22.0,4,20565391010,,23905056010,,2016-06-01 00:48:14,2026-07-01 00:03:10
148164978,novy,,3,16,2012-02-29,1,0.0,1.0,4,3,2,2,254.0,4,16533859010,,33084792010,,2016-06-01 00:48:14,2026-07-01 00:03:10
148165443,novy,,3,18,2010-12-09,1,0.0,1.0,4,3,2,2,42.0,4,15071813010,,22123306010,,2016-06-01 00:48:14,2026-07-01 00:03:10
148166881,novy,,3,18,2011-08-25,1,0.0,1.0,4,3,2,2,45.0,4,865282210,,2231655210,,2016-06-01 00:48:14,2026-07-01 00:03:10
148166971,novy,,3,18,2004-12-20,1,0.0,1.0,4,3,2,2,44.0,4,796364210,,2130199210,,2016-06-01 00:48:14,2026-07-01 00:03:10
148167365,novy,,3,18,2004-03-16,1,0.0,1.0,4,3,2,2,30.0,4,703536210,,1980710210,,2016-06-01 00:48:14,2026-07-01 00:03:10
148167501,novy,,3,19,2012-06-14,1,0.0,1.0,4,3,2,2,45.0,4,380936210,,1304294210,,2016-06-01 00:48:14,2026-07-01 00:03:10
148167586,novy,,3,16,2009-03-25,7,0.0,1.0,4,3,2,2,10.0,4,22359598010,,47084804010,,2016-06-01 00:48:14,2026-07-01 00:03:10
148167624,novy,,3,19,2013-01-03,7,0.0,1.0,4,3,2,2,126.0,4,22545602010,,48335366010,,2016-06-01 00:48:14,2026-07-01 00:03:10
148167829,novy,,3,16,2010-11-09,7,0.0,1.0,4,3,2,2,3.0,4,22493699010,,36493680010,,2016-06-01 00:48:14,2026-07-01 00:03:10
148167942,novy,,3,18,2015-03-03,1,0.0,1.0,4,3,2,2,45.0,4,21941120010,,47438656010,,2016-06-01 00:48:14,2026-07-01 00:03:10
148171052,novy,,3,18,2015-01-09,1,0.0,1.0,4,3,2,2,31.0,4,21783257010,,47197860010,,2016-06-01 00:48:14,2026-07-01 00:03:10
148171141,novy,,3,19,2017-06-12,1,0.0,1.0,4,3,2,2,80.0,4,21304992010,,22013139010,,2016-06-01 00:48:14,2026-07-01 00:03:10
148171401,novy,,3,18,2011-09-16,1,0.0,1.0,4,3,2,2,46.0,4,14907243010,,2573468210,,2016-06-01 00:48:14,2026-07-01 00:03:10
148171435,novy,,3,16,2020-05-13,7,0.0,1.0,4,3,1,2,1751.0,4,60104295010,,92533944010,,2016-06-01 00:48:14,2026-07-01 00:03:10
148171567,novy,,3,19,2004-03-24,1,0.0,1.0,4,3,2,2,25.0,4,60001823010,,91940851010,,2016-06-01 00:48:14,2026-07-01 00:03:10
148171761,novy,,3,18,2020-12-02,7,0.0,1.0,4,3,2,2,94.0,4,59525667010,,81271639010,,2016-06-01 00:48:14,2026-07-01 00:03:10
148171940,novy,,3,10,2015-11-06,1,0.0,1.0,4,3,2,2,27.0,4,59864865010,,52003959010,,2016-06-01 00:48:14,2026-07-01 00:03:10
148172016,novy,,3,18,2013-07-01,1,0.0,1.0,4,3,2,2,41.0,4,59630714010,,29359828010,,2016-06-01 00:48:14,2026-07-01 00:03:10
148172059,novy,,3,18,2013-08-12,1,0.0,1.0,4,3,2,2,42.0,4,59579619010,,21874233010,,2016-06-01 00:48:14,2026-07-01 00:03:10
148363466,novy,,1,7,2024-06-25,1,1.0,2.0,1,3,1,2,105.0,16,62292289010,1294,91743207010,55468,2016-06-01 00:48:14,2026-07-01 00:03:10
148363580,novy,,3,18,2024-06-25,1,0.0,1.0,4,3,2,2,41.0,4,62292290010,,91743208010,,2016-06-01 00:48:14,2026-07-01 00:03:10
148363938,novy,,1,7,2024-06-25,1,1.0,2.0,1,3,1,2,105.0,16,62292291010,1295,91743210010,55468,2016-06-01 00:48:14,2026-07-01 00:03:10
148363997,novy,,3,18,2024-06-25,1,0.0,1.0,4,3,2,2,42.0,4,62292292010,,91743209010,,2016-06-01 00:48:14,2026-07-01 00:03:10
149299559,novy,,2,19,2024-08-01,7,0.0,2.0,1,3,1,2,40.0,1,,13,96497729010,55468,2016-06-01 00:48:14,2026-07-01 00:03:10
149568371,novy,,3,19,2024-11-15,10,0.0,2.0,4,3,2,2,39.0,4,62553176010,,98275650010,,2016-06-01 00:48:14,2026-07-01 00:03:10
149629664,novy,,1,7,2024-11-14,1,1.0,2.0,1,3,1,2,186.0,16,62550704010,1237,98840894010,55468,2016-06-01 00:48:14,2026-07-01 00:03:10
150421362,novy,,1,7,2025-01-10,62,1.0,2.0,1,1,1,2,88.0,16,62720471010,1239,95138665010,55468,2016-06-01 00:48:14,2026-07-01 00:03:10
150477635,novy,,1,7,2025-02-18,41,1.0,2.0,1,3,1,2,101.0,16,62760420010,1240,99076076010,55468,2016-06-01 00:48:14,2026-07-01 00:03:10
150521804,novy,,1,7,2025-02-24,1,1.0,2.0,1,3,1,2,104.0,16,62766339010,1190,99095144010,55468,2016-06-01 00:48:14,2026-07-01 00:03:10
150522452,novy,,1,7,2025-02-25,1,1.0,2.0,1,3,1,2,72.0,16,62766344010,1139,95269786010,55468,2016-06-01 00:48:14,2026-07-01 00:03:10
150522916,novy,,1,7,2025-02-21,1,1.0,2.0,1,3,1,2,107.0,16,62815487010,1129,96415798010,55468,2016-06-01 00:48:14,2026-07-01 00:03:10
150523122,novy,,3,18,2025-02-21,1,0.0,1.0,4,3,2,2,33.0,4,62815488010,,96415799010,,2016-06-01 00:48:14,2026-07-01 00:03:10
150541457,novy,,1,7,2025-02-26,1,1.0,2.0,1,3,1,2,103.0,16,62770280010,1198,99030109010,55468,2016-06-01 00:48:14,2026-07-01 00:03:10
150542631,novy,,1,7,2025-03-04,1,1.0,2.0,1,3,1,2,72.0,16,62797191010,1138,95249442010,55468,2016-06-01 00:48:14,2026-07-01 00:03:10
150598009,novy,,1,7,2025-03-07,1,1.0,2.0,1,3,1,2,72.0,16,62803246010,1135,95247279010,55468,2016-06-01 00:48:14,2026-07-01 00:03:10
150735146,novy,,3,18,2025-03-21,43,0.0,1.0,4,3,2,2,43.0,4,62824326010,,99531953010,,2016-06-01 00:48:14,2026-07-01 00:03:10
150748914,novy,,3,16,2025-03-06,7,0.0,1.0,4,3,1,2,35.0,4,62794219010,,99412253010,,2016-06-01 00:48:14,2026-07-01 00:03:10
150913346,novy,,3,18,2025-04-04,1,0.0,1.0,4,3,2,2,35.0,4,63055053010,,99750358010,,2016-06-01 00:48:14,2026-07-01 00:03:10
151079323,novy,,3,16,2019-11-12,7,0.0,1.0,4,3,2,2,5.0,4,63749339010,,91299409010,,2016-06-01 00:48:14,2026-07-01 00:03:10
151136971,novy,,1,7,2025-05-05,41,1.0,2.0,1,1,1,2,96.0,11,63219056010,1238,97940937010,55468,2016-06-01 00:48:14,2026-07-01 00:03:10
151285136,novy,,1,7,2025-04-04,1,1.0,2.0,1,3,1,2,179.0,16,63923484010,1030,99402005010,55468,2016-06-01 00:48:14,2026-07-01 00:03:10
151349398,novy,,1,7,2025-06-04,1,1.0,2.0,1,3,1,2,105.0,16,63027773010,1291,91743218010,55468,2016-06-01 00:48:14,2026-07-01 00:03:10
151349436,novy,,3,18,2025-06-04,1,0.0,1.0,4,3,2,2,42.0,4,63027778010,,91743217010,,2016-06-01 00:48:14,2026-07-01 00:03:10
151349509,novy,,1,7,2025-06-04,1,1.0,2.0,1,3,1,2,105.0,16,63027780010,1293,91743222010,55468,2016-06-01 00:48:14,2026-07-01 00:03:10
151349762,novy,,3,18,2025-06-04,1,0.0,1.0,4,3,2,2,42.0,4,63027782010,,91743221010,,2016-06-01 00:48:14,2026-07-01 00:03:10
151627932,novy,,3,19,2024-11-01,1,0.0,1.0,4,3,2,2,54.0,4,63056328010,,97611750010,,2016-06-01 00:48:14,2026-07-01 00:03:10
151868093,novy,,1,7,2025-07-16,1,1.0,2.0,1,3,1,2,104.0,16,63111352010,1196,99030479010,55468,2016-06-01 00:48:14,2026-07-01 00:03:10
151868115,novy,,1,7,2025-07-16,1,1.0,2.0,1,3,1,2,103.0,16,63111249010,1194,99086237010,55468,2016-06-01 00:48:14,2026-07-01 00:03:10
151879079,novy,,3,15,2025-07-17,7,0.0,1.0,4,3,2,2,97.0,4,63163006010,,101216191010,,2016-06-01 00:48:14,2026-07-01 00:03:10
151879338,novy,,1,15,2025-07-17,41,0.0,4.0,1,3,1,1,6171.0,16,63163007010,1111,101216190010,55468,2016-06-01 00:48:14,2026-07-01 00:03:10
151879567,novy,,3,15,2025-07-17,7,0.0,1.0,4,3,2,2,35.0,4,63163008010,,101216193010,,2016-06-01 00:48:14,2026-07-01 00:03:10
151881138,novy,,3,15,2025-07-17,41,0.0,1.0,1,3,1,2,644.0,26,63163009010,,101216192010,,2016-06-01 00:48:14,2026-07-01 00:03:10
151908184,novy,,1,7,2025-07-24,1,1.0,2.0,1,3,1,2,105.0,16,63154963010,1289,91743214010,55468,2016-06-01 00:48:14,2026-07-01 00:03:10
151908672,novy,,3,18,2025-07-24,1,0.0,1.0,4,3,2,2,42.0,4,63154964010,,91743213010,,2016-06-01 00:48:14,2026-07-01 00:03:10
151909016,novy,,1,7,2025-07-25,1,1.0,2.0,1,3,1,2,106.0,16,63154965010,1290,91743216010,55468,2016-06-01 00:48:14,2026-07-01 00:03:10
151909032,novy,,3,18,2025-07-25,1,0.0,1.0,4,3,2,2,44.0,4,63154966010,,91743215010,,2016-06-01 00:48:14,2026-07-01 00:03:10
151909059,novy,,1,7,2025-07-25,1,1.0,2.0,1,3,1,2,107.0,16,63154967010,1292,91743220010,55468,2016-06-01 00:48:14,2026-07-01 00:03:10
151909091,novy,,3,18,2025-07-25,1,0.0,1.0,4,3,2,2,44.0,4,63154968010,,91743219010,,2016-06-01 00:48:14,2026-07-01 00:03:10
152262610,novy,,3,18,2025-10-13,1,0.0,2.0,1,3,1,2,54.0,4,63590536010,,98741751010,,2016-06-01 00:48:14,2026-07-01 00:03:10
152738266,novy,,1,7,2025-11-14,1,1.0,2.0,1,3,1,2,97.0,16,63587529010,1182,95272569010,55468,2016-06-01 00:48:14,2026-07-01 00:03:10
154043877,novy,,1,7,2025-12-18,42,1.0,2.0,1,3,1,2,95.0,16,63668305010,1331,102931567010,55468,2016-06-01 00:48:14,2026-07-01 00:03:10
155483501,novy,,1,7,2026-02-02,1,1.0,2.0,1,3,1,2,151.0,16,63773154010,1211,102649359010,55468,2016-06-01 00:48:14,2026-07-01 00:03:10
155690159,novy,,3,18,2025-09-10,1,0.0,1.0,4,3,2,2,25.0,4,63870481010,,101481463010,,2016-06-01 00:48:14,2026-07-01 00:03:10
155882201,novy,,1,7,2026-04-01,1,1.0,2.0,1,3,1,2,240.0,16,63938859010,1124,100968176010,55468,2016-06-01 00:48:14,2026-07-01 00:03:10
155959352,novy,,1,7,2026-04-23,1,1.0,2.0,1,3,1,2,120.0,16,63996200010,1221,101480764010,55468,2016-06-01 00:48:14,2026-07-01 00:03:10
156278324,novy,,1,7,2026-06-08,1,1.0,2.0,1,3,1,2,104.0,16,64042570010,1192,99088917010,55468,2016-06-01 00:48:14,2026-07-01 00:03:10
156278367,novy,,1,7,2026-06-08,1,1.0,2.0,1,3,1,2,103.0,16,64042583010,1209,102579160010,55468,2016-06-01 00:48:14,2026-07-01 00:03:10
156278782,novy,,1,7,2026-06-08,1,1.0,2.0,1,3,1,2,102.0,16,64042544010,1207,102579078010,55468,2016-06-01 00:48:14,2026-07-01 00:03:10
18047521,zmenen,"PocetBytu, PocetPodlazi, ZastavenaPlocha, geometry",1,5,1999-01-01,10,0.0,2.0,1,3,1,2,291.0,1,381209210,200,1304272210,55468,2016-06-01 00:48:14,2026-07-01 00:03:10
25001639,zmenen,"Dokonceni, ZastavenaPlocha",1,7,2001-12-31,4,1.0,2.0,1,3,1,2,106.0,1,422920210,199,1449742210,55468,2016-06-01 00:48:14,2026-07-01 00:03:10
25001647,zmenen,"ZpusobVyuzitiKod, Dokonceni, DruhKonstrukceKod, PocetPodlazi, PripojeniKanalizaceKod, PripojeniPlynKod, PripojeniVodovodKod, VybaveniVytahemKod, ZastavenaPlocha, ZpusobVytapeniKod, IsknBudovaId, IdentifikacniParcely, geometry",1,7,1999-05-25,1,1.0,3.0,1,1,1,2,172.0,11,381152210,196,1304382210,55468,2016-06-01 00:48:14,2026-07-01 00:03:10
25001655,zmenen,ZpusobVyuzitiKod,1,7,1999-11-30,6,1.0,3.0,3,3,1,2,195.0,1,381155210,202,1304392210,55468,2016-06-01 00:48:14,2026-07-01 00:03:10
25001663,zmenen,"ZpusobVyuzitiKod, PripojeniPlynKod, ZastavenaPlocha",1,7,2000-01-05,4,1.0,2.0,3,1,1,2,138.0,1,381153210,204,1304394210,55468,2016-06-01 00:48:14,2026-07-01 00:03:10
25001671,zmenen,"PripojeniPlynKod, ZastavenaPlocha",1,7,1999-12-22,10,1.0,3.0,3,1,1,2,178.0,1,381109210,205,1304387210,55468,2016-06-01 00:48:14,2026-07-01 00:03:10
25001680,zmenen,ZastavenaPlocha,1,7,2001-07-16,10,1.0,2.0,1,1,1,2,109.0,1,422921210,211,1449743210,55468,2016-06-01 00:48:14,2026-07-01 00:03:10
25183184,zmenen,"PocetPodlazi, PripojeniVodovodKod, ZastavenaPlocha",1,7,2002-06-04,10,1.0,3.0,1,3,1,2,86.0,1,423120210,207,1450022210,55468,2016-06-01 00:48:14,2026-07-01 00:03:10
25249479,zmenen,"PocetBytu, ZastavenaPlocha, ZpusobVytapeniKod, geometry",1,7,2002-07-17,10,2.0,3.0,1,1,1,2,218.0,3,456648210,215,1533701210,55468,2016-06-01 00:48:14,2026-07-01 00:03:10
25249487,zmenen,ZastavenaPlocha,1,7,2002-12-18,10,1.0,2.0,1,1,1,2,82.0,1,537180210,220,1699460210,55468,2016-06-01 00:48:14,2026-07-01 00:03:10
25249495,zmenen,ZastavenaPlocha,1,7,2003-03-03,,1.0,3.0,1,1,1,2,140.0,1,421741210,274,1446923210,55468,2016-06-01 00:48:14,2026-07-01 00:03:10
25365355,zmenen,Dokonceni,1,7,2006-12-31,10,1.0,2.0,1,1,1,2,160.0,1,733419210,294,2028335210,55468,2016-06-01 00:48:14,2026-07-01 00:03:10
25366548,zmenen,"Dokonceni, ZastavenaPlocha",1,7,2007-12-31,4,1.0,2.0,1,1,1,2,96.0,1,870647210,254,2248183210,55468,2016-06-01 00:48:14,2026-07-01 00:03:10
25366742,zmenen,Dokonceni,1,7,2005-12-31,10,1.0,2.0,1,1,1,2,138.0,1,853415210,291,2209561210,55468,2016-06-01 00:48:14,2026-07-01 00:03:10
25367854,zmenen,"Dokonceni, ZastavenaPlocha",1,7,2007-12-31,4,1.0,2.0,1,1,1,2,96.0,1,870643210,250,2248179210,55468,2016-06-01 00:48:14,2026-07-01 00:03:10
25368079,zmenen,"Dokonceni, PocetPodlazi, ZastavenaPlocha",1,7,2005-12-31,10,1.0,1.0,1,3,1,2,335.0,1,381093210,290,1304112210,55468,2016-06-01 00:48:14,2026-07-01 00:03:10
25368516,zmenen,"Dokonceni, ZastavenaPlocha",1,7,2007-12-31,4,1.0,2.0,1,1,1,2,96.0,1,870645210,252,2248181210,55468,2016-06-01 00:48:14,2026-07-01 00:03:10
25370707,zmenen,"ZpusobVyuzitiKod, Dokonceni, DruhKonstrukceKod, VybaveniVytahemKod, IsknBudovaId, IdentifikacniParcely, geometry",1,7,2003-12-31,10,1.0,2.0,1,1,1,2,212.0,1,428240210,278,1462440210,55468,2016-06-01 00:48:14,2026-07-01 00:03:10
25371495,zmenen,"ZastavenaPlocha, geometry",1,7,2011-04-04,1,1.0,2.0,1,1,1,2,117.0,1,14794935010,237,2543774210,55468,2016-06-01 00:48:14,2026-07-01 00:03:10
25372734,zmenen,"Dokonceni, DruhKonstrukceKod, ZastavenaPlocha, ZpusobVytapeniKod",1,7,2007-12-31,1,1.0,2.0,1,1,1,2,81.0,11,877685210,261,2273538210,55468,2016-06-01 00:48:14,2026-07-01 00:03:10
25373463,zmenen,Dokonceni,1,7,2005-12-31,10,1.0,3.0,1,1,1,2,103.0,1,796324210,276,2130139210,55468,2016-06-01 00:48:14,2026-07-01 00:03:10
25374141,zmenen,"Dokonceni, VybaveniVytahemKod, ZastavenaPlocha, geometry",1,7,2005-12-31,9,1.0,1.0,1,1,1,2,120.0,1,665654210,282,1923385210,55468,2016-06-01 00:48:14,2026-07-01 00:03:10
25376705,zanikly,,1,19,,,0.0,,,,,,,,729360210,292,2022036210,55468,2016-06-01 00:48:14,2026-07-01 00:03:10
25377671,zmenen,"Dokonceni, ZastavenaPlocha",1,7,2007-12-31,4,1.0,2.0,1,1,1,2,73.0,1,877683210,258,2273542210,55468,2016-06-01 00:48:14,2026-07-01 00:03:10
25378627,zmenen,"Dokonceni, ZpusobVytapeniKod",1,7,2008-12-31,10,1.0,3.0,1,1,1,2,293.0,4,910342210,269,2388300210,55468,2016-06-01 00:48:14,2026-07-01 00:03:10
25378856,zmenen,"Dokonceni, ZastavenaPlocha",1,7,2009-12-31,10,1.0,2.0,1,1,1,2,130.0,1,894598210,298,2324628210,55468,2016-06-01 00:48:14,2026-07-01 00:03:10
25380109,zmenen,"ZpusobVyuzitiKod, Dokonceni, PocetBytu, PripojeniPlynKod, PripojeniVodovodKod, VybaveniVytahemKod, ZastavenaPlocha, ZpusobVytapeniKod",1,7,2014-12-31,,1.0,,,3,1,2,201.0,3,868685210,241,2241840210,55468,2016-06-01 00:48:14,2026-07-01 00:03:10
25381067,zmenen,"Dokonceni, ZastavenaPlocha",1,7,2004-12-31,10,1.0,3.0,1,1,1,2,224.0,1,776703210,289,2100147210,55468,2016-06-01 00:48:14,2026-07-01 00:03:10
25382853,zanikly,,1,,,,,,,,,,,,,284,,55468,2016-06-01 00:48:14,2026-07-01 00:03:10
25384007,zmenen,"Dokonceni, ZastavenaPlocha",1,7,2008-12-31,6,1.0,2.0,1,1,1,2,73.0,1,877784210,264,2262539210,55468,2016-06-01 00:48:14,2026-07-01 00:03:10
25385852,zmenen,"Dokonceni, ZpusobVytapeniKod, geometry",1,7,2006-12-31,10,2.0,2.0,1,1,1,2,199.0,3,864736210,297,2228614210,55468,2016-06-01 00:48:14,2026-07-01 00:03:10
25387561,zmenen,"Dokonceni, ZastavenaPlocha",1,7,2008-12-31,10,1.0,2.0,1,1,1,2,195.0,1,866164210,267,2234518210,55468,2016-06-01 00:48:14,2026-07-01 00:03:10
25387758,zmenen,"Dokonceni, ZastavenaPlocha",1,7,2007-12-31,4,1.0,2.0,1,1,1,2,73.0,1,877783210,263,2262538210,55468,2016-06-01 00:48:14,2026-07-01 00:03:10
25387855,zmenen,Dokonceni,1,7,2010-12-31,1,1.0,2.0,1,3,1,2,110.0,1,906670210,240,2374466210,55468,2016-06-01 00:48:14,2026-07-01 00:03:10
25388274,zmenen,"Dokonceni, ZastavenaPlocha",1,7,2008-12-31,7,1.0,2.0,1,1,1,2,160.0,1,867697210,236,2236934210,55468,2016-06-01 00:48:14,2026-07-01 00:03:10
25389904,zmenen,"Dokonceni, ZastavenaPlocha",1,7,2003-12-31,10,1.0,2.0,1,1,1,2,188.0,1,517699210,281,1650397210,55468,2016-06-01 00:48:14,2026-07-01 00:03:10
25391038,zmenen,Dokonceni,1,7,2005-12-31,10,1.0,3.0,1,1,1,2,217.0,1,421740210,293,1446922210,55468,2016-06-01 00:48:14,2026-07-01 00:03:10
25392115,zmenen,"Dokonceni, geometry",1,7,2008-12-31,7,1.0,2.0,1,1,1,2,147.0,1,902617210,239,2329955210,55468,2016-06-01 00:48:14,2026-07-01 00:03:10
25393570,zmenen,Dokonceni,1,7,2003-12-31,10,1.0,2.0,1,1,1,2,164.0,1,630912210,300,1868881210,55468,2016-06-01 00:48:14,2026-07-01 00:03:10
25393804,zmenen,"Dokonceni, ZastavenaPlocha",1,7,2007-12-31,6,1.0,2.0,1,1,1,2,73.0,1,877681210,260,2273540210,55468,2016-06-01 00:48:14,2026-07-01 00:03:10
25393847,zmenen,"Dokonceni, VybaveniVytahemKod, ZastavenaPlocha",1,7,2004-12-31,10,1.0,3.0,1,1,1,2,109.0,1,647154210,279,1893506210,55468,2016-06-01 00:48:14,2026-07-01 00:03:10
25394355,zmenen,"Dokonceni, ZastavenaPlocha",1,7,2008-12-31,10,1.0,2.0,1,1,1,2,142.0,1,883489210,232,2273271210,55468,2016-06-01 00:48:14,2026-07-01 00:03:10
25394371,zmenen,"Dokonceni, ZastavenaPlocha",1,7,2008-12-31,10,1.0,2.0,1,1,1,2,96.0,1,899491210,266,2328374210,55468,2016-06-01 00:48:14,2026-07-01 00:03:10
25394941,zmenen,"Dokonceni, ZastavenaPlocha, geometry",1,7,2007-12-31,6,1.0,2.0,1,1,1,2,100.0,1,870641210,249,2248177210,55468,2016-06-01 00:48:14,2026-07-01 00:03:10
25395483,zmenen,"Dokonceni, ZastavenaPlocha, geometry",1,7,2007-12-31,10,1.0,2.0,1,1,1,2,169.0,1,690755210,233,1960926210,55468,2016-06-01 00:48:14,2026-07-01 00:03:10
25397966,zmenen,"Dokonceni, ZastavenaPlocha",1,7,2008-12-31,10,1.0,2.0,1,1,1,2,133.0,1,550249210,283,1724186210,55468,2016-06-01 00:48:14,2026-07-01 00:03:10
25397991,zmenen,"Dokonceni, ZastavenaPlocha",1,7,2003-12-31,10,1.0,2.0,1,1,1,2,191.0,1,517758210,280,1650495210,55468,2016-06-01 00:48:14,2026-07-01 00:03:10
25398288,zmenen,Dokonceni,1,7,2004-12-31,10,1.0,3.0,1,1,1,2,170.0,1,381198210,287,1304397210,55468,2016-06-01 00:48:14,2026-07-01 00:03:10
25398687,zmenen,"Dokonceni, ZastavenaPlocha, geometry",1,7,2008-12-31,10,1.0,2.0,1,1,1,2,121.0,1,907845210,234,2324630210,55468,2016-06-01 00:48:14,2026-07-01 00:03:10
25399721,zmenen,"Dokonceni, VybaveniVytahemKod, ZpusobVytapeniKod",1,7,2010-12-31,1,1.0,2.0,1,1,1,2,169.0,1,908013210,242,2377847210,55468,2016-06-01 00:48:14,2026-07-01 00:03:10
25400061,zmenen,"Dokonceni, ZastavenaPlocha",1,7,2008-12-31,6,1.0,3.0,1,1,1,2,96.0,1,870644210,251,2248180210,55468,2016-06-01 00:48:14,2026-07-01 00:03:10
25401980,zmenen,"ZpusobVyuzitiKod, Dokonceni, DruhKonstrukceKod, PocetBytu, PocetPodlazi, PripojeniKanalizaceKod, PripojeniPlynKod, PripojeniVodovodKod, VybaveniVytahemKod, ZastavenaPlocha, ZpusobVytapeniKod, geometry",1,7,2011-10-04,1,1.0,2.0,1,9,1,2,114.0,1,887564210,244,2288651210,55468,2016-06-01 00:48:14,2026-07-01 00:03:10
25402170,zmenen,"Dokonceni, PocetBytu, PocetPodlazi, PripojeniPlynKod, PripojeniVodovodKod, ZastavenaPlocha",1,7,2003-12-31,6,1.0,2.0,1,1,1,2,96.0,1,870648210,255,2248184210,55468,2016-06-01 00:48:14,2026-07-01 00:03:10
25402668,zmenen,"ZpusobVyuzitiKod, Dokonceni, DruhKonstrukceKod, PocetBytu, PocetPodlazi, PripojeniKanalizaceKod, PripojeniPlynKod, PripojeniVodovodKod, VybaveniVytahemKod, ZastavenaPlocha, ZpusobVytapeniKod, IsknBudovaId, IdentifikacniParcely, geometry",1,7,2017-09-08,1,1.0,2.0,1,9,1,2,155.0,1,962371210,272,2501537210,55468,2016-06-01 00:48:14,2026-07-01 00:03:10
25403648,zmenen,Dokonceni,1,7,2007-12-31,10,1.0,2.0,1,1,1,2,96.0,1,870649210,256,2248185210,55468,2016-06-01 00:48:14,2026-07-01 00:03:10
25404857,zmenen,"ZpusobVyuzitiKod, Dokonceni, DruhKonstrukceKod, PocetBytu, PocetPodlazi, PripojeniKanalizaceKod, PripojeniPlynKod, PripojeniVodovodKod, VybaveniVytahemKod, ZastavenaPlocha, ZpusobVytapeniKod",1,7,2011-12-31,1,1.0,1.0,1,1,1,2,101.0,1,936497210,247,2458909210,55468,2016-06-01 00:48:14,2026-07-01 00:03:10
25406981,zmenen,Dokonceni,1,7,2004-12-31,10,1.0,2.0,1,1,1,2,129.0,1,577368210,288,1775126210,55468,2016-06-01 00:48:14,2026-07-01 00:03:10
25407490,zmenen,"Dokonceni, PocetPodlazi, ZastavenaPlocha",1,7,2005-12-31,10,1.0,2.0,1,1,1,2,106.0,1,538060210,299,1304287210,55468,2016-06-01 00:48:14,2026-07-01 00:03:10
25408259,zmenen,"Dokonceni, VybaveniVytahemKod, ZastavenaPlocha",1,7,2007-12-31,6,1.0,2.0,1,1,1,2,73.0,1,877682210,259,2273541210,55468,2016-06-01 00:48:14,2026-07-01 00:03:10
25408267,zmenen,"ZpusobVyuzitiKod, Dokonceni, DruhKonstrukceKod, PocetBytu, PocetPodlazi, PripojeniKanalizaceKod, PripojeniPlynKod, PripojeniVodovodKod, VybaveniVytahemKod, ZastavenaPlocha, ZpusobVytapeniKod",1,7,2011-12-31,4,1.0,1.0,1,1,1,2,100.0,1,972218210,238,2539509210,55468,2016-06-01 00:48:14,2026-07-01 00:03:10
25409557,zmenen,Dokonceni,1,7,2008-12-31,10,1.0,3.0,1,1,1,2,114.0,1,888103210,235,2286611210,55468,2016-06-01 00:48:14,2026-07-01 00:03:10
25410580,zmenen,Dokonceni,1,7,2004-12-31,10,1.0,2.0,1,1,1,2,119.0,1,544539210,286,1713458210,55468,2016-06-01 00:48:14,2026-07-01 00:03:10
25411641,zmenen,"Dokonceni, ZastavenaPlocha",1,7,2007-12-31,4,1.0,2.0,1,1,1,2,96.0,1,870646210,253,2248182210,55468,2016-06-01 00:48:14,2026-07-01 00:03:10
25412698,zmenen,Dokonceni,1,7,2005-12-31,7,1.0,1.0,1,1,1,2,161.0,1,861856210,296,2220371210,55468,2016-06-01 00:48:14,2026-07-01 00:03:10
25413503,zmenen,Dokonceni,1,7,2010-12-31,1,1.0,2.0,1,1,1,2,154.0,1,920623210,231,2419532210,55468,2016-06-01 00:48:14,2026-07-01 00:03:10
25413775,zmenen,"Dokonceni, ZastavenaPlocha",1,7,2008-12-31,10,1.0,2.0,1,1,1,2,168.0,1,890633210,243,2314457210,55468,2016-06-01 00:48:14,2026-07-01 00:03:10
25413988,zmenen,"Dokonceni, VybaveniVytahemKod, ZastavenaPlocha",1,7,2008-12-31,10,1.0,2.0,1,1,1,2,104.0,1,875777210,265,2266287210,55468,2016-06-01 00:48:14,2026-07-01 00:03:10
25414097,zmenen,"Dokonceni, ZastavenaPlocha",1,7,2007-12-31,4,1.0,2.0,1,1,1,2,73.0,1,877782210,257,2262537210,55468,2016-06-01 00:48:14,2026-07-01 00:03:10
25414551,zmenen,"Dokonceni, VybaveniVytahemKod",1,7,2007-12-31,6,1.0,2.0,1,1,1,2,142.0,1,817746210,295,2158532210,55468,2016-06-01 00:48:14,2026-07-01 00:03:10
25415531,zmenen,"Dokonceni, PocetPodlazi, ZastavenaPlocha",1,7,2004-12-31,10,1.0,2.0,1,1,1,2,166.0,1,540719210,273,1706258210,55468,2016-06-01 00:48:14,2026-07-01 00:03:10
25416448,zmenen,"Dokonceni, PocetPodlazi, ZastavenaPlocha",1,7,2008-12-31,10,1.0,2.0,1,1,1,2,103.0,1,911530210,270,2324922210,55468,2016-06-01 00:48:14,2026-07-01 00:03:10
25416782,zmenen,Dokonceni,1,7,2006-12-31,10,1.0,2.0,1,1,1,2,97.0,1,869402210,285,2239106210,55468,2016-06-01 00:48:14,2026-07-01 00:03:10
25417061,zmenen,"Dokonceni, ZastavenaPlocha, geometry",1,7,2008-12-31,10,1.0,2.0,1,1,1,2,120.0,1,915650210,268,2370994210,55468,2016-06-01 00:48:14,2026-07-01 00:03:10
25417681,zmenen,"Dokonceni, ZastavenaPlocha",1,7,2007-12-31,4,1.0,2.0,1,1,1,2,73.0,1,874392210,262,2262540210,55468,2016-06-01 00:48:14,2026-07-01 00:03:10
25490630,zmenen,"ZpusobVyuzitiKod, Dokonceni, PripojeniPlynKod, ZastavenaPlocha",1,7,2000-12-31,10,1.0,2.0,3,1,1,2,128.0,1,381196210,201,1304395210,55468,2016-06-01 00:48:14,2026-07-01 00:03:10
25490648,zmenen,"ZpusobVyuzitiKod, Dokonceni, ZastavenaPlocha",1,7,2000-12-31,6,1.0,2.0,3,3,1,2,112.0,1,381154210,203,1304393210,55468,2016-06-01 00:48:14,2026-07-01 00:03:10
25490664,zmenen,"Dokonceni, PripojeniPlynKod, ZastavenaPlocha",1,7,2002-12-31,10,1.0,3.0,1,1,1,2,224.0,1,421720210,212,1446901210,55468,2016-06-01 00:48:14,2026-07-01 00:03:10
25490672,zmenen,"Dokonceni, PocetPodlazi, ZastavenaPlocha, ZpusobVytapeniKod",1,7,2002-12-31,10,1.0,2.0,1,3,1,2,103.0,1,430240210,213,1467186210,55468,2016-06-01 00:48:14,2026-07-01 00:03:10
25490681,zmenen,"Dokonceni, PripojeniPlynKod, PripojeniVodovodKod, VybaveniVytahemKod, ZastavenaPlocha, ZpusobVytapeniKod",1,7,2008-12-31,9,1.0,1.0,9,1,1,2,175.0,1,906312210,214,2377201210,55468,2016-06-01 00:48:14,2026-07-01 00:03:10
25490699,zmenen,"Dokonceni, ZastavenaPlocha, geometry",1,7,2002-12-31,10,1.0,1.0,1,1,1,2,142.0,1,512598210,216,1641434210,55468,2016-06-01 00:48:14,2026-07-01 00:03:10
25490702,zmenen,"ZpusobVyuzitiKod, Dokonceni, DruhKonstrukceKod, PocetPodlazi, PripojeniKanalizaceKod, PripojeniPlynKod, PripojeniVodovodKod, VybaveniVytahemKod, ZastavenaPlocha, ZpusobVytapeniKod, IsknBudovaId, IdentifikacniParcely, geometry",1,7,2025-02-27,1,1.0,3.0,1,3,1,2,86.0,15,423121210,218,1450023210,55468,2016-06-01 00:48:14,2026-07-01 00:03:10
25490711,zmenen,"Dokonceni, ZastavenaPlocha",1,7,2007-12-31,10,1.0,2.0,1,1,1,2,189.0,1,891548210,219,2284306210,55468,2016-06-01 00:48:14,2026-07-01 00:03:10
25490729,zmenen,Dokonceni,1,7,2003-12-31,10,1.0,3.0,1,1,1,2,133.0,1,381199210,275,1304398210,55468,2016-06-01 00:48:14,2026-07-01 00:03:10
25490737,zmenen,Dokonceni,1,7,2003-12-31,10,1.0,3.0,1,1,1,2,170.0,1,609451210,277,1834741210,55468,2016-06-01 00:48:14,2026-07-01 00:03:10
25710079,zmenen,"ZpusobVyuzitiKod, Dokonceni, PocetPodlazi, ZastavenaPlocha",1,7,2000-12-31,10,1.0,2.0,2,1,1,2,135.0,1,381157210,198,1304385210,55468,2016-06-01 00:48:14,2026-07-01 00:03:10
25758993,zmenen,"Dokonceni, ZastavenaPlocha",1,6,2005-12-31,6,8.0,3.0,1,1,1,2,204.0,3,859198210,311,2215983210,55468,2016-06-01 00:48:14,2026-07-01 00:03:10
25759001,zmenen,Dokonceni,1,6,2005-12-31,6,8.0,3.0,1,1,1,2,205.0,3,859200210,312,2215984210,55468,2016-06-01 00:48:14,2026-07-01 00:03:10
25759019,zmenen,Dokonceni,1,6,2005-12-31,6,8.0,3.0,1,1,1,2,205.0,3,859199210,313,2215985210,55468,2016-06-01 00:48:14,2026-07-01 00:03:10
25759027,zmenen,"Dokonceni, PocetBytu",1,6,2005-12-31,6,7.0,3.0,1,1,1,2,205.0,3,861341210,314,2218703210,55468,2016-06-01 00:48:14,2026-07-01 00:03:10
25759035,zmenen,"Dokonceni, PocetBytu, ZastavenaPlocha",1,6,2019-06-10,6,8.0,3.0,1,1,1,2,205.0,1,861340210,315,2218704210,55468,2016-06-01 00:48:14,2026-07-01 00:03:10
25759043,zmenen,"Dokonceni, PocetBytu, VybaveniVytahemKod, ZastavenaPlocha",1,6,2005-12-31,6,7.0,3.0,1,1,1,2,206.0,3,861339210,316,2218705210,55468,2016-06-01 00:48:14,2026-07-01 00:03:10
25759051,zmenen,"Dokonceni, PocetBytu, ZastavenaPlocha",1,6,2005-12-31,6,6.0,3.0,1,1,1,2,204.0,3,861676210,317,2219745210,55468,2016-06-01 00:48:14,2026-07-01 00:03:10
25759060,zmenen,"Dokonceni, VybaveniVytahemKod, geometry",1,6,2005-12-31,6,8.0,3.0,1,1,1,2,205.0,3,861675210,318,2219811210,55468,2016-06-01 00:48:14,2026-07-01 00:03:10
25851730,zmenen,"Dokonceni, ZastavenaPlocha",1,7,2006-12-31,10,1.0,3.0,1,1,1,2,135.0,1,882488210,301,2262831210,55468,2016-06-01 00:48:14,2026-07-01 00:03:10
25851748,zmenen,"PocetBytu, PocetPodlazi, ZastavenaPlocha, ZpusobVytapeniKod",1,6,2005-01-01,7,6.0,3.0,1,3,1,2,210.0,3,818565210,302,2159552210,55468,2016-06-01 00:48:14,2026-07-01 00:03:10
25851756,zmenen,"PocetBytu, ZpusobVytapeniKod",1,6,2005-01-01,4,8.0,3.0,1,1,1,2,207.0,3,883670210,303,2286785210,55468,2016-06-01 00:48:14,2026-07-01 00:03:10
25851764,zmenen,"PocetBytu, PocetPodlazi, ZastavenaPlocha, ZpusobVytapeniKod",1,6,2005-01-01,7,6.0,3.0,3,3,1,2,209.0,3,883669210,304,2286784210,55468,2016-06-01 00:48:14,2026-07-01 00:03:10
25851772,zmenen,"PocetBytu, ZpusobVytapeniKod",1,6,2005-01-01,4,8.0,3.0,1,1,1,2,204.0,3,882423210,305,2280289210,55468,2016-06-01 00:48:14,2026-07-01 00:03:10
25851781,zmenen,"ZastavenaPlocha, ZpusobVytapeniKod",1,6,2005-01-01,4,6.0,3.0,1,1,1,2,206.0,3,882422210,306,2280288210,55468,2016-06-01 00:48:14,2026-07-01 00:03:10
25851799,zmenen,"PocetBytu, ZastavenaPlocha, ZpusobVytapeniKod",1,6,2005-01-01,4,9.0,3.0,1,1,1,2,207.0,3,885066210,307,2288458210,55468,2016-06-01 00:48:14,2026-07-01 00:03:10
25851802,zmenen,"ZastavenaPlocha, ZpusobVytapeniKod",1,6,2005-01-01,4,6.0,3.0,1,1,1,2,206.0,3,885067210,308,2288459210,55468,2016-06-01 00:48:14,2026-07-01 00:03:10
25851811,zmenen,"VybaveniVytahemKod, ZpusobVytapeniKod",1,6,2005-01-01,4,6.0,3.0,1,1,1,2,208.0,3,887039210,309,2297436210,55468,2016-06-01 00:48:14,2026-07-01 00:03:10
25851829,zmenen,"ZastavenaPlocha, ZpusobVytapeniKod",1,6,2005-01-01,4,6.0,3.0,1,1,1,2,207.0,3,889457210,310,2302939210,55468,2016-06-01 00:48:14,2026-07-01 00:03:10
25851837,zmenen,"Dokonceni, PocetBytu, ZastavenaPlocha, ZpusobVytapeniKod, geometry",1,6,2006-12-31,7,6.0,3.0,1,3,1,2,205.0,3,861674210,319,2219825210,55468,2016-06-01 00:48:14,2026-07-01 00:03:10
25851845,zmenen,"Dokonceni, ZpusobVytapeniKod",1,6,2006-12-31,7,7.0,5.0,1,1,1,2,204.0,3,864751210,320,2227203210,55468,2016-06-01 00:48:14,2026-07-01 00:03:10
25851853,zmenen,"PocetBytu, PripojeniPlynKod, ZastavenaPlocha, ZpusobVytapeniKod",1,6,2005-01-01,7,8.0,4.0,1,2,1,2,205.0,3,864752210,321,2227204210,55468,2016-06-01 00:48:14,2026-07-01 00:03:10
25851861,zmenen,"PocetBytu, ZastavenaPlocha, ZpusobVytapeniKod",1,6,2005-01-01,10,8.0,4.0,1,1,1,2,206.0,3,864609210,322,2228242210,55468,2016-06-01 00:48:14,2026-07-01 00:03:10
25851870,zmenen,"ZastavenaPlocha, ZpusobVytapeniKod",1,6,2005-01-01,10,6.0,4.0,1,1,1,2,205.0,3,865964210,323,2232002210,55468,2016-06-01 00:48:14,2026-07-01 00:03:10
25851888,zmenen,"ZastavenaPlocha, ZpusobVytapeniKod, geometry",1,6,2005-01-01,10,6.0,4.0,1,1,1,2,205.0,3,865965210,324,2232003210,55468,2016-06-01 00:48:14,2026-07-01 00:03:10
25851896,zmenen,"Dokonceni, PocetBytu, ZastavenaPlocha, ZpusobVytapeniKod",1,6,2006-12-31,10,5.0,4.0,1,1,1,2,206.0,3,868346210,325,2235170210,55468,2016-06-01 00:48:14,2026-07-01 00:03:10
25851900,zmenen,"Dokonceni, ZastavenaPlocha, ZpusobVytapeniKod",1,6,2006-12-31,10,8.0,4.0,1,1,1,2,205.0,3,868347210,326,2235171210,55468,2016-06-01 00:48:14,2026-07-01 00:03:10
25851918,zmenen,"Dokonceni, PocetBytu, ZastavenaPlocha, ZpusobVytapeniKod",1,6,2006-12-31,4,6.0,4.0,1,1,1,2,205.0,3,873931210,327,2261448210,55468,2016-06-01 00:48:14,2026-07-01 00:03:10
25851926,zmenen,"Dokonceni, ZastavenaPlocha, ZpusobVytapeniKod, geometry",1,6,2006-12-31,10,8.0,4.0,1,1,1,2,205.0,3,876716210,328,2265540210,55468,2016-06-01 00:48:14,2026-07-01 00:03:10
25851934,zmenen,"Dokonceni, ZastavenaPlocha, ZpusobVytapeniKod, geometry",1,6,2007-12-31,10,6.0,4.0,1,1,1,2,205.0,3,876717210,329,2265541210,55468,2016-06-01 00:48:14,2026-07-01 00:03:10
25851942,zmenen,"Dokonceni, PocetBytu, ZpusobVytapeniKod",1,6,2007-12-31,10,9.0,4.0,1,1,1,2,204.0,3,876718210,330,2265542210,55468,2016-06-01 00:48:14,2026-07-01 00:03:10
25851951,zmenen,"Dokonceni, PocetBytu, ZastavenaPlocha, ZpusobVytapeniKod",1,6,2007-12-31,10,6.0,4.0,1,1,1,2,206.0,3,876719210,331,2265543210,55468,2016-06-01 00:48:14,2026-07-01 00:03:10
25851969,zmenen,"Dokonceni, PocetBytu, VybaveniVytahemKod, ZastavenaPlocha, ZpusobVytapeniKod",1,6,2007-12-31,10,6.0,4.0,1,1,1,2,205.0,3,876720210,332,2265544210,55468,2016-06-01 00:48:14,2026-07-01 00:03:10
25851977,zmenen,"Dokonceni, PocetBytu, ZastavenaPlocha, ZpusobVytapeniKod",1,6,2007-12-31,10,8.0,4.0,1,1,1,2,207.0,3,876312210,333,2267909210,55468,2016-06-01 00:48:14,2026-07-01 00:03:10
25851985,zmenen,"Dokonceni, ZastavenaPlocha, ZpusobVytapeniKod",1,6,2007-12-31,10,6.0,4.0,1,1,1,2,205.0,3,876311210,334,2267910210,55468,2016-06-01 00:48:14,2026-07-01 00:03:10
25851993,zmenen,"Dokonceni, ZastavenaPlocha, ZpusobVytapeniKod",1,6,2007-12-31,10,6.0,4.0,1,1,1,2,207.0,3,880150210,335,2272155210,55468,2016-06-01 00:48:14,2026-07-01 00:03:10
25852001,zmenen,ZastavenaPlocha,1,12,2005-01-01,,0.0,,,,,,662.0,,864469210,336,2227820210,55468,2016-06-01 00:48:14,2026-07-01 00:03:10
25852019,zmenen,"DruhKonstrukceKod, PocetPodlazi, PripojeniKanalizaceKod, PripojeniPlynKod, PripojeniVodovodKod, VybaveniVytahemKod, ZpusobVytapeniKod",1,7,2005-01-01,1,1.0,2.0,9,9,9,2,115.0,1,381100210,337,1304390210,55468,2016-06-01 00:48:14,2026-07-01 00:03:10
25852035,zanikly,,1,,2005-01-01,,,,,,,,,,,339,,55468,2016-06-01 00:48:14,2026-07-01 00:03:10
25852043,zmenen,"PocetPodlazi, PripojeniPlynKod, VybaveniVytahemKod, ZpusobVytapeniKod",1,7,2005-01-01,1,1.0,1.0,1,1,1,2,150.0,1,962469210,340,2528117210,55468,2016-06-01 00:48:14,2026-07-01 00:03:10
25852051,zmenen,"ZpusobVyuzitiKod, DruhKonstrukceKod, PocetBytu, PocetPodlazi, PripojeniKanalizaceKod, PripojeniPlynKod, PripojeniVodovodKod, VybaveniVytahemKod, ZastavenaPlocha, ZpusobVytapeniKod",1,7,2005-01-01,1,1.0,1.0,1,1,1,2,105.0,1,14574503010,341,2574659210,55468,2016-06-01 00:48:14,2026-07-01 00:03:10
25852078,zmenen,"ZpusobVyuzitiKod, PripojeniPlynKod, VybaveniVytahemKod, ZpusobVytapeniKod",1,7,2005-01-01,4,1.0,2.0,1,1,1,2,145.0,1,19944901010,343,2486509210,55468,2016-06-01 00:48:14,2026-07-01 00:03:10
25852086,zmenen,"PripojeniPlynKod, VybaveniVytahemKod, ZastavenaPlocha, ZpusobVytapeniKod",1,7,2005-01-01,1,1.0,2.0,1,1,1,2,117.0,1,920555210,344,2410792210,55468,2016-06-01 00:48:14,2026-07-01 00:03:10
25852094,zanikly,,1,,2005-01-01,,,,,,,,,,,345,,55468,2016-06-01 00:48:14,2026-07-01 00:03:10
25852108,zmenen,geometry,1,7,2012-02-09,1,1.0,2.0,1,1,1,2,66.0,1,909290210,346,2368736210,55468,2016-06-01 00:48:14,2026-07-01 00:03:10
25852116,zmenen,"Dokonceni, PocetPodlazi, ZastavenaPlocha",1,7,2006-12-31,10,1.0,3.0,1,1,1,2,97.0,1,868267210,347,2240703210,55468,2016-06-01 00:48:14,2026-07-01 00:03:10
26058839,zmenen,"PocetBytu, ZastavenaPlocha, ZpusobVytapeniKod",1,7,2006-07-01,10,2.0,2.0,1,1,1,2,216.0,3,867084210,392,2237510210,55468,2016-06-01 00:48:14,2026-07-01 00:03:10
26061414,zmenen,VybaveniVytahemKod,1,7,2006-07-01,9,1.0,2.0,1,1,1,2,79.0,1,867546210,362,2238777210,55468,2016-06-01 00:48:14,2026-07-01 00:03:10
26061732,zmenen,"DruhKonstrukceKod, PripojeniKanalizaceKod, PripojeniPlynKod, PripojeniVodovodKod, VybaveniVytahemKod, ZastavenaPlocha, ZpusobVytapeniKod",1,7,2006-07-01,1,1.0,1.0,1,1,1,2,80.0,1,867547210,351,2238782210,55468,2016-06-01 00:48:14,2026-07-01 00:03:10
26063140,zmenen,"PocetBytu, VybaveniVytahemKod, ZastavenaPlocha",1,7,2006-07-01,10,2.0,2.0,1,1,1,2,80.0,1,867105210,372,2237572210,55468,2016-06-01 00:48:14,2026-07-01 00:03:10
26063379,zmenen,ZastavenaPlocha,1,7,2006-07-01,10,1.0,2.0,1,1,1,2,78.0,1,867116210,376,2237582210,55468,2016-06-01 00:48:14,2026-07-01 00:03:10
26064189,zmenen,ZpusobVytapeniKod,1,7,2006-07-01,10,1.0,2.0,1,1,1,2,154.0,2,865998210,388,2233982210,55468,2016-06-01 00:48:14,2026-07-01 00:03:10
26065762,zmenen,"VybaveniVytahemKod, ZastavenaPlocha",1,7,2006-07-01,4,1.0,3.0,1,1,1,2,78.0,1,867548210,352,2238783210,55468,2016-06-01 00:48:14,2026-07-01 00:03:10
26067099,zmenen,"DruhKonstrukceKod, VybaveniVytahemKod",1,7,2006-07-01,1,1.0,2.0,1,1,1,2,79.0,1,868951210,359,2239169210,55468,2016-06-01 00:48:14,2026-07-01 00:03:10
26067625,zmenen,Dokonceni,1,7,2006-12-31,6,1.0,2.0,1,1,1,2,90.0,1,880603210,395,2280140210,55468,2016-06-01 00:48:14,2026-07-01 00:03:10
26068648,zmenen,ZastavenaPlocha,1,7,2006-07-01,10,1.0,2.0,1,1,1,2,78.0,1,868959210,355,2238802210,55468,2016-06-01 00:48:14,2026-07-01 00:03:10
26068915,zmenen,ZastavenaPlocha,1,7,2006-07-01,10,1.0,2.0,1,1,1,2,78.0,1,867106210,373,2237575210,55468,2016-06-01 00:48:14,2026-07-01 00:03:10
26069628,zmenen,ZastavenaPlocha,1,7,2006-07-01,10,1.0,2.0,1,1,1,2,78.0,1,867079210,382,2237496210,55468,2016-06-01 00:48:14,2026-07-01 00:03:10
26069709,zmenen,"ZastavenaPlocha, ZpusobVytapeniKod",1,7,2006-07-01,7,1.0,2.0,1,1,1,2,130.0,3,889872210,398,2298033210,55468,2016-06-01 00:48:14,2026-07-01 00:03:10
26071304,zmenen,ZastavenaPlocha,1,7,2006-07-01,10,1.0,2.0,1,1,1,2,80.0,1,868945210,366,2239141210,55468,2016-06-01 00:48:14,2026-07-01 00:03:10
26071461,zmenen,ZastavenaPlocha,1,7,2006-07-01,10,1.0,2.0,1,1,1,2,78.0,1,868949210,358,2239168210,55468,2016-06-01 00:48:14,2026-07-01 00:03:10
26071657,zmenen,ZastavenaPlocha,1,7,2006-07-01,10,1.0,2.0,1,1,1,2,88.0,1,870850210,393,2248652210,55468,2016-06-01 00:48:14,2026-07-01 00:03:10
26072149,zmenen,ZastavenaPlocha,1,7,2006-07-01,10,1.0,2.0,1,1,1,2,78.0,1,868957210,364,2238674210,55468,2016-06-01 00:48:14,2026-07-01 00:03:10
26072491,zmenen,"VybaveniVytahemKod, ZastavenaPlocha",1,7,2006-07-01,10,1.0,2.0,1,1,1,2,80.0,1,868956210,363,2238673210,55468,2016-06-01 00:48:14,2026-07-01 00:03:10
26073480,zmenen,"PocetBytu, PocetPodlazi, ZastavenaPlocha, geometry",1,7,2006-07-01,10,1.0,2.0,1,1,1,2,93.0,1,892312210,400,2303654210,55468,2016-06-01 00:48:14,2026-07-01 00:03:10
26073617,zmenen,ZastavenaPlocha,1,7,2006-07-01,10,1.0,2.0,1,1,1,2,80.0,1,867090210,378,2237533210,55468,2016-06-01 00:48:14,2026-07-01 00:03:10
26073846,zmenen,ZastavenaPlocha,1,7,2006-07-01,10,1.0,2.0,1,1,1,2,80.0,1,867664210,357,2239167210,55468,2016-06-01 00:48:14,2026-07-01 00:03:10
26074834,zmenen,ZastavenaPlocha,1,7,2006-07-01,10,1.0,2.0,1,1,1,2,78.0,1,867119210,385,2237568210,55468,2016-06-01 00:48:14,2026-07-01 00:03:10
26075636,zmenen,ZastavenaPlocha,1,7,2006-07-01,10,1.0,3.0,1,1,1,2,125.0,1,870307210,396,2246380210,55468,2016-06-01 00:48:14,2026-07-01 00:03:10
26076276,zmenen,ZastavenaPlocha,1,7,2006-07-01,10,1.0,2.0,1,1,1,2,80.0,1,867544210,360,2238775210,55468,2016-06-01 00:48:14,2026-07-01 00:03:10
26076608,zmenen,ZastavenaPlocha,1,7,2006-07-01,10,1.0,2.0,1,1,1,2,78.0,1,867103210,370,2237561210,55468,2016-06-01 00:48:14,2026-07-01 00:03:10
26077230,zmenen,"Dokonceni, ZastavenaPlocha",1,7,2007-12-31,6,1.0,3.0,1,1,1,2,84.0,1,874963210,391,2259762210,55468,2016-06-01 00:48:14,2026-07-01 00:03:10
26078651,zmenen,ZastavenaPlocha,1,7,2006-07-01,10,1.0,2.0,1,1,1,2,78.0,1,867545210,361,2238776210,55468,2016-06-01 00:48:14,2026-07-01 00:03:10
26079356,zmenen,"PocetBytu, ZastavenaPlocha, ZpusobVytapeniKod",1,7,2006-07-01,10,2.0,2.0,1,1,1,2,80.0,3,868961210,354,2238801210,55468,2016-06-01 00:48:14,2026-07-01 00:03:10
26079836,zmenen,"ZpusobVyuzitiKod, DruhKonstrukceKod, PocetBytu, PocetPodlazi, PripojeniKanalizaceKod, PripojeniPlynKod, PripojeniVodovodKod, VybaveniVytahemKod, ZastavenaPlocha, ZpusobVytapeniKod",1,7,2006-07-01,1,1.0,1.0,1,1,1,2,225.0,1,14847731010,397,19660345010,55468,2016-06-01 00:48:14,2026-07-01 00:03:10
26080001,zmenen,ZastavenaPlocha,1,7,2006-07-01,10,1.0,2.0,1,1,1,2,78.0,1,868946210,367,2239142210,55468,2016-06-01 00:48:14,2026-07-01 00:03:10
26080290,zmenen,ZastavenaPlocha,1,7,2006-07-01,10,1.0,2.0,1,1,1,2,80.0,1,867115210,375,2237579210,55468,2016-06-01 00:48:14,2026-07-01 00:03:10
26080770,zmenen,"DruhKonstrukceKod, PripojeniKanalizaceKod, PripojeniPlynKod, PripojeniVodovodKod, VybaveniVytahemKod, ZastavenaPlocha, ZpusobVytapeniKod",1,7,2006-07-01,1,1.0,1.0,1,1,1,2,79.0,1,867549210,353,2238784210,55468,2016-06-01 00:48:14,2026-07-01 00:03:10
26082080,zmenen,"VybaveniVytahemKod, ZastavenaPlocha",1,7,2006-07-01,10,1.0,2.0,1,1,1,2,80.0,1,867078210,381,2237493210,55468,2016-06-01 00:48:14,2026-07-01 00:03:10
26082811,zmenen,ZastavenaPlocha,1,7,2006-07-01,7,1.0,1.0,1,1,1,2,80.0,1,867080210,383,2237498210,55468,2016-06-01 00:48:14,2026-07-01 00:03:10
26084376,zmenen,ZastavenaPlocha,1,7,2006-07-01,10,1.0,2.0,1,1,1,2,78.0,1,867091210,379,2237536210,55468,2016-06-01 00:48:14,2026-07-01 00:03:10
26288524,zmenen,"ZastavenaPlocha, geometry",1,12,2002-02-08,,0.0,,,,,,2432.0,,381137210,210,1304357210,55468,2016-06-01 00:48:14,2026-07-01 00:03:10
26540355,zmenen,"PocetPodlazi, ZastavenaPlocha",1,7,2007-01-17,4,1.0,2.0,1,1,1,2,132.0,1,882361210,404,2277264210,55468,2016-06-01 00:48:14,2026-07-01 00:03:10
26540363,zmenen,ZastavenaPlocha,1,7,2007-01-17,10,1.0,2.0,1,1,1,2,120.0,1,877627210,405,2273373210,55468,2016-06-01 00:48:14,2026-07-01 00:03:10
26540371,zmenen,VybaveniVytahemKod,1,7,2007-01-17,4,1.0,2.0,1,1,1,2,118.0,1,890229210,406,2305995210,55468,2016-06-01 00:48:14,2026-07-01 00:03:10
26540380,zmenen,VybaveniVytahemKod,1,7,2007-01-17,9,1.0,2.0,1,1,1,2,146.0,1,890798210,407,2301206210,55468,2016-06-01 00:48:14,2026-07-01 00:03:10
26540401,zmenen,geometry,1,7,2007-01-17,4,1.0,2.0,1,1,1,2,118.0,1,886986210,409,2299993210,55468,2016-06-01 00:48:14,2026-07-01 00:03:10
26540444,zmenen,geometry,1,7,2007-02-28,4,1.0,2.0,1,1,1,2,109.0,1,891737210,413,2312016210,55468,2016-06-01 00:48:14,2026-07-01 00:03:10
26540452,zmenen,ZastavenaPlocha,1,7,2007-02-28,10,1.0,2.0,1,1,1,2,222.0,1,889580210,414,2310140210,55468,2016-06-01 00:48:14,2026-07-01 00:03:10
26540461,zmenen,ZastavenaPlocha,1,7,2007-02-28,7,1.0,2.0,1,1,1,2,132.0,1,888091210,415,2300810210,55468,2016-06-01 00:48:14,2026-07-01 00:03:10
26540479,zmenen,ZastavenaPlocha,1,7,2007-02-28,10,1.0,2.0,1,1,1,2,136.0,1,892392210,416,2295861210,55468,2016-06-01 00:48:14,2026-07-01 00:03:10
26540487,zmenen,ZastavenaPlocha,1,7,2007-02-28,10,1.0,2.0,1,1,1,2,285.0,1,887712210,417,2295807210,55468,2016-06-01 00:48:14,2026-07-01 00:03:10
26540495,zmenen,"PocetPodlazi, ZastavenaPlocha",1,7,2007-02-28,6,1.0,2.0,1,1,1,2,194.0,1,892951210,418,2316015210,55468,2016-06-01 00:48:14,2026-07-01 00:03:10
26540517,zmenen,"VybaveniVytahemKod, ZastavenaPlocha, geometry",1,7,2007-02-28,9,1.0,2.0,1,1,1,2,113.0,1,705997210,420,1983731210,55468,2016-06-01 00:48:14,2026-07-01 00:03:10
26540525,zmenen,ZastavenaPlocha,1,7,2007-02-28,6,1.0,2.0,1,1,1,2,54.0,1,888009210,421,2296509210,55468,2016-06-01 00:48:14,2026-07-01 00:03:10
26540533,zmenen,"PocetPodlazi, ZastavenaPlocha",1,7,2007-02-28,10,1.0,2.0,1,1,1,2,127.0,1,866159210,422,2234496210,55468,2016-06-01 00:48:14,2026-07-01 00:03:10
26540541,zmenen,ZastavenaPlocha,1,7,2007-02-28,10,1.0,2.0,1,1,1,2,116.0,1,886177210,423,2297029210,55468,2016-06-01 00:48:14,2026-07-01 00:03:10
26540568,zmenen,ZastavenaPlocha,1,7,2007-02-28,10,1.0,3.0,1,1,1,2,243.0,1,882789210,425,2281647210,55468,2016-06-01 00:48:14,2026-07-01 00:03:10
26540576,zmenen,"PocetPodlazi, ZastavenaPlocha, geometry",1,7,2007-02-28,10,1.0,3.0,1,1,1,2,157.0,1,878797210,426,2277070210,55468,2016-06-01 00:48:14,2026-07-01 00:03:10
26540592,zmenen,"DruhKonstrukceKod, VybaveniVytahemKod",1,7,2007-02-28,6,1.0,2.0,1,1,1,2,111.0,1,888008210,428,2296507210,55468,2016-06-01 00:48:14,2026-07-01 00:03:10
26540606,zmenen,ZastavenaPlocha,1,7,2007-02-28,10,1.0,2.0,1,1,1,2,141.0,1,870266210,429,2246342210,55468,2016-06-01 00:48:14,2026-07-01 00:03:10
26540614,zmenen,ZastavenaPlocha,1,7,2007-02-28,10,1.0,3.0,1,1,1,2,172.0,1,886909210,430,2296717210,55468,2016-06-01 00:48:14,2026-07-01 00:03:10
26540622,zmenen,"ZastavenaPlocha, geometry",1,7,2007-02-28,9,1.0,1.0,9,9,9,9,212.0,9,447387210,431,1517030210,55468,2016-06-01 00:48:14,2026-07-01 00:03:10
26540649,zmenen,"ZpusobVyuzitiKod, ZpusobVytapeniKod, IsknBudovaId, geometry",1,7,2007-02-28,1,1.0,2.0,1,1,1,2,186.0,11,891207210,433,2316812210,55468,2016-06-01 00:48:14,2026-07-01 00:03:10
26540657,zmenen,ZastavenaPlocha,1,7,2007-02-28,10,1.0,2.0,1,1,1,2,89.0,1,877525210,434,2268011210,55468,2016-06-01 00:48:14,2026-07-01 00:03:10
26540673,zmenen,ZastavenaPlocha,1,7,2007-02-28,6,1.0,2.0,1,1,1,2,88.0,1,892690210,436,2320497210,55468,2016-06-01 00:48:14,2026-07-01 00:03:10
26540681,zmenen,"PocetPodlazi, geometry",1,7,2007-02-28,1,2.0,2.0,1,1,1,2,247.0,1,878265210,437,2272847210,55468,2016-06-01 00:48:14,2026-07-01 00:03:10
26540690,zmenen,PripojeniPlynKod,1,7,2007-02-28,1,1.0,3.0,1,1,1,2,170.0,1,878372210,438,2275720210,55468,2016-06-01 00:48:14,2026-07-01 00:03:10
26540703,zmenen,"PocetPodlazi, ZastavenaPlocha",1,7,2007-02-28,10,1.0,3.0,1,1,1,2,159.0,1,823725210,439,2166171210,55468,2016-06-01 00:48:14,2026-07-01 00:03:10
26540711,zmenen,ZastavenaPlocha,1,7,2007-02-28,10,1.0,2.0,1,1,1,2,121.0,1,899715210,440,2298336210,55468,2016-06-01 00:48:14,2026-07-01 00:03:10
26540720,zmenen,ZastavenaPlocha,1,7,2007-02-28,10,1.0,2.0,1,1,1,2,121.0,1,866957210,441,2237080210,55468,2016-06-01 00:48:14,2026-07-01 00:03:10
26540746,zmenen,VybaveniVytahemKod,1,7,2007-02-28,4,1.0,2.0,1,1,1,2,96.0,1,890596210,443,2314394210,55468,2016-06-01 00:48:14,2026-07-01 00:03:10
26540754,zmenen,"ZastavenaPlocha, ZpusobVytapeniKod",1,7,2007-02-28,6,1.0,2.0,1,1,1,2,101.0,4,891229210,444,2316876210,55468,2016-06-01 00:48:14,2026-07-01 00:03:10
26540762,zmenen,VybaveniVytahemKod,1,7,2007-02-28,9,1.0,2.0,1,1,1,2,121.0,1,889731210,445,2309016210,55468,2016-06-01 00:48:14,2026-07-01 00:03:10
26540797,zmenen,VybaveniVytahemKod,1,7,2007-02-28,10,1.0,2.0,1,1,1,2,121.0,1,903942210,448,2356517210,55468,2016-06-01 00:48:14,2026-07-01 00:03:10
26540819,zmenen,VybaveniVytahemKod,1,7,2007-02-28,10,1.0,2.0,1,1,1,2,114.0,1,903959210,450,2356553210,55468,2016-06-01 00:48:14,2026-07-01 00:03:10
26590654,zmenen,Dokonceni,1,7,2007-12-31,10,1.0,2.0,1,1,1,2,117.0,1,879756210,401,2280252210,55468,2016-06-01 00:48:14,2026-07-01 00:03:10
26590662,zmenen,"Dokonceni, DruhKonstrukceKod, ZpusobVytapeniKod",1,7,2007-12-31,1,1.0,2.0,1,1,1,2,114.0,11,886974210,402,2289770210,55468,2016-06-01 00:48:14,2026-07-01 00:03:10
26590671,zmenen,Dokonceni,1,7,2007-12-31,10,1.0,2.0,1,1,1,2,143.0,1,887158210,403,2284535210,55468,2016-06-01 00:48:14,2026-07-01 00:03:10
26743043,zmenen,VybaveniVytahemKod,1,7,2007-09-18,,1.0,2.0,1,1,1,2,114.0,1,889743210,451,2308944210,55468,2016-06-01 00:48:14,2026-07-01 00:03:10
26743051,zmenen,"Dokonceni, DruhKonstrukceKod, VybaveniVytahemKod",1,7,2022-01-18,1,1.0,2.0,1,1,1,2,88.0,1,889742210,452,2308948210,55468,2016-06-01 00:48:14,2026-07-01 00:03:10
26743060,zmenen,"DruhKonstrukceKod, VybaveniVytahemKod",1,7,2007-09-18,10,1.0,2.0,1,1,1,2,114.0,1,889740210,453,2308951210,55468,2016-06-01 00:48:14,2026-07-01 00:03:10
26743078,zmenen,VybaveniVytahemKod,1,7,2007-09-18,,1.0,2.0,1,1,1,2,121.0,1,889747210,454,2308958210,55468,2016-06-01 00:48:14,2026-07-01 00:03:10
26743086,zmenen,"DruhKonstrukceKod, VybaveniVytahemKod, ZastavenaPlocha",1,7,2007-09-18,10,1.0,2.0,1,1,1,2,88.0,1,889745210,455,2308963210,55468,2016-06-01 00:48:14,2026-07-01 00:03:10
26743108,zmenen,VybaveniVytahemKod,1,7,2007-09-18,,1.0,2.0,1,1,1,2,121.0,1,889751210,457,2309004210,55468,2016-06-01 00:48:14,2026-07-01 00:03:10
26743116,zmenen,"DruhKonstrukceKod, VybaveniVytahemKod",1,7,2007-09-18,10,1.0,2.0,1,1,1,2,88.0,1,889749210,458,2309009210,55468,2016-06-01 00:48:14,2026-07-01 00:03:10
26743124,zmenen,"DruhKonstrukceKod, VybaveniVytahemKod",1,7,2007-09-18,10,1.0,2.0,1,1,1,2,114.0,1,889748210,459,2309012210,55468,2016-06-01 00:48:14,2026-07-01 00:03:10
26743132,zmenen,VybaveniVytahemKod,1,7,2007-09-18,,1.0,2.0,1,1,1,2,114.0,1,889718210,460,2307620210,55468,2016-06-01 00:48:14,2026-07-01 00:03:10
26743159,zmenen,"PocetBytu, VybaveniVytahemKod, ZpusobVytapeniKod",1,7,2007-09-18,9,2.0,2.0,1,1,1,2,114.0,3,889716210,462,2307655210,55468,2016-06-01 00:48:14,2026-07-01 00:03:10
26743167,zmenen,VybaveniVytahemKod,1,7,2007-09-18,9,1.0,2.0,1,1,1,2,121.0,1,889768210,463,2308922210,55468,2016-06-01 00:48:14,2026-07-01 00:03:10
26743183,zmenen,VybaveniVytahemKod,1,7,2007-09-18,9,1.0,2.0,1,1,1,2,114.0,1,889752210,465,2308928210,55468,2016-06-01 00:48:14,2026-07-01 00:03:10
26743213,zmenen,VybaveniVytahemKod,1,7,2007-09-18,9,1.0,2.0,1,1,1,2,114.0,1,889769210,468,2308942210,55468,2016-06-01 00:48:14,2026-07-01 00:03:10
26743221,zmenen,VybaveniVytahemKod,1,7,2007-09-18,9,1.0,2.0,1,1,1,2,114.0,1,889726210,469,2307541210,55468,2016-06-01 00:48:14,2026-07-01 00:03:10
26743230,zmenen,VybaveniVytahemKod,1,7,2007-09-18,9,1.0,2.0,1,1,1,2,88.0,1,888894210,470,2307426210,55468,2016-06-01 00:48:14,2026-07-01 00:03:10
26743248,zmenen,VybaveniVytahemKod,1,7,2007-09-18,9,1.0,2.0,1,1,1,2,114.0,1,888799210,471,2307155210,55468,2016-06-01 00:48:14,2026-07-01 00:03:10
26743256,zmenen,VybaveniVytahemKod,1,7,2007-09-18,9,1.0,2.0,1,1,1,2,121.0,1,889730210,472,2307743210,55468,2016-06-01 00:48:14,2026-07-01 00:03:10
26743299,zmenen,VybaveniVytahemKod,1,7,2007-09-18,9,1.0,2.0,1,1,1,2,88.0,1,889733210,476,2307695210,55468,2016-06-01 00:48:14,2026-07-01 00:03:10
26743311,zmenen,VybaveniVytahemKod,1,7,2007-09-18,9,1.0,2.0,1,1,1,2,114.0,1,889764210,478,2307613210,55468,2016-06-01 00:48:14,2026-07-01 00:03:10
26743337,zmenen,VybaveniVytahemKod,1,7,2007-09-18,9,1.0,2.0,1,1,1,2,114.0,1,889762210,480,2307545210,55468,2016-06-01 00:48:14,2026-07-01 00:03:10
26743345,zmenen,VybaveniVytahemKod,1,7,2007-09-18,9,1.0,2.0,1,1,1,2,121.0,1,889773210,481,2307687210,55468,2016-06-01 00:48:14,2026-07-01 00:03:10
26743353,zmenen,VybaveniVytahemKod,1,7,2007-09-18,10,1.0,2.0,1,1,1,2,88.0,1,889766210,482,2307682210,55468,2016-06-01 00:48:14,2026-07-01 00:03:10
26743361,zmenen,VybaveniVytahemKod,1,7,2007-09-18,9,1.0,2.0,1,1,1,2,114.0,1,889765210,483,2307760210,55468,2016-06-01 00:48:14,2026-07-01 00:03:10
26743396,zmenen,VybaveniVytahemKod,1,7,2007-09-18,9,1.0,2.0,1,1,1,2,114.0,1,889776210,486,2307698210,55468,2016-06-01 00:48:14,2026-07-01 00:03:10
26743418,zmenen,VybaveniVytahemKod,1,7,2007-09-18,9,1.0,2.0,1,1,1,2,100.0,1,889780210,488,2307669210,55468,2016-06-01 00:48:14,2026-07-01 00:03:10
26743426,zmenen,ZpusobVytapeniKod,1,7,2007-09-18,10,1.0,2.0,1,1,1,2,114.0,2,889779210,489,2307547210,55468,2016-06-01 00:48:14,2026-07-01 00:03:10
26743442,zmenen,ZastavenaPlocha,1,7,2007-09-18,10,1.0,2.0,1,1,1,2,115.0,1,889791210,491,2307659210,55468,2016-06-01 00:48:14,2026-07-01 00:03:10
26743451,zmenen,VybaveniVytahemKod,1,7,2007-09-18,10,1.0,2.0,1,1,1,2,131.0,1,889787210,492,2307652210,55468,2016-06-01 00:48:14,2026-07-01 00:03:10
26743469,zmenen,VybaveniVytahemKod,1,7,2007-09-18,10,1.0,2.0,1,1,1,2,141.0,1,889802210,493,2307635210,55468,2016-06-01 00:48:14,2026-07-01 00:03:10
26743477,zmenen,VybaveniVytahemKod,1,7,2007-09-18,9,1.0,2.0,1,1,1,2,115.0,1,889800210,494,2307679210,55468,2016-06-01 00:48:14,2026-07-01 00:03:10
26743493,zmenen,"VybaveniVytahemKod, ZastavenaPlocha",1,7,2007-09-18,10,1.0,2.0,1,1,1,2,139.0,1,904473210,496,2305993210,55468,2016-06-01 00:48:14,2026-07-01 00:03:10
26743507,zmenen,ZastavenaPlocha,1,7,2007-09-18,10,1.0,2.0,1,1,1,2,95.0,1,909010210,497,2377311210,55468,2016-06-01 00:48:14,2026-07-01 00:03:10
26743515,zmenen,"PocetBytu, ZastavenaPlocha, ZpusobVytapeniKod",1,7,2007-09-18,10,2.0,2.0,1,1,1,2,95.0,3,908981210,498,2377312210,55468,2016-06-01 00:48:14,2026-07-01 00:03:10
26743523,zmenen,"PocetBytu, VybaveniVytahemKod, ZastavenaPlocha, ZpusobVytapeniKod",1,7,2007-09-18,6,3.0,2.0,1,1,1,2,210.0,3,890777210,499,2311708210,55468,2016-06-01 00:48:14,2026-07-01 00:03:10
26763648,zmenen,ZastavenaPlocha,1,7,2007-10-30,10,1.0,2.0,1,1,1,2,143.0,1,867753210,227,2239334210,55468,2016-06-01 00:48:14,2026-07-01 00:03:10
26790645,zmenen,ZastavenaPlocha,1,13,2001-05-21,,0.0,,,,,,285.0,,381192210,209,1304115210,55468,2016-06-01 00:48:14,2026-07-01 00:03:10
26790653,zmenen,"ZastavenaPlocha, ZpusobVytapeniKod, geometry",1,7,2007-03-08,10,1.0,2.0,1,1,1,2,105.0,11,867102210,369,2237558210,55468,2016-06-01 00:48:14,2026-07-01 00:03:10
26790661,zmenen,ZastavenaPlocha,1,7,2007-03-02,10,1.0,2.0,1,1,1,2,80.0,1,867118210,384,2237565210,55468,2016-06-01 00:48:14,2026-07-01 00:03:10
26932334,zmenen,"PocetBytu, ZastavenaPlocha, ZpusobVytapeniKod",1,7,2008-04-07,10,3.0,2.0,1,1,1,2,222.0,3,903816210,226,2319883210,55468,2016-06-01 00:48:14,2026-07-01 00:03:10
27041697,zmenen,"ZpusobVyuzitiKod, DruhKonstrukceKod, VybaveniVytahemKod",1,7,2008-08-07,10,1.0,2.0,1,1,1,2,96.0,1,882570210,225,2287875210,55468,2016-06-01 00:48:14,2026-07-01 00:03:10
27082636,zmenen,"ZastavenaPlocha, ZpusobVytapeniKod",1,7,2008-09-22,10,3.0,2.0,1,1,1,2,209.0,3,890782210,504,2311709210,55468,2016-06-01 00:48:14,2026-07-01 00:03:10
27082661,zmenen,"ZastavenaPlocha, ZpusobVytapeniKod",1,7,2008-09-22,7,1.0,2.0,1,1,1,2,112.0,4,880456210,502,2281215210,55468,2016-06-01 00:48:14,2026-07-01 00:03:10
27091201,zmenen,ZastavenaPlocha,1,7,2008-09-24,10,1.0,3.0,1,1,1,2,94.0,1,907637210,506,2376199210,55468,2016-06-01 00:48:14,2026-07-01 00:03:10
27110664,zmenen,ZastavenaPlocha,1,7,2008-10-22,7,1.0,2.0,1,1,1,2,73.0,1,915358210,507,2290114210,55468,2016-06-01 00:48:14,2026-07-01 00:03:10
27110672,zmenen,"PocetBytu, PocetPodlazi, ZastavenaPlocha, ZpusobVytapeniKod",1,7,2008-10-22,4,2.0,2.0,1,1,1,2,72.0,3,915359210,508,2290115210,55468,2016-06-01 00:48:14,2026-07-01 00:03:10
27110681,zmenen,"DruhKonstrukceKod, VybaveniVytahemKod",1,7,2008-10-22,1,1.0,2.0,1,1,1,2,103.0,1,909758210,509,2388305210,55468,2016-06-01 00:48:14,2026-07-01 00:03:10
27161986,zmenen,"DruhKonstrukceKod, PocetPodlazi, PripojeniKanalizaceKod, PripojeniPlynKod, PripojeniVodovodKod, VybaveniVytahemKod, ZastavenaPlocha, ZpusobVytapeniKod",1,7,2008-12-15,1,1.0,2.0,2,1,1,2,95.0,11,899554210,511,2328365210,55468,2016-06-01 00:48:14,2026-07-01 00:03:10
27232247,zmenen,ZpusobVytapeniKod,1,7,2009-03-03,1,1.0,2.0,1,1,1,2,122.0,11,16064099010,513,30506669010,55468,2016-06-01 00:48:14,2026-07-01 00:03:10
27232255,zmenen,ZastavenaPlocha,1,7,2009-03-03,7,1.0,2.0,1,1,1,2,215.0,1,884050210,514,2293043210,55468,2016-06-01 00:48:14,2026-07-01 00:03:10
27232263,zmenen,"ZastavenaPlocha, geometry",1,7,2009-03-03,10,1.0,2.0,1,1,1,2,73.0,1,889582210,515,2307134210,55468,2016-06-01 00:48:14,2026-07-01 00:03:10
27232336,zmenen,VybaveniVytahemKod,1,7,2009-03-06,9,1.0,2.0,1,1,1,2,170.0,1,907399210,516,2377772210,55468,2016-06-01 00:48:14,2026-07-01 00:03:10
27241327,zmenen,"ZpusobVyuzitiKod, VybaveniVytahemKod, IsknBudovaId, geometry",1,7,2009-03-18,6,1.0,2.0,1,1,1,2,111.0,1,23881390010,519,2398605210,55468,2016-06-01 00:48:14,2026-07-01 00:03:10
27241335,zmenen,"PocetPodlazi, PripojeniPlynKod, VybaveniVytahemKod, ZpusobVytapeniKod",1,7,2009-03-18,4,1.0,1.0,1,1,1,2,218.0,1,876332210,520,2267955210,55468,2016-06-01 00:48:14,2026-07-01 00:03:10
27272761,zmenen,"ZpusobVyuzitiKod, PripojeniPlynKod, VybaveniVytahemKod, ZpusobVytapeniKod",1,7,2009-05-04,1,1.0,3.0,1,3,1,2,122.0,1,21277993010,521,2275379210,55468,2016-06-01 00:48:14,2026-07-01 00:03:10
27272770,zmenen,VybaveniVytahemKod,1,7,2009-05-04,10,1.0,2.0,1,1,1,2,173.0,1,876087210,522,2267243210,55468,2016-06-01 00:48:14,2026-07-01 00:03:10
27276295,zmenen,"ZpusobVyuzitiKod, ZastavenaPlocha, geometry",1,20,2009-05-11,,0.0,,,,,,333.0,,914837210,524,2378317210,55468,2016-06-01 00:48:14,2026-07-01 00:03:10
27276309,zmenen,ZastavenaPlocha,1,20,2009-05-11,,0.0,,,,,,566.0,,914835210,525,2378315210,55468,2016-06-01 00:48:14,2026-07-01 00:03:10
27285847,zmenen,ZastavenaPlocha,1,7,2009-05-21,10,1.0,2.0,1,1,1,2,109.0,1,886702210,526,2295826210,55468,2016-06-01 00:48:14,2026-07-01 00:03:10
27301371,zmenen,ZpusobVytapeniKod,1,7,2009-06-10,10,1.0,3.0,1,1,1,2,75.0,4,891719210,527,2313332210,55468,2016-06-01 00:48:14,2026-07-01 00:03:10
27301397,zmenen,ZastavenaPlocha,1,7,2009-06-10,6,1.0,2.0,1,1,1,2,84.0,1,926250210,529,2417144210,55468,2016-06-01 00:48:14,2026-07-01 00:03:10
27301401,zmenen,VybaveniVytahemKod,1,7,2009-06-10,9,1.0,2.0,1,1,1,2,76.0,1,921616210,530,2418021210,55468,2016-06-01 00:48:14,2026-07-01 00:03:10
27301419,zmenen,VybaveniVytahemKod,1,7,2009-06-10,9,1.0,2.0,1,1,1,2,76.0,1,921615210,531,2418022210,55468,2016-06-01 00:48:14,2026-07-01 00:03:10
27301435,zmenen,ZastavenaPlocha,1,7,2009-06-10,7,1.0,2.0,1,1,1,2,113.0,1,921614210,533,2418019210,55468,2016-06-01 00:48:14,2026-07-01 00:03:10
27321851,zmenen,"ZpusobVyuzitiKod, Dokonceni, VybaveniVytahemKod, IsknBudovaId, IdentifikacniParcely, geometry",1,7,2008-07-23,4,1.0,2.0,1,1,1,2,97.0,1,889361210,536,2306874210,55468,2016-06-01 00:48:14,2026-07-01 00:03:10
27344631,zmenen,"ZastavenaPlocha, geometry",1,7,2009-08-10,10,1.0,2.0,1,1,1,2,105.0,1,907044210,538,2375602210,55468,2016-06-01 00:48:14,2026-07-01 00:03:10
27344649,zmenen,VybaveniVytahemKod,1,7,2009-08-10,10,1.0,2.0,1,1,1,2,127.0,1,883408210,540,2281773210,55468,2016-06-01 00:48:14,2026-07-01 00:03:10
27344827,zmenen,ZastavenaPlocha,1,7,2009-08-20,10,1.0,2.0,1,1,1,2,184.0,1,909002210,539,2377306210,55468,2016-06-01 00:48:14,2026-07-01 00:03:10
27356752,zmenen,ZastavenaPlocha,1,7,2009-08-28,10,1.0,2.0,1,1,1,2,113.0,1,948776210,541,2402001210,55468,2016-06-01 00:48:14,2026-07-01 00:03:10
27363082,zmenen,VybaveniVytahemKod,1,7,2009-09-02,,1.0,2.0,1,1,1,2,104.0,1,928845210,542,2424663210,55468,2016-06-01 00:48:14,2026-07-01 00:03:10
27363091,zmenen,"DruhKonstrukceKod, PocetPodlazi, PripojeniKanalizaceKod, PripojeniPlynKod, PripojeniVodovodKod, VybaveniVytahemKod, ZastavenaPlocha, ZpusobVytapeniKod",1,7,2009-09-07,1,1.0,1.0,1,1,1,2,112.0,3,911875210,547,2395672210,55468,2016-06-01 00:48:14,2026-07-01 00:03:10
27415961,zmenen,"ZpusobVyuzitiKod, Dokonceni, DruhKonstrukceKod, VybaveniVytahemKod, ZpusobVytapeniKod, IsknBudovaId, IdentifikacniParcely, geometry",1,7,2009-12-14,1,1.0,2.0,1,1,1,2,125.0,11,902609210,548,2329923210,55468,2016-06-01 00:48:14,2026-07-01 00:03:10
27429610,zmenen,"PocetBytu, geometry",1,7,2009-11-05,10,2.0,2.0,1,1,1,2,172.0,1,882582210,544,2282504210,55468,2016-06-01 00:48:14,2026-07-01 00:03:10
27457907,zmenen,ZastavenaPlocha,1,7,2009-11-30,10,1.0,2.0,1,1,1,2,114.0,1,932903210,550,2320412210,55468,2016-06-01 00:48:14,2026-07-01 00:03:10
27477410,zmenen,"VybaveniVytahemKod, ZastavenaPlocha",1,7,2009-12-16,10,1.0,2.0,1,1,1,2,219.0,1,927074210,549,2425736210,55468,2016-06-01 00:48:14,2026-07-01 00:03:10
27477428,zmenen,"Dokonceni, ZastavenaPlocha, geometry",1,7,2019-03-15,7,1.0,2.0,1,1,1,2,183.0,1,936126210,555,2445328210,55468,2016-06-01 00:48:14,2026-07-01 00:03:10
27483711,zmenen,PripojeniPlynKod,1,7,2009-12-31,1,1.0,2.0,1,3,1,2,175.0,4,936005210,554,2456814210,55468,2016-06-01 00:48:14,2026-07-01 00:03:10
27491862,zmenen,ZpusobVytapeniKod,1,7,2010-01-12,6,1.0,2.0,1,3,1,2,126.0,1,921621210,551,2422368210,55468,2016-06-01 00:48:14,2026-07-01 00:03:10
27506053,zmenen,"PocetPodlazi, ZastavenaPlocha",1,7,2010-01-25,10,1.0,2.0,1,1,1,2,97.0,1,907234210,552,2378915210,55468,2016-06-01 00:48:14,2026-07-01 00:03:10
27525066,zmenen,ZpusobVytapeniKod,1,6,2010-02-16,6,6.0,4.0,1,3,1,2,205.0,3,904077210,562,2368677210,55468,2016-06-01 00:48:14,2026-07-01 00:03:10
27525074,zmenen,"PocetBytu, ZpusobVytapeniKod",1,6,2010-02-16,6,7.0,4.0,1,3,1,2,206.0,3,905171210,563,2370705210,55468,2016-06-01 00:48:14,2026-07-01 00:03:10
27525082,zmenen,"PripojeniPlynKod, ZastavenaPlocha, ZpusobVytapeniKod",1,6,2010-02-16,6,6.0,4.0,1,1,1,2,207.0,3,905172210,564,2370706210,55468,2016-06-01 00:48:14,2026-07-01 00:03:10
27525091,zmenen,ZpusobVytapeniKod,1,6,2010-02-16,6,6.0,4.0,1,3,1,2,206.0,3,905173210,565,2370707210,55468,2016-06-01 00:48:14,2026-07-01 00:03:10
27525104,zmenen,"VybaveniVytahemKod, ZpusobVytapeniKod",1,6,2010-02-16,6,6.0,4.0,1,3,1,2,208.0,3,905537210,566,2372662210,55468,2016-06-01 00:48:14,2026-07-01 00:03:10
27525112,zmenen,ZpusobVytapeniKod,1,6,2010-02-16,6,8.0,4.0,1,3,1,2,207.0,3,905538210,567,2372663210,55468,2016-06-01 00:48:14,2026-07-01 00:03:10
27525121,zmenen,"ZastavenaPlocha, ZpusobVytapeniKod, geometry",1,6,2010-02-16,6,6.0,4.0,1,3,1,2,206.0,3,907219210,568,2376022210,55468,2016-06-01 00:48:14,2026-07-01 00:03:10
27525139,zmenen,ZpusobVytapeniKod,1,6,2010-02-16,6,8.0,4.0,1,3,1,2,206.0,3,907798210,569,2378551210,55468,2016-06-01 00:48:14,2026-07-01 00:03:10
27525147,zmenen,ZpusobVytapeniKod,1,6,2010-02-16,6,6.0,4.0,1,1,1,2,207.0,3,907799210,570,2378552210,55468,2016-06-01 00:48:14,2026-07-01 00:03:10
27525155,zmenen,"PocetPodlazi, ZpusobVytapeniKod, geometry",1,6,2010-02-16,6,6.0,2.0,1,3,1,2,208.0,3,910021210,571,2380612210,55468,2016-06-01 00:48:14,2026-07-01 00:03:10
27525163,zmenen,"PocetPodlazi, ZastavenaPlocha, ZpusobVytapeniKod",1,7,2010-02-16,1,1.0,2.0,1,3,1,2,130.0,1,948734210,556,2461865210,55468,2016-06-01 00:48:14,2026-07-01 00:03:10
27541541,zmenen,"PripojeniPlynKod, VybaveniVytahemKod, ZastavenaPlocha, ZpusobVytapeniKod",1,7,2010-03-08,1,1.0,2.0,1,1,1,2,177.0,1,888102210,558,2291968210,55468,2016-06-01 00:48:14,2026-07-01 00:03:10
27541550,zmenen,"PocetPodlazi, ZastavenaPlocha, geometry",1,7,2010-03-08,10,1.0,2.0,1,1,1,2,120.0,1,904761210,559,2327113210,55468,2016-06-01 00:48:14,2026-07-01 00:03:10
27545075,zmenen,"PripojeniPlynKod, VybaveniVytahemKod, ZpusobVytapeniKod, geometry",1,7,2010-03-12,1,1.0,2.0,1,3,1,2,86.0,1,909422210,561,2368737210,55468,2016-06-01 00:48:14,2026-07-01 00:03:10
27559157,zmenen,"VybaveniVytahemKod, ZpusobVytapeniKod",1,7,2010-04-07,1,1.0,2.0,1,1,1,2,132.0,1,887588210,572,2296549210,55468,2016-06-01 00:48:14,2026-07-01 00:03:10
27705421,zmenen,"DruhKonstrukceKod, PocetBytu, PocetPodlazi, PripojeniKanalizaceKod, PripojeniPlynKod, PripojeniVodovodKod, VybaveniVytahemKod, ZastavenaPlocha, ZpusobVytapeniKod",1,7,2010-10-20,1,1.0,1.0,1,1,1,2,85.0,11,960206210,221,2524816210,55468,2016-06-01 00:48:14,2026-07-01 00:03:10
27742458,zmenen,"PripojeniPlynKod, VybaveniVytahemKod, ZpusobVytapeniKod",1,7,2010-12-06,1,1.0,3.0,1,1,1,2,141.0,1,960626210,230,2510974210,55468,2016-06-01 00:48:14,2026-07-01 00:03:10
27789161,zmenen,"PripojeniPlynKod, VybaveniVytahemKod, ZpusobVytapeniKod",1,7,2011-01-31,1,1.0,2.0,1,1,1,2,207.0,1,20464537010,586,26358016010,55468,2016-06-01 00:48:14,2026-07-01 00:03:10
30135559,zmenen,"Dokonceni, PripojeniPlynKod, VybaveniVytahemKod, ZastavenaPlocha, ZpusobVytapeniKod, geometry",1,7,2010-12-31,1,1.0,2.0,1,1,1,2,196.0,1,966018210,228,2487068210,55468,2016-06-01 00:48:14,2026-07-01 00:03:10
30135567,zmenen,"Dokonceni, VybaveniVytahemKod, ZastavenaPlocha",1,7,2009-12-31,,1.0,3.0,1,1,1,2,73.0,1,935543210,523,2456515210,55468,2016-06-01 00:48:14,2026-07-01 00:03:10
30135575,zmenen,geometry,1,20,2014-07-14,7,0.0,3.0,1,1,9,,1252.0,1,902502210,545,2345678210,55468,2016-06-01 00:48:14,2026-07-01 00:03:10
34051643,zanikly,,1,,,,1.0,,,,,,,,,99,,55468,2016-06-01 00:48:14,2026-07-01 00:03:10
34051651,zmenen,"ZpusobVyuzitiKod, Dokonceni, DruhKonstrukceKod, PocetPodlazi, PripojeniKanalizaceKod, PripojeniPlynKod, PripojeniVodovodKod, VybaveniVytahemKod, ZastavenaPlocha, ZpusobVytapeniKod, IsknBudovaId, IdentifikacniParcely, geometry",1,13,1970-01-01,7,0.0,1.0,4,3,2,2,2860.0,4,381185210,197,1304118210,55468,2016-06-01 00:48:14,2026-07-01 00:03:10
34051660,zanikly,,1,,,,0.0,,,,,,,,,217,1304116210,55468,2016-06-01 00:48:14,2026-07-01 00:03:10
34051678,zmenen,geometry,1,7,2011-09-02,1,1.0,3.0,1,1,1,2,201.0,1,915586210,577,2403774210,55468,2016-06-01 00:48:14,2026-07-01 00:03:10
34051686,zmenen,"Dokonceni, VybaveniVytahemKod",1,7,2008-12-31,1,1.0,2.0,1,1,1,2,50.0,1,16094897010,609,30813298010,55468,2016-06-01 00:48:14,2026-07-01 00:03:10
39588416,zanikly,,3,19,,,,,,,,,,,,,1304153210,,2016-06-01 00:48:14,2026-07-01 00:03:10
39588424,zmenen,"ZpusobVyuzitiKod, Dokonceni, DruhKonstrukceKod, PocetBytu, PocetPodlazi, PripojeniKanalizaceKod, PripojeniPlynKod, PripojeniVodovodKod, VybaveniVytahemKod, ZastavenaPlocha, ZpusobVytapeniKod, geometry",3,18,2024-10-10,1,0.0,2.0,4,3,2,2,55.0,4,381063210,,1304378210,,2016-06-01 00:48:14,2026-07-01 00:03:10
42580749,zmenen,geometry,3,5,,,,,,,,,,,381204210,,1304303210,,2016-06-01 00:48:14,2026-07-01 00:03:10
42580757,zanikly,,3,18,,,,,,,,,,,,,1600051210,,2016-06-01 00:48:14,2026-07-01 00:03:10
42653088,zanikly,,3,13,,,,,,,,,,,381185210,,1304118210,,2016-06-01 00:48:14,2026-07-01 00:03:10
42654513,zanikly,,3,13,,,,,,,,,,,381175210,,1304117210,,2016-06-01 00:48:14,2026-07-01 00:03:10
42654521,zmenen,geometry,3,19,,,,,,,,,,,381180210,,1569788210,,2016-06-01 00:48:14,2026-07-01 00:03:10
42654556,zmenen,"ZpusobVyuzitiKod, geometry",3,10,,,,,,,,,,,381195210,,1304132210,,2016-06-01 00:48:14,2026-07-01 00:03:10
42873266,zmenen,"ZpusobVyuzitiKod, geometry",3,12,,,,,,,,,,,381169210,,1304338210,,2016-06-01 00:48:14,2026-07-01 00:03:10
42873274,zmenen,"ZpusobVyuzitiKod, Dokonceni, DruhKonstrukceKod, PocetBytu, PocetPodlazi, PripojeniKanalizaceKod, PripojeniPlynKod, PripojeniVodovodKod, VybaveniVytahemKod, ZastavenaPlocha, ZpusobVytapeniKod, geometry",3,12,2025-03-06,7,0.0,2.0,4,3,2,2,382.0,4,381170210,,1304356210,,2016-06-01 00:48:14,2026-07-01 00:03:10
42873282,zmenen,geometry,3,19,,,,,,,,,,,381133210,,1304083210,,2016-06-01 00:48:14,2026-07-01 00:03:10
42922402,zmenen,geometry,3,19,,,,,,,,,,,381127210,,1304210210,,2016-06-01 00:48:14,2026-07-01 00:03:10
42922411,zmenen,geometry,3,19,,,,,,,,,,,381129210,,1304211210,,2016-06-01 00:48:14,2026-07-01 00:03:10
43235620,zmenen,geometry,3,13,,,,,,,,,,,914838210,,2378318210,,2016-06-01 00:48:14,2026-07-01 00:03:10
43237142,zmenen,geometry,3,18,,,,,,,,,,,380948210,,1304365210,,2016-06-01 00:48:14,2026-07-01 00:03:10
43238581,zmenen,geometry,3,18,,,,,,,,,,,380987210,,1304321210,,2016-06-01 00:48:14,2026-07-01 00:03:10
43663672,zanikly,,3,20,,,,,,,,,,,,,2378317210,,2016-06-01 00:48:14,2026-07-01 00:03:10
45697175,zanikly,,3,19,,,,,,,,,,,381043210,,1304293210,,2016-06-01 00:48:14,2026-07-01 00:03:10
45701270,zanikly,,3,19,,,,,,,,,,,381021210,,1304216210,,2016-06-01 00:48:14,2026-07-01 00:03:10
45701296,zmenen,geometry,3,19,,,,,,,,,,,381055210,,1304308210,,2016-06-01 00:48:14,2026-07-01 00:03:10
45702250,zanikly,,3,19,,,,,,,,,,,381064210,,1304379210,,2016-06-01 00:48:14,2026-07-01 00:03:10
45702268,zmenen,geometry,3,13,,,,,,,,,,,381102210,,1304284210,,2016-06-01 00:48:14,2026-07-01 00:03:10
45707642,zanikly,,3,19,,,,,,,,,,,381057210,,1304156210,,2016-06-01 00:48:14,2026-07-01 00:03:10
49138995,zanikly,,3,19,,,,,,,,,,,381205210,,1304307210,,2016-06-01 00:48:14,2026-07-01 00:03:10
49140272,zmenen,"ZpusobVyuzitiKod, Dokonceni, DruhKonstrukceKod, PocetBytu, PocetPodlazi, PripojeniKanalizaceKod, PripojeniPlynKod, PripojeniVodovodKod, VybaveniVytahemKod, ZastavenaPlocha, ZpusobVytapeniKod, geometry",3,19,2007-10-12,1,0.0,1.0,4,3,2,2,44.0,4,599231210,,1815801210,,2016-06-01 00:48:14,2026-07-01 00:03:10
49194879,zmenen,geometry,3,19,,,,,,,,,,,381189210,,1304323210,,2016-06-01 00:48:14,2026-07-01 00:03:10
49196120,zanikly,,3,16,,,,,,,,,,,381176210,,1304367210,,2016-06-01 00:48:14,2026-07-01 00:03:10
49671111,zmenen,geometry,3,19,,,,,,,,,,,381095210,,1304148210,,2016-06-01 00:48:14,2026-07-01 00:03:10
49684442,zmenen,geometry,3,16,,,,,,,,,,,381141210,,1304120210,,2016-06-01 00:48:14,2026-07-01 00:03:10
49743198,zanikly,,3,19,,,,,,,,,,,381128210,,1304209210,,2016-06-01 00:48:14,2026-07-01 00:03:10
49743228,zanikly,,3,19,,,,,,,,,,,441500210,,1504648210,,2016-06-01 00:48:14,2026-07-01 00:03:10
50000705,zmenen,geometry,3,19,,,,,,,,,,,886160210,,2298620210,,2016-06-01 00:48:14,2026-07-01 00:03:10
50016776,zmenen,geometry,3,13,,,,,,,,,,,930989210,,2442767210,,2016-06-01 00:48:14,2026-07-01 00:03:10
50022644,zmenen,"Dokonceni, DruhKonstrukceKod, PocetBytu, PocetPodlazi, PripojeniKanalizaceKod, PripojeniPlynKod, PripojeniVodovodKod, VybaveniVytahemKod, ZastavenaPlocha, ZpusobVytapeniKod, geometry",3,19,1900-01-01,10,0.0,1.0,4,3,2,2,61.0,4,380937210,,1304104210,,2016-06-01 00:48:14,2026-07-01 00:03:10
50048023,zmenen,geometry,3,12,,,,,,,,,,,868839210,,2242310210,,2016-06-01 00:48:14,2026-07-01 00:03:10
50048562,zanikly,,3,13,,,,,,,,,,,380972210,,1304235210,,2016-06-01 00:48:14,2026-07-01 00:03:10
51046555,zmenen,Dokonceni,1,7,2012-12-31,1,1.0,1.0,1,1,1,2,327.0,1,20986772010,613,21188417010,55468,2016-06-01 00:48:14,2026-07-01 00:03:10
51065886,zmenen,VybaveniVytahemKod,1,7,2011-10-03,1,1.0,2.0,1,1,1,2,138.0,1,964056210,614,2505870210,55468,2016-06-01 00:48:14,2026-07-01 00:03:10
51074711,zmenen,VybaveniVytahemKod,1,7,2011-12-14,1,1.0,2.0,1,1,1,2,93.0,1,14993770010,574,20159123010,55468,2016-06-01 00:48:14,2026-07-01 00:03:10
51079429,zmenen,VybaveniVytahemKod,1,7,2012-04-05,1,1.0,2.0,1,1,1,2,123.0,1,15059793010,617,21462126010,55468,2016-06-01 00:48:14,2026-07-01 00:03:10
51080494,zmenen,"Dokonceni, DruhKonstrukceKod, VybaveniVytahemKod",1,7,2012-12-31,1,1.0,2.0,1,1,1,2,130.0,1,15045624010,616,21874232010,55468,2016-06-01 00:48:14,2026-07-01 00:03:10
51129183,zmenen,"DruhKonstrukceKod, VybaveniVytahemKod",1,7,2012-04-24,1,1.0,2.0,1,1,1,2,116.0,1,14678418010,620,18838220010,55468,2016-06-01 00:48:14,2026-07-01 00:03:10
51178346,zmenen,"ZastavenaPlocha, ZpusobVytapeniKod, IsknBudovaId, IdentifikacniParcely, geometry",1,7,2012-05-23,1,1.0,3.0,1,1,1,2,160.0,11,24952614010,618,60378935010,55468,2016-06-01 00:48:14,2026-07-01 00:03:10
51205769,zmenen,VybaveniVytahemKod,1,7,2012-06-01,6,1.0,2.0,1,1,1,2,87.0,1,937061210,619,2458898210,55468,2016-06-01 00:48:14,2026-07-01 00:03:10
51229714,zmenen,"VybaveniVytahemKod, ZastavenaPlocha",1,7,2012-03-06,1,1.0,2.0,1,1,1,2,124.0,1,892654210,615,2318522210,55468,2016-06-01 00:48:14,2026-07-01 00:03:10
51282798,zmenen,VybaveniVytahemKod,1,7,2012-06-20,1,1.0,2.0,1,1,1,2,128.0,1,911818210,621,2396871210,55468,2016-06-01 00:48:14,2026-07-01 00:03:10
51290456,zmenen,"PocetBytu, VybaveniVytahemKod, ZastavenaPlocha",1,7,2012-03-05,1,1.0,2.0,1,1,1,2,206.0,1,925592210,584,2422754210,55468,2016-06-01 00:48:14,2026-07-01 00:03:10
51290642,zmenen,"DruhKonstrukceKod, VybaveniVytahemKod",1,7,2011-10-03,1,1.0,2.0,1,1,1,2,206.0,1,20464530010,585,2551924210,55468,2016-06-01 00:48:14,2026-07-01 00:03:10
51291070,zmenen,"VybaveniVytahemKod, ZastavenaPlocha",1,7,2011-10-03,1,1.0,2.0,1,1,1,2,206.0,1,21760284010,588,26358012010,55468,2016-06-01 00:48:14,2026-07-01 00:03:10
51299631,zmenen,"Dokonceni, ZastavenaPlocha, IsknBudovaId, IdentifikacniParcely, geometry",1,7,2018-05-03,4,1.0,1.0,1,1,1,2,89.0,1,26973369010,645,68009088010,55468,2016-06-01 00:48:14,2026-07-01 00:03:10
51319365,zmenen,"DruhKonstrukceKod, VybaveniVytahemKod, geometry",1,7,2012-02-06,1,1.0,2.0,1,1,1,2,92.0,1,15262734010,622,19493350010,55468,2016-06-01 00:48:14,2026-07-01 00:03:10
51319420,zmenen,"PocetBytu, VybaveniVytahemKod, ZastavenaPlocha, geometry",1,7,2012-02-06,1,1.0,2.0,1,1,1,2,92.0,1,15262732010,624,19493347010,55468,2016-06-01 00:48:14,2026-07-01 00:03:10
51319667,zmenen,"DruhKonstrukceKod, VybaveniVytahemKod, geometry",1,7,2012-02-06,1,1.0,2.0,1,1,1,2,91.0,1,15262735010,623,19493348010,55468,2016-06-01 00:48:14,2026-07-01 00:03:10
51331047,zmenen,VybaveniVytahemKod,1,7,2012-06-25,1,1.0,2.0,1,1,1,2,86.0,1,964783210,578,2541984210,55468,2016-06-01 00:48:14,2026-07-01 00:03:10
51340984,zmenen,VybaveniVytahemKod,1,7,2012-06-29,1,1.0,2.0,1,1,1,2,85.0,1,964261210,625,2525425210,55468,2016-06-01 00:48:14,2026-07-01 00:03:10
51341000,zmenen,VybaveniVytahemKod,1,7,2012-06-22,1,1.0,2.0,1,1,1,2,123.0,1,909229210,626,2380779210,55468,2016-06-01 00:48:14,2026-07-01 00:03:10
51456397,zmenen,VybaveniVytahemKod,1,7,2012-07-30,1,1.0,2.0,1,1,1,2,116.0,1,15511220010,630,23354849010,55468,2016-06-01 00:48:14,2026-07-01 00:03:10
51521903,zmenen,"VybaveniVytahemKod, ZastavenaPlocha",1,7,2012-08-27,1,1.0,2.0,1,1,1,2,175.0,1,14933387010,627,21615754010,55468,2016-06-01 00:48:14,2026-07-01 00:03:10
51563045,zmenen,"VybaveniVytahemKod, ZastavenaPlocha",1,7,2012-09-07,1,2.0,1.0,1,1,1,2,193.0,1,15122824010,631,23360288010,55468,2016-06-01 00:48:14,2026-07-01 00:03:10
51563142,zmenen,"VybaveniVytahemKod, ZastavenaPlocha",1,7,2012-09-07,1,2.0,1.0,1,1,1,2,193.0,1,15122822010,633,23360286010,55468,2016-06-01 00:48:14,2026-07-01 00:03:10
51563258,zmenen,"VybaveniVytahemKod, ZastavenaPlocha",1,7,2012-09-07,1,2.0,1.0,1,1,1,2,193.0,1,15122823010,632,23360287010,55468,2016-06-01 00:48:14,2026-07-01 00:03:10
51619300,zmenen,"Dokonceni, ZpusobVytapeniKod",1,7,2022-09-08,1,1.0,3.0,1,1,1,2,144.0,16,914833210,579,2400455210,55468,2016-06-01 00:48:14,2026-07-01 00:03:10
51659000,zmenen,"PocetPodlazi, VybaveniVytahemKod, ZastavenaPlocha",1,7,2012-10-08,1,1.0,1.0,1,1,1,2,63.0,1,15150336010,587,2551925210,55468,2016-06-01 00:48:14,2026-07-01 00:03:10
51695774,zmenen,"DruhKonstrukceKod, VybaveniVytahemKod",1,7,2012-09-21,1,1.0,2.0,1,1,1,2,115.0,1,14665818010,629,18837461010,55468,2016-06-01 00:48:14,2026-07-01 00:03:10
51711737,zmenen,VybaveniVytahemKod,1,7,2012-10-17,1,1.0,2.0,1,1,1,2,116.0,1,15585127010,634,25795642010,55468,2016-06-01 00:48:14,2026-07-01 00:03:10
51721236,zmenen,VybaveniVytahemKod,1,7,2012-10-26,1,1.0,2.0,1,1,1,2,95.0,1,15487562010,635,22284755010,55468,2016-06-01 00:48:14,2026-07-01 00:03:10
51973103,zmenen,"DruhKonstrukceKod, PocetBytu, VybaveniVytahemKod",1,7,2012-12-05,1,2.0,2.0,1,1,1,2,120.0,1,15227257010,636,24503439010,55468,2016-06-01 00:48:14,2026-07-01 00:03:10
52090299,zmenen,"PocetBytu, VybaveniVytahemKod",1,7,2012-12-17,1,1.0,2.0,1,1,1,2,106.0,1,15258371010,637,24797322010,55468,2016-06-01 00:48:14,2026-07-01 00:03:10
52091180,zmenen,VybaveniVytahemKod,1,7,2012-12-21,1,2.0,2.0,1,1,1,2,121.0,1,15340001010,639,25321504010,55468,2016-06-01 00:48:14,2026-07-01 00:03:10
52092101,zmenen,"DruhKonstrukceKod, VybaveniVytahemKod",1,7,2012-12-17,1,1.0,2.0,1,1,1,2,138.0,1,15007539010,640,21127689010,55468,2016-06-01 00:48:14,2026-07-01 00:03:10
53335651,zmenen,"VybaveniVytahemKod, ZpusobVytapeniKod",1,7,2013-01-28,2,1.0,2.0,1,1,1,2,135.0,11,15773598010,642,28780482010,55468,2016-06-01 00:48:14,2026-07-01 00:03:10
53776879,zmenen,"DruhKonstrukceKod, VybaveniVytahemKod, ZpusobVytapeniKod",1,7,2013-02-06,1,1.0,1.0,1,1,1,2,97.0,11,15795217010,641,28465120010,55468,2016-06-01 00:48:14,2026-07-01 00:03:10
53863003,zmenen,"DruhKonstrukceKod, VybaveniVytahemKod, ZpusobVytapeniKod",1,7,2013-02-27,1,2.0,1.0,1,1,1,2,185.0,11,15410504010,643,26331137010,55468,2016-06-01 00:48:14,2026-07-01 00:03:10
54003911,zmenen,"Dokonceni, ZpusobVytapeniKod",1,7,2018-04-26,1,1.0,2.0,1,1,1,2,102.0,16,14885476010,646,20965929010,55468,2016-06-01 00:48:14,2026-07-01 00:03:10
54007062,zmenen,"Dokonceni, ZpusobVytapeniKod, geometry",1,7,2019-02-05,1,1.0,2.0,1,1,1,2,105.0,15,15905285010,644,29533166010,55468,2016-06-01 00:48:14,2026-07-01 00:03:10
54067839,zmenen,ZpusobVytapeniKod,1,7,2013-04-24,1,2.0,2.0,1,3,1,2,123.0,11,15410480010,647,26331139010,55468,2016-06-01 00:48:14,2026-07-01 00:03:10
54068061,zmenen,ZpusobVytapeniKod,1,7,2013-04-23,1,1.0,2.0,1,3,1,2,118.0,11,14446002010,649,2572484210,55468,2016-06-01 00:48:14,2026-07-01 00:03:10
54068703,zmenen,ZpusobVytapeniKod,1,7,2013-04-23,1,1.0,2.0,1,1,1,2,159.0,11,929107210,648,2441387210,55468,2016-06-01 00:48:14,2026-07-01 00:03:10
54072174,zmenen,"ZpusobVytapeniKod, geometry",1,7,2013-04-23,1,1.0,2.0,1,1,1,2,175.0,11,16393459010,652,25801386010,55468,2016-06-01 00:48:14,2026-07-01 00:03:10
54078784,zmenen,"Dokonceni, ZpusobVytapeniKod",1,7,2013-12-31,1,1.0,2.0,1,1,1,2,118.0,11,14612800010,650,18312436010,55468,2016-06-01 00:48:14,2026-07-01 00:03:10
54096596,zmenen,ZpusobVytapeniKod,1,7,2013-05-06,1,2.0,2.0,1,1,1,2,131.0,11,15606624010,651,28169147010,55468,2016-06-01 00:48:14,2026-07-01 00:03:10
54146615,zmenen,ZpusobVytapeniKod,1,7,2013-05-15,1,1.0,2.0,1,1,1,2,62.0,11,925592210,583,2422754210,55468,2016-06-01 00:48:14,2026-07-01 00:03:10
54167370,zmenen,ZpusobVytapeniKod,1,7,2013-05-29,1,2.0,2.0,1,1,1,2,131.0,11,15616656010,653,28122766010,55468,2016-06-01 00:48:14,2026-07-01 00:03:10
54167574,zmenen,ZpusobVytapeniKod,1,7,2013-05-07,1,1.0,2.0,1,1,1,2,144.0,11,879442210,654,2279038210,55468,2016-06-01 00:48:14,2026-07-01 00:03:10
54168007,zmenen,"Dokonceni, ZpusobVytapeniKod",1,7,2013-12-31,1,1.0,1.0,1,3,1,2,245.0,11,16046737010,655,30398193010,55468,2016-06-01 00:48:14,2026-07-01 00:03:10
54226953,zmenen,ZpusobVytapeniKod,1,7,2013-05-15,1,1.0,2.0,1,1,1,2,62.0,11,15990276010,591,26506681010,55468,2016-06-01 00:48:14,2026-07-01 00:03:10
54255465,zmenen,"Dokonceni, ZpusobVytapeniKod",1,7,2013-12-31,1,1.0,2.0,1,1,1,2,112.0,11,15732735010,656,29420565010,55468,2016-06-01 00:48:14,2026-07-01 00:03:10
54272726,zmenen,ZpusobVytapeniKod,1,7,2013-07-03,1,1.0,2.0,1,1,1,2,227.0,15,16072750010,657,31216913010,55468,2016-06-01 00:48:14,2026-07-01 00:03:10
54336350,zmenen,ZpusobVytapeniKod,1,7,2013-07-22,1,2.0,2.0,1,1,1,2,175.0,15,15895758010,658,30394114010,55468,2016-06-01 00:48:14,2026-07-01 00:03:10
54336619,zmenen,ZpusobVytapeniKod,1,7,2013-07-22,1,2.0,2.0,1,1,1,2,175.0,11,15895759010,659,30394115010,55468,2016-06-01 00:48:14,2026-07-01 00:03:10
54336651,zmenen,ZpusobVytapeniKod,1,7,2013-07-22,1,2.0,1.0,1,1,1,2,175.0,11,15895760010,660,30394116010,55468,2016-06-01 00:48:14,2026-07-01 00:03:10
54337976,zmenen,"Dokonceni, ZpusobVytapeniKod",1,7,2013-12-31,1,1.0,2.0,1,1,1,2,119.0,11,878483210,667,2274667210,55468,2016-06-01 00:48:14,2026-07-01 00:03:10
54560268,zmenen,geometry,1,7,2013-09-25,1,2.0,1.0,1,1,1,2,205.0,1,15903965010,662,30702073010,55468,2016-06-01 00:48:14,2026-07-01 00:03:10
54561205,zmenen,"Dokonceni, ZpusobVytapeniKod",1,7,2013-12-31,1,1.0,1.0,1,1,1,2,213.0,11,15274669010,663,25185080010,55468,2016-06-01 00:48:14,2026-07-01 00:03:10
59828463,zmenen,ZpusobVytapeniKod,1,7,2013-11-11,1,2.0,2.0,1,3,1,2,201.0,15,16066910010,664,32014865010,55468,2016-06-01 00:48:14,2026-07-01 00:03:10
59841320,zmenen,"Dokonceni, PripojeniPlynKod, ZpusobVytapeniKod",1,7,2013-12-31,1,1.0,2.0,1,3,1,2,94.0,11,16425621010,665,32262539010,55468,2016-06-01 00:48:14,2026-07-01 00:03:10
62775936,zmenen,"Dokonceni, PocetBytu, PocetPodlazi, ZastavenaPlocha, ZpusobVytapeniKod",1,7,2013-12-31,1,1.0,1.0,1,1,1,2,81.0,11,914198210,590,26506682010,55468,2016-06-01 00:48:14,2026-07-01 00:03:10
62780093,zmenen,"Dokonceni, ZastavenaPlocha, ZpusobVytapeniKod",1,7,2019-05-14,1,1.0,2.0,1,1,1,2,204.0,16,19908395010,666,2495620210,55468,2016-06-01 00:48:14,2026-07-01 00:03:10
6398332,zmenen,"ZpusobVyuzitiKod, Dokonceni, VybaveniVytahemKod, ZastavenaPlocha, geometry",1,7,1919-12-31,10,1.0,1.0,1,9,1,2,91.0,9,381092210,1,1304146210,55468,2016-06-01 00:48:14,2026-07-01 00:03:10
6398341,zmenen,"Dokonceni, ZastavenaPlocha",1,7,1919-12-31,10,2.0,1.0,1,3,1,2,231.0,1,381060210,2,1304149210,55468,2016-06-01 00:48:14,2026-07-01 00:03:10
6398359,zmenen,"ZpusobVyuzitiKod, Dokonceni, PocetPodlazi, ZastavenaPlocha, ZpusobVytapeniKod",1,7,1919-12-31,10,2.0,2.0,1,1,1,2,161.0,3,381025210,3,1304151210,55468,2016-06-01 00:48:14,2026-07-01 00:03:10
6398367,zmenen,"ZpusobVyuzitiKod, Dokonceni, PocetPodlazi, PripojeniKanalizaceKod, PripojeniPlynKod, PripojeniVodovodKod, VybaveniVytahemKod, ZastavenaPlocha, ZpusobVytapeniKod, geometry",1,7,1945-12-31,9,1.0,2.0,3,1,1,2,328.0,1,380943210,4,1304152210,55468,2016-06-01 00:48:14,2026-07-01 00:03:10
6398375,zmenen,"ZpusobVyuzitiKod, Dokonceni, PocetPodlazi, ZastavenaPlocha, geometry",1,7,1919-12-31,10,1.0,2.0,1,3,1,2,54.0,1,381029210,5,1304174210,55468,2016-06-01 00:48:14,2026-07-01 00:03:10
6398383,zmenen,"Dokonceni, ZastavenaPlocha, geometry",1,7,2000-12-31,10,1.0,1.0,1,3,1,2,153.0,1,381150210,6,1304173210,55468,2016-06-01 00:48:14,2026-07-01 00:03:10
6398391,zmenen,"ZpusobVyuzitiKod, Dokonceni, DruhKonstrukceKod, PocetPodlazi, PripojeniKanalizaceKod, PripojeniPlynKod, PripojeniVodovodKod, VybaveniVytahemKod, ZastavenaPlocha, ZpusobVytapeniKod",1,7,2019-07-16,3,1.0,2.0,1,3,1,2,140.0,1,380945210,7,1304172210,55468,2016-06-01 00:48:14,2026-07-01 00:03:10
6398405,zmenen,"ZpusobVyuzitiKod, Dokonceni, ZastavenaPlocha, ZpusobVytapeniKod, geometry",1,7,1919-12-31,10,1.0,1.0,1,1,1,2,74.0,4,380935210,8,1304164210,55468,2016-06-01 00:48:14,2026-07-01 00:03:10
6398413,zmenen,"Dokonceni, PocetBytu, PripojeniPlynKod, ZastavenaPlocha, ZpusobVytapeniKod",1,7,1919-12-31,10,2.0,1.0,1,1,1,2,139.0,3,381024210,9,1304163210,55468,2016-06-01 00:48:14,2026-07-01 00:03:10
6398421,zmenen,"ZpusobVyuzitiKod, Dokonceni, PocetPodlazi, ZastavenaPlocha",1,7,1945-12-31,10,1.0,2.0,1,1,1,2,106.0,1,381076210,10,1304162210,55468,2016-06-01 00:48:14,2026-07-01 00:03:10
6398430,zmenen,"Dokonceni, DruhKonstrukceKod",1,7,2011-12-31,2,1.0,,3,1,1,2,199.0,1,381052210,611,1304193210,55468,2016-06-01 00:48:14,2026-07-01 00:03:10
6398448,zmenen,"ZpusobVyuzitiKod, Dokonceni, ZastavenaPlocha, geometry",1,7,1919-12-31,10,1.0,1.0,1,1,1,2,92.0,4,380934210,12,1304160210,55468,2016-06-01 00:48:14,2026-07-01 00:03:10
6398464,zmenen,"ZpusobVyuzitiKod, Dokonceni, PocetPodlazi, PripojeniPlynKod, ZastavenaPlocha, ZpusobVytapeniKod",1,7,1980-12-31,10,2.0,2.0,1,1,1,2,155.0,3,381058210,14,1304158210,55468,2016-06-01 00:48:14,2026-07-01 00:03:10
6398481,zmenen,"Dokonceni, PocetPodlazi, ZastavenaPlocha, geometry",1,7,1970-12-31,10,1.0,2.0,1,1,1,2,211.0,1,380928210,16,1304090210,55468,2016-06-01 00:48:14,2026-07-01 00:03:10
6398499,zmenen,"Dokonceni, PocetPodlazi, ZastavenaPlocha, ZpusobVytapeniKod",1,7,2000-12-31,10,1.0,2.0,3,1,1,2,168.0,1,912457210,17,2400606210,55468,2016-06-01 00:48:14,2026-07-01 00:03:10
6398502,zmenen,"ZpusobVyuzitiKod, Dokonceni, PocetBytu, PocetPodlazi, ZastavenaPlocha, geometry",1,7,1919-12-31,10,2.0,2.0,1,1,1,2,129.0,1,381022210,18,1304101210,55468,2016-06-01 00:48:14,2026-07-01 00:03:10
6398511,zmenen,"ZpusobVyuzitiKod, Dokonceni, PocetPodlazi, PripojeniPlynKod, PripojeniVodovodKod, ZastavenaPlocha, geometry",1,7,1981-04-18,10,2.0,3.0,1,3,1,2,599.0,1,380938210,19,1304103210,55468,2016-06-01 00:48:14,2026-07-01 00:03:10
6398529,zmenen,"Dokonceni, ZastavenaPlocha, geometry",1,7,1919-12-31,10,1.0,1.0,1,3,1,2,171.0,4,381156210,20,1304106210,55468,2016-06-01 00:48:14,2026-07-01 00:03:10
6398537,zmenen,"ZpusobVyuzitiKod, Dokonceni, DruhKonstrukceKod, PripojeniKanalizaceKod, PripojeniPlynKod, PripojeniVodovodKod, VybaveniVytahemKod, ZastavenaPlocha, ZpusobVytapeniKod, geometry",1,7,2006-08-23,1,1.0,1.0,1,3,1,2,336.0,1,381103210,21,1304145210,55468,2016-06-01 00:48:14,2026-07-01 00:03:10
6398545,zmenen,"ZpusobVyuzitiKod, Dokonceni, PripojeniPlynKod, ZastavenaPlocha, ZpusobVytapeniKod",1,7,1970-12-31,10,1.0,1.0,1,1,1,2,239.0,1,381088210,22,1304109210,55468,2016-06-01 00:48:14,2026-07-01 00:03:10
6398553,zmenen,"ZpusobVyuzitiKod, Dokonceni, PocetPodlazi, ZastavenaPlocha, geometry",1,7,1945-12-31,10,1.0,3.0,1,1,1,2,182.0,1,380984210,23,1304142210,55468,2016-06-01 00:48:14,2026-07-01 00:03:10
6398561,zmenen,"ZpusobVyuzitiKod, Dokonceni, PocetBytu, PocetPodlazi, ZastavenaPlocha, ZpusobVytapeniKod",1,7,1919-12-31,10,2.0,2.0,3,1,1,2,152.0,3,381134210,24,1304085210,55468,2016-06-01 00:48:14,2026-07-01 00:03:10
6398570,zmenen,"Dokonceni, ZastavenaPlocha, ZpusobVytapeniKod",1,6,1990-12-31,4,4.0,3.0,1,1,1,2,186.0,3,381191210,25,1304137210,55468,2016-06-01 00:48:14,2026-07-01 00:03:10
6398588,zmenen,"Dokonceni, PocetPodlazi, ZastavenaPlocha, ZpusobVytapeniKod",1,7,1919-12-31,10,2.0,2.0,1,1,1,2,150.0,3,380923210,26,1304134210,55468,2016-06-01 00:48:14,2026-07-01 00:03:10
6398596,zmenen,"Dokonceni, PocetBytu, ZastavenaPlocha",1,7,1960-12-31,10,2.0,1.0,1,3,1,2,128.0,1,380958210,27,1304094210,55468,2016-06-01 00:48:14,2026-07-01 00:03:10
6398600,zmenen,"Dokonceni, PocetBytu, PocetPodlazi, ZastavenaPlocha, ZpusobVytapeniKod",1,6,1919-12-31,10,10.0,4.0,1,3,1,2,297.0,3,381115210,28,1304113210,55468,2016-06-01 00:48:14,2026-07-01 00:03:10
6398618,zmenen,"ZpusobVyuzitiKod, Dokonceni, PocetBytu, ZastavenaPlocha, ZpusobVytapeniKod, geometry",1,7,1960-12-31,10,2.0,1.0,1,1,1,2,121.0,3,380940210,29,1304095210,55468,2016-06-01 00:48:14,2026-07-01 00:03:10
6398626,zmenen,"ZpusobVyuzitiKod, Dokonceni, DruhKonstrukceKod, PocetBytu, PocetPodlazi, PripojeniKanalizaceKod, PripojeniPlynKod, PripojeniVodovodKod, VybaveniVytahemKod, ZastavenaPlocha, ZpusobVytapeniKod, geometry",1,7,1919-12-31,10,1.0,1.0,1,1,1,2,196.0,3,380944210,30,1304110210,55468,2016-06-01 00:48:14,2026-07-01 00:03:10
6398634,zanikly,,1,3,,10,1.0,1.0,3,3,1,2,,4,381023210,31,1304108210,55468,2016-06-01 00:48:14,2026-07-01 00:03:10
6398642,zmenen,"ZpusobVyuzitiKod, Dokonceni, ZastavenaPlocha, geometry",1,7,1919-12-31,10,1.0,1.0,1,3,9,2,229.0,1,380949210,32,1304100210,55468,2016-06-01 00:48:14,2026-07-01 00:03:10
6398651,zmenen,"ZpusobVyuzitiKod, Dokonceni, PocetPodlazi, ZastavenaPlocha, geometry",1,7,1933-12-31,10,1.0,2.0,1,1,1,2,122.0,1,380946210,33,1304096210,55468,2016-06-01 00:48:14,2026-07-01 00:03:10
6398669,zmenen,"Dokonceni, ZastavenaPlocha, geometry",1,7,1919-12-31,10,2.0,1.0,1,3,1,2,80.0,1,380947210,34,1304091210,55468,2016-06-01 00:48:14,2026-07-01 00:03:10
6398677,zanikly,,1,3,,10,2.0,1.0,2,9,9,2,,1,381035210,35,1304097210,55468,2016-06-01 00:48:14,2026-07-01 00:03:10
6398685,zmenen,"ZpusobVyuzitiKod, Dokonceni, PocetPodlazi, ZastavenaPlocha, ZpusobVytapeniKod",1,7,1919-12-31,10,1.0,2.0,1,1,1,2,141.0,1,381148210,36,1304107210,55468,2016-06-01 00:48:14,2026-07-01 00:03:10
6398693,zmenen,"Dokonceni, PripojeniPlynKod, ZastavenaPlocha, geometry",1,7,1919-12-31,10,1.0,1.0,1,1,1,2,145.0,1,381028210,37,1304098210,55468,2016-06-01 00:48:14,2026-07-01 00:03:10
6398707,zmenen,"Dokonceni, PocetPodlazi, ZastavenaPlocha",1,7,1980-12-31,10,1.0,2.0,3,3,1,2,177.0,1,381072210,38,1304171210,55468,2016-06-01 00:48:14,2026-07-01 00:03:10
6398715,zmenen,"Dokonceni, DruhKonstrukceKod, PripojeniKanalizaceKod, PripojeniPlynKod, PripojeniVodovodKod, VybaveniVytahemKod, ZastavenaPlocha, ZpusobVytapeniKod",1,7,2004-07-02,1,1.0,1.0,1,1,1,2,160.0,1,381039210,39,1304177210,55468,2016-06-01 00:48:14,2026-07-01 00:03:10
6398723,zmenen,"Dokonceni, PocetBytu, ZastavenaPlocha, geometry",1,7,2017-11-30,10,2.0,1.0,1,1,1,2,167.0,1,380950210,40,1304166210,55468,2016-06-01 00:48:14,2026-07-01 00:03:10
6398731,zmenen,"ZpusobVyuzitiKod, Dokonceni, ZastavenaPlocha, ZpusobVytapeniKod, geometry",1,7,1919-12-31,10,1.0,1.0,3,3,1,2,166.0,3,380952210,41,1304093210,55468,2016-06-01 00:48:14,2026-07-01 00:03:10
6398740,zmenen,"ZpusobVyuzitiKod, PocetBytu, ZastavenaPlocha, geometry",1,7,,9,1.0,,9,9,9,9,51.0,9,380951210,42,1304170210,55468,2016-06-01 00:48:14,2026-07-01 00:03:10
6398758,zmenen,"ZpusobVyuzitiKod, Dokonceni, ZastavenaPlocha, ZpusobVytapeniKod, geometry",1,7,1919-12-31,10,1.0,1.0,1,1,1,2,105.0,4,380953210,43,1304099210,55468,2016-06-01 00:48:14,2026-07-01 00:03:10
6398766,zmenen,"ZpusobVyuzitiKod, Dokonceni, ZastavenaPlocha, geometry",1,7,1970-12-31,10,1.0,1.0,1,3,1,2,131.0,1,380956210,44,1304178210,55468,2016-06-01 00:48:14,2026-07-01 00:03:10
6398774,zmenen,"ZpusobVyuzitiKod, Dokonceni, PocetPodlazi, ZastavenaPlocha, geometry",1,7,2009-12-31,10,1.0,3.0,1,1,1,2,51.0,1,380954210,45,1304169210,55468,2016-06-01 00:48:14,2026-07-01 00:03:10
6398782,zmenen,"ZpusobVyuzitiKod, Dokonceni, PocetPodlazi, PripojeniPlynKod, ZastavenaPlocha, ZpusobVytapeniKod, geometry",1,7,2005-12-31,10,1.0,2.0,1,1,1,2,109.0,1,381184210,46,1304141210,55468,2016-06-01 00:48:14,2026-07-01 00:03:10
6398791,zanikly,,1,3,,,1.0,,3,3,1,2,,4,,47,1304168210,55468,2016-06-01 00:48:14,2026-07-01 00:03:10
6398804,zmenen,"Dokonceni, DruhKonstrukceKod, PocetPodlazi, PripojeniKanalizaceKod, PripojeniPlynKod, ZastavenaPlocha, geometry",1,7,1970-12-31,10,2.0,2.0,1,1,1,2,374.0,1,381006210,49,1304191210,55468,2016-06-01 00:48:14,2026-07-01 00:03:10
6398812,zmenen,"ZpusobVyuzitiKod, Dokonceni, ZastavenaPlocha, geometry",1,7,2003-10-06,10,1.0,1.0,1,1,1,2,144.0,1,380962210,50,1304190210,55468,2016-06-01 00:48:14,2026-07-01 00:03:10
6398821,zmenen,"Dokonceni, ZastavenaPlocha, geometry",1,7,1919-12-31,10,1.0,1.0,1,1,1,2,114.0,1,381163210,51,1304186210,55468,2016-06-01 00:48:14,2026-07-01 00:03:10
6398839,zmenen,"Dokonceni, ZastavenaPlocha, ZpusobVytapeniKod",1,7,1919-12-31,1,1.0,1.0,1,1,1,2,116.0,1,380960210,52,1304182210,55468,2016-06-01 00:48:14,2026-07-01 00:03:10
6398847,zmenen,"Dokonceni, PocetPodlazi, ZastavenaPlocha, geometry",1,7,2023-01-31,10,2.0,2.0,1,1,1,2,154.0,1,381030210,53,1304183210,55468,2016-06-01 00:48:14,2026-07-01 00:03:10
6398863,zmenen,"PocetBytu, ZastavenaPlocha",1,5,,10,0.0,1.0,1,1,1,2,115.0,1,381207210,55,1304188210,55468,2016-06-01 00:48:14,2026-07-01 00:03:10
6398871,zmenen,"Dokonceni, DruhKonstrukceKod, PripojeniKanalizaceKod, PripojeniPlynKod, PripojeniVodovodKod, ZastavenaPlocha, ZpusobVytapeniKod, geometry",1,5,2014-01-10,1,1.0,1.0,1,1,1,2,829.0,1,381136210,56,1304184210,55468,2016-06-01 00:48:14,2026-07-01 00:03:10
6398880,zmenen,"PripojeniPlynKod, ZpusobVytapeniKod, geometry",1,5,,4,1.0,1.0,1,1,1,2,707.0,1,381208210,57,1304337210,55468,2016-06-01 00:48:14,2026-07-01 00:03:10
6398898,zmenen,"Dokonceni, PocetPodlazi, ZastavenaPlocha, geometry",1,7,2023-11-22,10,2.0,2.0,1,3,1,2,478.0,1,380961210,58,1304195210,55468,2016-06-01 00:48:14,2026-07-01 00:03:10
6398901,zmenen,"Dokonceni, PripojeniPlynKod, PripojeniVodovodKod, ZastavenaPlocha, ZpusobVytapeniKod",1,7,1980-12-31,10,1.0,1.0,1,1,1,2,144.0,2,380922210,59,1304105210,55468,2016-06-01 00:48:14,2026-07-01 00:03:10
6398910,zmenen,"ZpusobVyuzitiKod, Dokonceni, PripojeniKanalizaceKod, VybaveniVytahemKod, ZastavenaPlocha, geometry",1,7,1980-12-31,9,1.0,1.0,3,9,9,2,98.0,9,380966210,60,1304194210,55468,2016-06-01 00:48:14,2026-07-01 00:03:10
6398928,zmenen,"Dokonceni, PocetBytu, ZastavenaPlocha, ZpusobVytapeniKod",1,7,1970-12-31,10,2.0,1.0,1,1,1,2,126.0,3,380965210,61,1304279210,55468,2016-06-01 00:48:14,2026-07-01 00:03:10
6398936,zmenen,"ZpusobVyuzitiKod, Dokonceni, ZastavenaPlocha, geometry",1,7,1919-12-31,10,1.0,1.0,1,1,1,2,211.0,1,381069210,62,1304181210,55468,2016-06-01 00:48:14,2026-07-01 00:03:10
6398944,zmenen,"ZpusobVyuzitiKod, Dokonceni, PocetPodlazi, ZastavenaPlocha",1,7,1990-12-31,4,1.0,2.0,1,1,1,2,117.0,1,381091210,63,1304155210,55468,2016-06-01 00:48:14,2026-07-01 00:03:10
6398952,zmenen,"PocetBytu, PripojeniPlynKod, PripojeniVodovodKod, VybaveniVytahemKod, ZastavenaPlocha, ZpusobVytapeniKod, geometry",1,15,,9,1.0,,9,3,1,2,57.0,1,381149210,64,1304220210,55468,2016-06-01 00:48:14,2026-07-01 00:03:10
6398961,zmenen,"Dokonceni, PocetPodlazi, ZastavenaPlocha, geometry",1,7,2004-11-10,10,1.0,2.0,1,1,1,2,133.0,1,380963210,65,1304165210,55468,2016-06-01 00:48:14,2026-07-01 00:03:10
6398979,zmenen,"ZpusobVyuzitiKod, Dokonceni, ZastavenaPlocha, ZpusobVytapeniKod, geometry",1,7,1945-12-31,10,1.0,1.0,1,3,1,2,213.0,4,380921210,66,1304092210,55468,2016-06-01 00:48:14,2026-07-01 00:03:10
6398987,zmenen,"ZpusobVyuzitiKod, Dokonceni, DruhKonstrukceKod, PocetPodlazi, PripojeniKanalizaceKod, PripojeniPlynKod, PripojeniVodovodKod, VybaveniVytahemKod, ZastavenaPlocha, ZpusobVytapeniKod, geometry",1,7,2003-10-14,1,1.0,2.0,1,1,1,2,242.0,1,380967210,67,1304196210,55468,2016-06-01 00:48:14,2026-07-01 00:03:10
6398995,zmenen,"ZpusobVyuzitiKod, Dokonceni, PripojeniPlynKod, ZastavenaPlocha",1,7,1919-12-31,10,1.0,1.0,1,1,1,2,95.0,1,381009210,68,1304144210,55468,2016-06-01 00:48:14,2026-07-01 00:03:10
6399002,zmenen,"ZpusobVyuzitiKod, Dokonceni, ZastavenaPlocha, IdentifikacniParcely",1,7,1919-12-31,10,1.0,1.0,1,1,1,2,130.0,1,381032210,69,88606736010,55468,2016-06-01 00:48:14,2026-07-01 00:03:10
6399011,zmenen,"ZpusobVyuzitiKod, VybaveniVytahemKod, ZastavenaPlocha, geometry",1,7,,9,1.0,1.0,9,9,9,2,114.0,9,381036210,70,1304198210,55468,2016-06-01 00:48:14,2026-07-01 00:03:10
6399029,zmenen,"ZpusobVyuzitiKod, Dokonceni, ZastavenaPlocha, geometry",1,7,1945-12-31,10,1.0,1.0,3,1,1,2,198.0,1,381040210,71,1304199210,55468,2016-06-01 00:48:14,2026-07-01 00:03:10
6399037,zmenen,"ZpusobVyuzitiKod, Dokonceni, ZastavenaPlocha, geometry",1,7,2007-12-31,10,1.0,1.0,1,1,1,2,145.0,1,381106210,72,1304213210,55468,2016-06-01 00:48:14,2026-07-01 00:03:10
6399045,zmenen,"ZpusobVyuzitiKod, Dokonceni, PocetPodlazi, ZastavenaPlocha, geometry",1,7,1990-01-01,10,2.0,2.0,1,3,1,2,131.0,1,381053210,73,1304200210,55468,2016-06-01 00:48:14,2026-07-01 00:03:10
6399053,zmenen,"ZpusobVyuzitiKod, Dokonceni, PripojeniPlynKod, ZastavenaPlocha, geometry",1,7,1969-09-09,10,1.0,1.0,1,1,1,2,172.0,1,381070210,74,1304204210,55468,2016-06-01 00:48:14,2026-07-01 00:03:10
6399061,zmenen,"ZpusobVyuzitiKod, Dokonceni, ZastavenaPlocha, ZpusobVytapeniKod",1,7,1919-12-31,10,1.0,1.0,3,3,1,2,199.0,3,380969210,75,1304201210,55468,2016-06-01 00:48:14,2026-07-01 00:03:10
6399070,zmenen,"ZpusobVyuzitiKod, Dokonceni, ZastavenaPlocha",1,7,2002-12-31,10,3.0,1.0,1,3,1,2,238.0,1,380968210,76,1304202210,55468,2016-06-01 00:48:14,2026-07-01 00:03:10
6399088,zmenen,"TypStavebnihoObjektuKod, ZpusobVyuzitiKod, Dokonceni, DruhKonstrukceKod, PocetBytu, PripojeniKanalizaceKod, VybaveniVytahemKod, ZastavenaPlocha, ZpusobVytapeniKod, CislaDomovni, CastObceKod, geometry",3,19,2025-04-04,1,0.0,1.0,1,9,9,2,117.0,4,380970210,,1304205210,,2016-06-01 00:48:14,2026-07-01 00:03:10
6399096,zmenen,"ZpusobVyuzitiKod, Dokonceni, ZastavenaPlocha",1,7,1919-12-31,10,2.0,1.0,3,1,1,2,246.0,1,381066210,78,1304203210,55468,2016-06-01 00:48:14,2026-07-01 00:03:10
6399100,zmenen,"ZpusobVyuzitiKod, Dokonceni, ZastavenaPlocha, ZpusobVytapeniKod, geometry",1,7,1919-12-31,10,1.0,1.0,1,3,1,2,124.0,3,380971210,79,1304206210,55468,2016-06-01 00:48:14,2026-07-01 00:03:10
6399118,zmenen,"ZpusobVyuzitiKod, Dokonceni, ZastavenaPlocha, IdentifikacniParcely, geometry",1,7,2019-11-11,10,2.0,1.0,3,1,1,2,192.0,1,380973210,80,80577076010,55468,2016-06-01 00:48:14,2026-07-01 00:03:10
6399126,zmenen,"Dokonceni, PocetPodlazi, ZastavenaPlocha",1,7,1919-12-31,10,2.0,2.0,3,1,1,2,207.0,1,381011210,81,1304208210,55468,2016-06-01 00:48:14,2026-07-01 00:03:10
6399134,zmenen,"ZpusobVyuzitiKod, Dokonceni, PocetPodlazi, ZastavenaPlocha",1,7,1970-12-31,10,2.0,2.0,1,1,1,2,79.0,1,380974210,82,1304217210,55468,2016-06-01 00:48:14,2026-07-01 00:03:10
6399142,zmenen,"ZpusobVyuzitiKod, Dokonceni, ZastavenaPlocha, ZpusobVytapeniKod",1,7,1919-12-31,10,1.0,1.0,1,3,1,2,145.0,3,380918210,83,1304215210,55468,2016-06-01 00:48:14,2026-07-01 00:03:10
6399151,zmenen,"Dokonceni, ZastavenaPlocha, geometry",1,7,1945-12-31,10,1.0,1.0,1,1,1,2,62.0,1,380975210,84,1304218210,55468,2016-06-01 00:48:14,2026-07-01 00:03:10
6399169,zmenen,"ZpusobVyuzitiKod, Dokonceni, DruhKonstrukceKod, PocetPodlazi, PripojeniKanalizaceKod, PripojeniPlynKod, PripojeniVodovodKod, VybaveniVytahemKod, ZastavenaPlocha, ZpusobVytapeniKod, geometry",1,7,1900-01-01,10,1.0,1.0,1,1,1,2,207.0,3,380985210,85,1304143210,55468,2016-06-01 00:48:14,2026-07-01 00:03:10
6399177,zmenen,"PocetBytu, PripojeniKanalizaceKod, PripojeniPlynKod, PripojeniVodovodKod, VybaveniVytahemKod, ZastavenaPlocha, ZpusobVytapeniKod",1,7,,9,2.0,1.0,2,1,1,2,97.0,3,381089210,86,1304084210,55468,2016-06-01 00:48:14,2026-07-01 00:03:10
6399185,zmenen,"Dokonceni, PripojeniKanalizaceKod, ZastavenaPlocha",1,6,1990-12-31,10,4.0,1.0,1,1,1,2,187.0,1,381190210,87,1304138210,55468,2016-06-01 00:48:14,2026-07-01 00:03:10
6399193,zmenen,"ZpusobVyuzitiKod, Dokonceni, PocetPodlazi, ZastavenaPlocha",1,7,1945-12-31,10,1.0,3.0,1,3,1,2,82.0,1,380977210,88,1304225210,55468,2016-06-01 00:48:14,2026-07-01 00:03:10
6399207,zmenen,"ZpusobVyuzitiKod, Dokonceni, ZastavenaPlocha",1,7,1945-12-31,10,1.0,1.0,1,1,1,2,82.0,1,380978210,89,1304226210,55468,2016-06-01 00:48:14,2026-07-01 00:03:10
6399215,zmenen,"ZpusobVyuzitiKod, Dokonceni, PocetPodlazi, ZastavenaPlocha",1,7,2000-12-31,10,2.0,2.0,1,2,1,2,112.0,1,380979210,90,1304227210,55468,2016-06-01 00:48:14,2026-07-01 00:03:10
6399223,zmenen,"ZpusobVyuzitiKod, Dokonceni, DruhKonstrukceKod, PocetPodlazi, PripojeniKanalizaceKod, PripojeniPlynKod, PripojeniVodovodKod, VybaveniVytahemKod, ZastavenaPlocha, ZpusobVytapeniKod, geometry",1,7,2023-02-09,1,1.0,2.0,1,1,1,2,153.0,1,380981210,91,1304230210,55468,2016-06-01 00:48:14,2026-07-01 00:03:10
6399231,zmenen,"Dokonceni, PripojeniPlynKod, ZastavenaPlocha",1,7,1919-12-31,10,2.0,1.0,1,1,1,2,113.0,1,380982210,92,1304228210,55468,2016-06-01 00:48:14,2026-07-01 00:03:10
6399240,zmenen,"ZpusobVyuzitiKod, Dokonceni, ZastavenaPlocha, ZpusobVytapeniKod",1,7,1945-12-31,10,1.0,1.0,3,3,1,2,56.0,3,380927210,93,1304231210,55468,2016-06-01 00:48:14,2026-07-01 00:03:10
6399258,zmenen,"Dokonceni, PocetBytu, PripojeniPlynKod, ZastavenaPlocha, ZpusobVytapeniKod, geometry",1,7,1945-12-31,10,2.0,1.0,1,1,1,2,158.0,3,381033210,94,1304223210,55468,2016-06-01 00:48:14,2026-07-01 00:03:10
6399266,zmenen,"Dokonceni, ZastavenaPlocha, geometry",1,7,1960-12-31,10,1.0,1.0,1,1,1,2,116.0,4,381096210,95,1304221210,55468,2016-06-01 00:48:14,2026-07-01 00:03:10
6399274,zmenen,"Dokonceni, ZastavenaPlocha, geometry",1,7,1945-12-31,10,1.0,1.0,1,1,1,2,96.0,1,380983210,96,1304222210,55468,2016-06-01 00:48:14,2026-07-01 00:03:10
6399282,zmenen,"ZpusobVyuzitiKod, Dokonceni, ZastavenaPlocha",1,7,1945-12-31,10,1.0,1.0,4,3,2,2,114.0,4,380976210,97,1304229210,55468,2016-06-01 00:48:14,2026-07-01 00:03:10
6399291,zmenen,"ZpusobVyuzitiKod, Dokonceni, ZastavenaPlocha, ZpusobVytapeniKod, geometry",1,7,1945-12-31,10,1.0,1.0,3,3,1,2,108.0,3,381041210,98,1304232210,55468,2016-06-01 00:48:14,2026-07-01 00:03:10
6399312,zmenen,"ZpusobVyuzitiKod, Dokonceni, ZastavenaPlocha",1,7,1970-12-31,10,1.0,1.0,3,1,1,2,100.0,1,381083210,100,1304236210,55468,2016-06-01 00:48:14,2026-07-01 00:03:10
6399321,zmenen,"Dokonceni, PripojeniPlynKod, PripojeniVodovodKod, VybaveniVytahemKod, ZastavenaPlocha, ZpusobVytapeniKod, geometry",1,7,1945-12-31,9,1.0,1.0,9,1,1,2,84.0,1,380989210,101,1304242210,55468,2016-06-01 00:48:14,2026-07-01 00:03:10
6399339,zmenen,"Dokonceni, ZastavenaPlocha, geometry",1,7,1986-12-13,10,1.0,1.0,1,1,1,2,145.0,1,380986210,102,1304243210,55468,2016-06-01 00:48:14,2026-07-01 00:03:10
6399347,zmenen,"ZpusobVyuzitiKod, Dokonceni, PocetPodlazi, PripojeniVodovodKod, ZastavenaPlocha, ZpusobVytapeniKod, geometry",1,7,1945-12-31,10,1.0,2.0,1,3,1,2,108.0,4,380930210,103,2298619210,55468,2016-06-01 00:48:14,2026-07-01 00:03:10
6399355,zmenen,"ZpusobVyuzitiKod, Dokonceni, ZastavenaPlocha, geometry",1,7,1945-12-31,10,1.0,1.0,1,3,1,2,154.0,4,380919210,104,1304271210,55468,2016-06-01 00:48:14,2026-07-01 00:03:10
6399363,zmenen,"ZpusobVyuzitiKod, Dokonceni, PocetPodlazi, ZastavenaPlocha",1,7,2022-11-03,10,1.0,2.0,1,1,1,2,139.0,1,380994210,105,1304237210,55468,2016-06-01 00:48:14,2026-07-01 00:03:10
6399371,zmenen,"Dokonceni, DruhKonstrukceKod, PocetBytu, PocetPodlazi, PripojeniKanalizaceKod, PripojeniPlynKod, PripojeniVodovodKod, VybaveniVytahemKod, ZastavenaPlocha, ZpusobVytapeniKod, geometry",1,7,2000-12-31,1,2.0,2.0,1,1,1,2,387.0,1,380990210,106,1304244210,55468,2016-06-01 00:48:14,2026-07-01 00:03:10
6399380,zmenen,"ZpusobVyuzitiKod, Dokonceni, ZastavenaPlocha",1,7,1945-12-31,10,1.0,1.0,1,1,1,2,85.0,1,380993210,107,1304238210,55468,2016-06-01 00:48:14,2026-07-01 00:03:10
6399398,zmenen,"ZpusobVyuzitiKod, Dokonceni, ZastavenaPlocha, geometry",1,7,1990-12-31,10,1.0,1.0,1,1,1,2,172.0,1,380995210,108,1304089210,55468,2016-06-01 00:48:14,2026-07-01 00:03:10
6399401,zmenen,"ZpusobVyuzitiKod, Dokonceni, PocetPodlazi, ZastavenaPlocha",1,7,1945-12-31,10,2.0,2.0,1,1,1,2,109.0,1,381068210,109,1304261210,55468,2016-06-01 00:48:14,2026-07-01 00:03:10
6399410,zmenen,"ZpusobVyuzitiKod, Dokonceni, ZastavenaPlocha, geometry",1,7,1937-01-01,10,1.0,1.0,1,3,1,2,100.0,4,380996210,110,1304245210,55468,2016-06-01 00:48:14,2026-07-01 00:03:10
6399428,zmenen,"ZpusobVyuzitiKod, Dokonceni, ZastavenaPlocha",1,7,1990-12-31,10,1.0,1.0,3,3,1,2,91.0,1,380920210,111,1304239210,55468,2016-06-01 00:48:14,2026-07-01 00:03:10
6399436,zmenen,"ZpusobVyuzitiKod, Dokonceni, ZastavenaPlocha, ZpusobVytapeniKod",1,7,1945-12-31,10,1.0,1.0,3,3,1,2,58.0,3,380998210,112,1304259210,55468,2016-06-01 00:48:14,2026-07-01 00:03:10
6399444,zmenen,"ZpusobVyuzitiKod, Dokonceni, ZastavenaPlocha, ZpusobVytapeniKod, geometry",1,7,1945-12-31,10,1.0,1.0,1,3,1,2,100.0,3,380980210,113,1304240210,55468,2016-06-01 00:48:14,2026-07-01 00:03:10
6399452,zmenen,"Dokonceni, ZastavenaPlocha, geometry",1,5,1980-12-31,10,1.0,1.0,1,1,1,2,124.0,1,381071210,114,1304212210,55468,2016-06-01 00:48:14,2026-07-01 00:03:10
6399461,zmenen,"ZpusobVyuzitiKod, Dokonceni, ZastavenaPlocha, geometry",1,7,1970-12-31,6,1.0,1.0,1,1,1,2,114.0,1,381061210,116,1304309210,55468,2016-06-01 00:48:14,2026-07-01 00:03:10
6399479,zmenen,"ZpusobVyuzitiKod, Dokonceni, DruhKonstrukceKod, PocetPodlazi, ZastavenaPlocha, geometry",1,7,2023-03-23,1,1.0,2.0,1,1,1,2,149.0,1,381062210,117,1304310210,55468,2016-06-01 00:48:14,2026-07-01 00:03:10
6399487,zmenen,"Dokonceni, DruhKonstrukceKod, ZastavenaPlocha",1,7,1980-12-31,1,1.0,1.0,3,3,9,2,108.0,1,381164210,118,1304313210,55468,2016-06-01 00:48:14,2026-07-01 00:03:10
6399495,zmenen,"ZpusobVyuzitiKod, Dokonceni, ZastavenaPlocha, geometry",1,7,2000-12-31,10,1.0,1.0,1,1,1,2,182.0,2,381014210,119,1304187210,55468,2016-06-01 00:48:14,2026-07-01 00:03:10
6399509,zmenen,"ZpusobVyuzitiKod, Dokonceni, ZastavenaPlocha, geometry",1,7,2000-12-31,10,3.0,2.0,1,1,1,2,179.0,1,380999210,120,1304246210,55468,2016-06-01 00:48:14,2026-07-01 00:03:10
6399517,zmenen,"ZpusobVyuzitiKod, Dokonceni, PocetPodlazi, PripojeniKanalizaceKod, PripojeniPlynKod, PripojeniVodovodKod, ZastavenaPlocha, ZpusobVytapeniKod, geometry",1,7,1945-12-31,10,1.0,2.0,1,1,1,2,77.0,1,381002210,121,1304258210,55468,2016-06-01 00:48:14,2026-07-01 00:03:10
6399525,zmenen,"ZpusobVyuzitiKod, Dokonceni, PripojeniPlynKod, ZastavenaPlocha",1,7,1980-12-31,10,1.0,1.0,1,1,1,2,68.0,1,381001210,122,1304247210,55468,2016-06-01 00:48:14,2026-07-01 00:03:10
6399533,zmenen,"Dokonceni, ZastavenaPlocha",1,7,2000-12-31,10,1.0,1.0,3,3,1,2,155.0,1,381038210,123,1304267210,55468,2016-06-01 00:48:14,2026-07-01 00:03:10
6399541,zanikly,,1,,,,1.0,,,,,,,,,124,,55468,2016-06-01 00:48:14,2026-07-01 00:03:10
6399550,zmenen,"ZpusobVyuzitiKod, Dokonceni, PocetPodlazi, ZastavenaPlocha",1,7,1945-12-31,10,2.0,2.0,3,2,1,2,128.0,1,381003210,125,1304268210,55468,2016-06-01 00:48:14,2026-07-01 00:03:10
6399568,zmenen,"ZpusobVyuzitiKod, Dokonceni, ZastavenaPlocha, IdentifikacniParcely, geometry",1,7,2018-09-10,10,1.0,1.0,1,3,1,2,106.0,1,381042210,126,91895464010,55468,2016-06-01 00:48:14,2026-07-01 00:03:10
6399576,zmenen,"ZpusobVyuzitiKod, Dokonceni, PocetPodlazi, ZastavenaPlocha",1,7,1945-12-31,10,1.0,2.0,1,3,1,2,94.0,1,381012210,127,1304249210,55468,2016-06-01 00:48:14,2026-07-01 00:03:10
6399584,zmenen,"ZpusobVyuzitiKod, Dokonceni, PripojeniPlynKod, PripojeniVodovodKod, ZastavenaPlocha, ZpusobVytapeniKod",1,7,1945-12-31,10,1.0,1.0,1,3,1,2,101.0,1,381037210,128,1304273210,55468,2016-06-01 00:48:14,2026-07-01 00:03:10
6399592,zmenen,"Dokonceni, ZastavenaPlocha, geometry",1,7,2020-03-09,10,1.0,1.0,1,1,1,2,245.0,1,380992210,129,1304260210,55468,2016-06-01 00:48:14,2026-07-01 00:03:10
6399606,zmenen,"ZpusobVyuzitiKod, Dokonceni, DruhKonstrukceKod, PripojeniKanalizaceKod, PripojeniVodovodKod, VybaveniVytahemKod, ZastavenaPlocha, ZpusobVytapeniKod, geometry",1,7,1987-04-13,1,1.0,1.0,1,9,1,2,78.0,1,380997210,130,1304250210,55468,2016-06-01 00:48:14,2026-07-01 00:03:10
6399622,zmenen,"ZpusobVyuzitiKod, Dokonceni, PocetPodlazi, ZastavenaPlocha, ZpusobVytapeniKod, IdentifikacniParcely, geometry",1,7,2016-09-26,10,1.0,3.0,1,3,1,2,116.0,1,380988210,132,92930266010,55468,2016-06-01 00:48:14,2026-07-01 00:03:10
6399631,zmenen,"Dokonceni, ZastavenaPlocha, geometry",1,7,1970-12-31,10,1.0,1.0,1,1,1,2,70.0,1,381082210,133,1304219210,55468,2016-06-01 00:48:14,2026-07-01 00:03:10
6399649,zmenen,"ZpusobVyuzitiKod, Dokonceni, PripojeniKanalizaceKod, VybaveniVytahemKod, ZastavenaPlocha, geometry",1,7,1945-12-31,9,1.0,1.0,3,9,9,2,110.0,9,381090210,134,1304086210,55468,2016-06-01 00:48:14,2026-07-01 00:03:10
6399657,zmenen,"ZpusobVyuzitiKod, Dokonceni, PocetPodlazi, ZastavenaPlocha, geometry",1,7,1971-12-13,10,1.0,2.0,1,1,1,2,149.0,1,381059210,135,1304147210,55468,2016-06-01 00:48:14,2026-07-01 00:03:10
6399665,zmenen,"ZpusobVyuzitiKod, Dokonceni, DruhKonstrukceKod, PocetPodlazi, PripojeniKanalizaceKod, PripojeniPlynKod, ZastavenaPlocha, geometry",1,7,1985-03-25,1,2.0,2.0,1,1,1,2,101.0,1,380925210,136,1304263210,55468,2016-06-01 00:48:14,2026-07-01 00:03:10
6399673,zmenen,"ZpusobVyuzitiKod, Dokonceni, PocetPodlazi, ZastavenaPlocha, geometry",1,7,2005-09-11,10,1.0,2.0,1,1,1,2,200.0,1,381004210,137,1304265210,55468,2016-06-01 00:48:14,2026-07-01 00:03:10
6399681,zmenen,"Dokonceni, PocetPodlazi, ZastavenaPlocha",1,7,1945-12-31,10,2.0,2.0,1,1,1,2,111.0,1,381026210,138,1304281210,55468,2016-06-01 00:48:14,2026-07-01 00:03:10
6399690,zmenen,"ZpusobVyuzitiKod, Dokonceni, ZastavenaPlocha",1,7,1990-12-31,10,1.0,1.0,1,1,1,2,66.0,1,381007210,139,1304256210,55468,2016-06-01 00:48:14,2026-07-01 00:03:10
6399703,zmenen,"Dokonceni, ZastavenaPlocha, geometry",1,7,1919-12-31,10,1.0,1.0,1,9,9,2,51.0,4,381010210,140,1304257210,55468,2016-06-01 00:48:14,2026-07-01 00:03:10
6399711,zmenen,"Dokonceni, PocetPodlazi, ZastavenaPlocha, geometry",1,7,2022-11-23,10,1.0,2.0,3,1,1,2,223.0,1,381034210,141,1304269210,55468,2016-06-01 00:48:14,2026-07-01 00:03:10
6399720,zmenen,"ZpusobVyuzitiKod, Dokonceni, PocetPodlazi, ZastavenaPlocha, geometry",1,7,1985-07-08,10,1.0,2.0,1,3,1,2,207.0,1,381008210,142,1304255210,55468,2016-06-01 00:48:14,2026-07-01 00:03:10
6399738,zmenen,"Dokonceni, PocetPodlazi, ZastavenaPlocha, geometry",1,7,1993-11-22,10,1.0,3.0,1,1,1,2,112.0,1,381078210,143,1304270210,55468,2016-06-01 00:48:14,2026-07-01 00:03:10
6399746,zmenen,"ZpusobVyuzitiKod, Dokonceni, PocetBytu, PocetPodlazi, PripojeniPlynKod, ZastavenaPlocha, IdentifikacniParcely, geometry",1,7,1990-12-31,10,2.0,2.0,1,1,1,2,127.0,1,381027210,144,2377593210,55468,2016-06-01 00:48:14,2026-07-01 00:03:10
6399754,zmenen,"ZpusobVyuzitiKod, Dokonceni, PocetPodlazi, ZastavenaPlocha, IdentifikacniParcely, geometry",1,7,2008-07-10,10,1.0,2.0,1,3,1,2,263.0,1,380924210,145,92174319010,55468,2016-06-01 00:48:14,2026-07-01 00:03:10
6399762,zmenen,"ZpusobVyuzitiKod, Dokonceni, PocetBytu, PocetPodlazi, ZastavenaPlocha, ZpusobVytapeniKod",1,7,1970-12-31,10,2.0,2.0,3,3,1,2,113.0,2,381005210,146,1304301210,55468,2016-06-01 00:48:14,2026-07-01 00:03:10
6399771,zmenen,"ZpusobVyuzitiKod, Dokonceni, ZastavenaPlocha, geometry",1,7,1945-12-31,10,1.0,1.0,1,3,9,2,158.0,4,381045210,147,1304214210,55468,2016-06-01 00:48:14,2026-07-01 00:03:10
6399789,zmenen,"Dokonceni, ZastavenaPlocha, geometry",1,7,2018-07-04,10,2.0,1.0,1,1,1,2,151.0,1,381013210,148,1304276210,55468,2016-06-01 00:48:14,2026-07-01 00:03:10
6399797,zmenen,"ZpusobVyuzitiKod, Dokonceni, ZastavenaPlocha, geometry",1,7,1945-12-31,10,1.0,1.0,1,1,1,2,104.0,1,381016210,149,1304275210,55468,2016-06-01 00:48:14,2026-07-01 00:03:10
6399801,zmenen,"ZpusobVyuzitiKod, Dokonceni, ZastavenaPlocha, ZpusobVytapeniKod",1,7,1982-11-29,10,1.0,1.0,1,3,1,2,92.0,1,380933210,150,1304277210,55468,2016-06-01 00:48:14,2026-07-01 00:03:10
6399819,zmenen,"ZpusobVyuzitiKod, Dokonceni, PocetPodlazi, ZastavenaPlocha, geometry",1,7,1945-12-31,10,2.0,2.0,3,2,1,2,181.0,1,381031210,151,1304253210,55468,2016-06-01 00:48:14,2026-07-01 00:03:10
6399827,zmenen,"ZpusobVyuzitiKod, DruhKonstrukceKod, PripojeniKanalizaceKod, PripojeniPlynKod, PripojeniVodovodKod, VybaveniVytahemKod, ZastavenaPlocha, ZpusobVytapeniKod",1,7,,1,1.0,1.0,1,1,2,2,111.0,1,381183210,152,1304282210,55468,2016-06-01 00:48:14,2026-07-01 00:03:10
6399835,zmenen,"ZpusobVyuzitiKod, Dokonceni, PocetBytu, PocetPodlazi, ZastavenaPlocha, IdentifikacniParcely, geometry",1,7,2018-04-16,10,2.0,3.0,1,1,1,2,188.0,1,381000210,153,2568660210,55468,2016-06-01 00:48:14,2026-07-01 00:03:10
6399843,zmenen,"Dokonceni, geometry",1,7,1960-12-31,10,2.0,3.0,3,2,1,2,134.0,1,381200210,154,1304288210,55468,2016-06-01 00:48:14,2026-07-01 00:03:10
6399851,zmenen,"ZpusobVyuzitiKod, Dokonceni, PocetPodlazi, ZastavenaPlocha",1,7,1970-12-31,10,1.0,2.0,1,1,1,2,56.0,1,380939210,155,1304298210,55468,2016-06-01 00:48:14,2026-07-01 00:03:10
6399860,zanikly,,1,,,,,,,,,,,,,156,,55468,2016-06-01 00:48:14,2026-07-01 00:03:10
6399878,zmenen,"ZpusobVyuzitiKod, Dokonceni, PocetBytu, PocetPodlazi, PripojeniPlynKod, ZastavenaPlocha, ZpusobVytapeniKod, geometry",1,7,1960-12-31,10,2.0,2.0,3,1,1,2,135.0,3,381017210,157,1304290210,55468,2016-06-01 00:48:14,2026-07-01 00:03:10
6399886,zmenen,"ZpusobVyuzitiKod, Dokonceni, ZastavenaPlocha, ZpusobVytapeniKod, geometry",1,7,2000-12-31,10,1.0,1.0,4,3,2,2,277.0,3,381046210,158,1304286210,55468,2016-06-01 00:48:14,2026-07-01 00:03:10
6399894,zmenen,"ZpusobVyuzitiKod, PocetBytu, ZastavenaPlocha",1,7,,9,1.0,,9,9,9,9,69.0,9,381049210,159,1304305210,55468,2016-06-01 00:48:14,2026-07-01 00:03:10
6399908,zmenen,"ZpusobVyuzitiKod, Dokonceni, PocetPodlazi, ZastavenaPlocha, geometry",1,7,1980-12-31,10,1.0,2.0,1,3,1,2,218.0,1,381056210,160,1304102210,55468,2016-06-01 00:48:14,2026-07-01 00:03:10
6399916,zmenen,"Dokonceni, PocetPodlazi, ZastavenaPlocha, geometry",1,7,1990-12-31,10,2.0,2.0,1,9,1,2,89.0,1,381019210,161,1304291210,55468,2016-06-01 00:48:14,2026-07-01 00:03:10
6399924,zmenen,"Dokonceni, PripojeniPlynKod, ZastavenaPlocha",1,6,1970-12-31,10,6.0,3.0,1,1,1,2,212.0,1,381187210,162,1304312210,55468,2016-06-01 00:48:14,2026-07-01 00:03:10
6399932,zmenen,"ZpusobVyuzitiKod, Dokonceni, PocetPodlazi, PripojeniKanalizaceKod, PripojeniPlynKod, PripojeniVodovodKod, VybaveniVytahemKod, ZastavenaPlocha, ZpusobVytapeniKod",1,7,1960-12-31,9,1.0,2.0,3,3,1,2,90.0,3,381054210,163,1304317210,55468,2016-06-01 00:48:14,2026-07-01 00:03:10
6399941,zmenen,"Dokonceni, ZastavenaPlocha",1,7,1980-12-31,4,1.0,1.0,1,3,1,2,110.0,1,380929210,164,1304318210,55468,2016-06-01 00:48:14,2026-07-01 00:03:10
6399967,zmenen,"Dokonceni, PocetPodlazi, ZastavenaPlocha",1,7,1980-12-31,10,1.0,2.0,3,1,1,2,107.0,1,381194210,166,1304319210,55468,2016-06-01 00:48:14,2026-07-01 00:03:10
6399975,zmenen,"ZpusobVyuzitiKod, Dokonceni, ZastavenaPlocha, ZpusobVytapeniKod, geometry",1,7,1980-12-31,4,3.0,1.0,1,1,1,2,166.0,3,381079210,167,1304314210,55468,2016-06-01 00:48:14,2026-07-01 00:03:10
6399983,zmenen,"Dokonceni, PocetBytu, PripojeniPlynKod, ZastavenaPlocha",1,7,1980-12-31,7,2.0,1.0,1,1,1,2,106.0,1,381167210,168,1304315210,55468,2016-06-01 00:48:14,2026-07-01 00:03:10
6399991,zmenen,"Dokonceni, PripojeniPlynKod, ZastavenaPlocha",1,7,1980-12-31,7,1.0,3.0,3,1,1,2,106.0,1,381081210,169,1304316210,55468,2016-06-01 00:48:14,2026-07-01 00:03:10
6400001,zmenen,"ZpusobVyuzitiKod, Dokonceni, DruhKonstrukceKod, PripojeniKanalizaceKod, PripojeniPlynKod, PripojeniVodovodKod, VybaveniVytahemKod, ZastavenaPlocha, ZpusobVytapeniKod",1,15,2018-08-31,7,0.0,1.0,1,3,1,2,270.0,1,381105210,170,1304311210,55468,2016-06-01 00:48:14,2026-07-01 00:03:10
6400019,zmenen,"Dokonceni, PocetPodlazi, PripojeniPlynKod, ZastavenaPlocha, ZpusobVytapeniKod",1,7,1980-12-31,10,2.0,2.0,1,3,1,2,151.0,3,381074210,171,1304334210,55468,2016-06-01 00:48:14,2026-07-01 00:03:10
6400027,zmenen,"Dokonceni, PocetPodlazi, ZastavenaPlocha, geometry",1,7,1990-04-27,10,2.0,2.0,1,3,1,2,141.0,1,381075210,172,1304335210,55468,2016-06-01 00:48:14,2026-07-01 00:03:10
6400035,zmenen,"ZpusobVyuzitiKod, Dokonceni, PocetPodlazi, ZastavenaPlocha, ZpusobVytapeniKod",1,7,1990-12-31,10,1.0,2.0,1,3,1,2,119.0,4,381084210,173,1304345210,55468,2016-06-01 00:48:14,2026-07-01 00:03:10
6400043,zmenen,"ZpusobVyuzitiKod, Dokonceni, PocetBytu, PocetPodlazi, PripojeniKanalizaceKod, ZastavenaPlocha",1,7,2024-02-14,10,2.0,2.0,1,3,1,2,142.0,1,381085210,174,1304344210,55468,2016-06-01 00:48:14,2026-07-01 00:03:10
6400051,zmenen,"ZpusobVyuzitiKod, Dokonceni, PripojeniPlynKod, ZastavenaPlocha",1,7,1990-12-31,10,1.0,1.0,1,1,1,2,122.0,1,381044210,175,1304352210,55468,2016-06-01 00:48:14,2026-07-01 00:03:10
6400060,zmenen,"Dokonceni, PripojeniPlynKod, ZastavenaPlocha, ZpusobVytapeniKod",1,6,1980-12-31,7,5.0,3.0,1,1,1,2,180.0,3,381161210,176,1304140210,55468,2016-06-01 00:48:14,2026-07-01 00:03:10
6400078,zmenen,"ZpusobVyuzitiKod, Dokonceni, ZastavenaPlocha, ZpusobVytapeniKod",1,6,1990-12-31,4,5.0,3.0,1,3,1,2,179.0,3,381165210,177,1304139210,55468,2016-06-01 00:48:14,2026-07-01 00:03:10
6400086,zmenen,"Dokonceni, PocetBytu, PocetPodlazi, ZastavenaPlocha, ZpusobVytapeniKod",1,7,1990-12-31,10,2.0,2.0,1,1,1,2,194.0,3,381097210,178,1304355210,55468,2016-06-01 00:48:14,2026-07-01 00:03:10
6400094,zmenen,"Dokonceni, PocetPodlazi, ZastavenaPlocha",1,7,1990-12-31,10,1.0,2.0,1,1,1,2,180.0,1,381094210,179,1304363210,55468,2016-06-01 00:48:14,2026-07-01 00:03:10
6400108,zmenen,"ZpusobVyuzitiKod, Dokonceni, PocetPodlazi, ZastavenaPlocha",1,7,1990-12-31,10,1.0,2.0,1,1,1,2,113.0,1,381086210,180,1304343210,55468,2016-06-01 00:48:14,2026-07-01 00:03:10
6400116,zmenen,"ZpusobVyuzitiKod, Dokonceni, DruhKonstrukceKod, PocetPodlazi, PripojeniKanalizaceKod, VybaveniVytahemKod, ZastavenaPlocha, geometry",1,14,1980-12-31,7,1.0,4.0,3,9,9,2,1089.0,9,381144210,181,1304350210,55468,2016-06-01 00:48:14,2026-07-01 00:03:10
6400124,zmenen,"ZastavenaPlocha, geometry",1,14,,9,0.0,1.0,9,9,9,9,313.0,9,381145210,182,1304360210,55468,2016-06-01 00:48:14,2026-07-01 00:03:10
6400141,zmenen,"ZpusobVyuzitiKod, Dokonceni, PocetBytu, PocetPodlazi, PripojeniPlynKod, PripojeniVodovodKod, ZastavenaPlocha, ZpusobVytapeniKod",1,7,2000-12-31,10,2.0,2.0,1,3,1,2,149.0,4,381108210,184,1304380210,55468,2016-06-01 00:48:14,2026-07-01 00:03:10
6400159,zmenen,"Dokonceni, ZastavenaPlocha, ZpusobVytapeniKod",1,6,1990-12-31,10,5.0,4.0,1,3,1,2,236.0,3,381159210,185,1304369210,55468,2016-06-01 00:48:14,2026-07-01 00:03:10
6400167,zmenen,"Dokonceni, ZastavenaPlocha, ZpusobVytapeniKod",1,6,1990-12-31,10,6.0,4.0,1,3,1,2,232.0,3,381160210,186,1304370210,55468,2016-06-01 00:48:14,2026-07-01 00:03:10
6400175,zmenen,"ZpusobVyuzitiKod, ZastavenaPlocha",1,7,,9,1.0,1.0,9,9,9,9,110.0,9,381087210,187,1304340210,55468,2016-06-01 00:48:14,2026-07-01 00:03:10
6400183,zmenen,ZastavenaPlocha,1,1,,,0.0,1.0,,,,2,9163.0,,381114210,188,1304372210,55468,2016-06-01 00:48:14,2026-07-01 00:03:10
6400191,zmenen,"Dokonceni, ZastavenaPlocha",1,7,2000-12-31,10,1.0,1.0,1,1,1,2,160.0,1,657254210,189,1908964210,55468,2016-06-01 00:48:14,2026-07-01 00:03:10
6400205,zmenen,"ZpusobVyuzitiKod, Dokonceni, PocetPodlazi, ZastavenaPlocha, ZpusobVytapeniKod, geometry",1,7,2000-12-31,10,1.0,2.0,1,3,1,2,91.0,3,381131210,190,1304384210,55468,2016-06-01 00:48:14,2026-07-01 00:03:10
6400213,zmenen,"Dokonceni, ZastavenaPlocha",1,7,2000-12-31,10,1.0,1.0,1,3,1,2,176.0,1,381099210,191,1304377210,55468,2016-06-01 00:48:14,2026-07-01 00:03:10
6400221,zmenen,"Dokonceni, PocetPodlazi, ZastavenaPlocha, ZpusobVytapeniKod",1,7,2000-12-31,10,1.0,2.0,1,3,1,2,144.0,3,455688210,192,1531504210,55468,2016-06-01 00:48:14,2026-07-01 00:03:10
6400230,zmenen,"Dokonceni, ZastavenaPlocha, geometry",1,7,2000-12-31,4,1.0,1.0,3,3,1,2,255.0,1,555808210,193,1734745210,55468,2016-06-01 00:48:14,2026-07-01 00:03:10
6400248,zmenen,"Dokonceni, ZastavenaPlocha",1,7,2007-12-31,10,1.0,2.0,1,1,1,2,101.0,1,495392210,194,1605054210,55468,2016-06-01 00:48:14,2026-07-01 00:03:10
6400256,zmenen,"ZastavenaPlocha, geometry",1,1,,,0.0,1.0,,,,2,1335.0,,381151210,195,1304386210,55468,2016-06-01 00:48:14,2026-07-01 00:03:10
6400264,zanikly,,2,8,,9,0.0,,9,9,9,9,,9,381186210,1,1304388210,55468,2016-06-01 00:48:14,2026-07-01 00:03:10
6400272,zmenen,ZastavenaPlocha,2,8,,9,0.0,,9,9,9,9,51.0,9,380932210,2,1304347210,55468,2016-06-01 00:48:14,2026-07-01 00:03:10
6400281,zmenen,"TypStavebnihoObjektuKod, ZpusobVyuzitiKod, Dokonceni, DruhKonstrukceKod, PocetBytu, PocetPodlazi, PripojeniKanalizaceKod, PripojeniPlynKod, PripojeniVodovodKod, VybaveniVytahemKod, ZastavenaPlocha, ZpusobVytapeniKod, IsknBudovaId, CislaDomovni, geometry",1,7,2022-05-03,1,1.0,2.0,1,3,1,2,144.0,1,441500210,1091,1504648210,55468,2016-06-01 00:48:14,2026-07-01 00:03:10
6400299,zanikly,,2,,,,,,,,,,,,,4,,55468,2016-06-01 00:48:14,2026-07-01 00:03:10
6400302,zmenen,"Dokonceni, VybaveniVytahemKod, ZastavenaPlocha, geometry",2,8,2005-12-31,9,0.0,,9,9,9,2,41.0,9,836045210,5,2184791210,55468,2016-06-01 00:48:14,2026-07-01 00:03:10
6400329,zmenen,ZastavenaPlocha,2,8,,,0.0,,,,,9,24.0,,381080210,7,1304389210,55468,2016-06-01 00:48:14,2026-07-01 00:03:10
6400337,zmenen,ZastavenaPlocha,2,8,,,0.0,,,,,9,39.0,,381101210,8,1304391210,55468,2016-06-01 00:48:14,2026-07-01 00:03:10
6400345,zanikly,,2,,,,,,,,,,,,,9,,55468,2016-06-01 00:48:14,2026-07-01 00:03:10
6400353,zanikly,,2,,,,,,,,,,,,,10,,55468,2016-06-01 00:48:14,2026-07-01 00:03:10
6400361,zanikly,,2,,,,,,,,,,,,,11,,55468,2016-06-01 00:48:14,2026-07-01 00:03:10
6400370,zanikly,,2,,,,,,,,,,,,,12,,55468,2016-06-01 00:48:14,2026-07-01 00:03:10
6400388,zanikly,,2,,,,,,,,,,,,,28,,55468,2016-06-01 00:48:14,2026-07-01 00:03:10
6400396,zanikly,,2,,,,,,,,,,,,,118,,55468,2016-06-01 00:48:14,2026-07-01 00:03:10
6400400,zmenen,"ZastavenaPlocha, geometry",2,8,,,0.0,,,,,9,41.0,,381050210,159,1304304210,55468,2016-06-01 00:48:14,2026-07-01 00:03:10
6400418,zanikly,,2,,,,,,,,,,,,,167,,55468,2016-06-01 00:48:14,2026-07-01 00:03:10
6400426,zanikly,,2,,,,,,,,,,,,,168,,55468,2016-06-01 00:48:14,2026-07-01 00:03:10
6400434,zanikly,,2,,,,,,,,,,,,,169,,55468,2016-06-01 00:48:14,2026-07-01 00:03:10
70984174,zmenen,ZpusobVytapeniKod,1,7,2013-11-14,1,1.0,2.0,1,1,1,2,188.0,11,17203454010,670,33456310010,55468,2016-06-01 00:48:14,2026-07-01 00:03:10
70985073,zmenen,Dokonceni,1,7,2014-12-31,1,1.0,2.0,1,1,1,2,158.0,1,886495210,223,2290756210,55468,2016-06-01 00:48:14,2026-07-01 00:03:10
73259535,zmenen,Dokonceni,1,7,2014-12-31,1,1.0,1.0,1,1,1,2,149.0,1,15121391010,668,23360465010,55468,2016-06-01 00:48:14,2026-07-01 00:03:10
77597826,zmenen,Dokonceni,1,7,2014-12-31,1,1.0,2.0,1,1,1,2,70.0,1,16094898010,605,30813299010,55468,2016-06-01 00:48:14,2026-07-01 00:03:10
77598008,zmenen,Dokonceni,1,7,2014-12-31,1,1.0,2.0,1,1,1,2,70.0,1,16094899010,604,30813300010,55468,2016-06-01 00:48:14,2026-07-01 00:03:10
77832795,zmenen,ZpusobVytapeniKod,1,7,2014-02-21,1,1.0,2.0,1,1,1,2,109.0,11,22254626010,669,29599474010,55468,2016-06-01 00:48:14,2026-07-01 00:03:10
77897251,zmenen,Dokonceni,1,7,2014-12-31,1,3.0,2.0,1,1,1,2,250.0,1,20567310010,671,36178332010,55468,2016-06-01 00:48:14,2026-07-01 00:03:10
77923260,zmenen,Dokonceni,1,7,2014-12-31,1,1.0,1.0,1,3,1,2,185.0,1,16265164010,676,33864522010,55468,2016-06-01 00:48:14,2026-07-01 00:03:10
78023661,zmenen,"Dokonceni, ZpusobVytapeniKod",1,7,2014-12-31,1,1.0,2.0,1,1,1,2,70.0,11,16094900010,603,30813301010,55468,2016-06-01 00:48:14,2026-07-01 00:03:10
78070392,zmenen,Dokonceni,1,7,2021-11-19,1,1.0,2.0,1,1,1,2,136.0,1,21149833010,672,40063418010,55468,2016-06-01 00:48:14,2026-07-01 00:03:10
78169453,zmenen,ZpusobVytapeniKod,1,7,2014-06-18,1,1.0,2.0,1,1,1,2,200.0,11,16341674010,675,34434347010,55468,2016-06-01 00:48:14,2026-07-01 00:03:10
78169518,zmenen,"ZpusobVytapeniKod, geometry",1,7,2014-06-05,1,1.0,2.0,1,1,1,2,170.0,11,16346502010,674,34434587010,55468,2016-06-01 00:48:14,2026-07-01 00:03:10
78177812,zmenen,"Dokonceni, ZpusobVytapeniKod",1,7,2014-12-31,1,1.0,2.0,1,1,1,2,145.0,11,16094896010,610,30813294010,55468,2016-06-01 00:48:14,2026-07-01 00:03:10
78282462,zmenen,"Dokonceni, PripojeniPlynKod, ZpusobVytapeniKod, IsknBudovaId, geometry",1,7,2019-12-05,1,1.0,2.0,1,3,1,2,196.0,15,16183006010,678,32919285010,55468,2016-06-01 00:48:14,2026-07-01 00:03:10
78282799,zmenen,Dokonceni,1,7,2014-12-31,1,1.0,1.0,1,1,1,2,95.0,1,22378507010,679,41108965010,55468,2016-06-01 00:48:14,2026-07-01 00:03:10
78314925,zmenen,ZpusobVytapeniKod,1,7,2014-05-02,1,1.0,2.0,1,1,1,2,134.0,11,914075210,245,2399342210,55468,2016-06-01 00:48:14,2026-07-01 00:03:10
78365261,zmenen,"Dokonceni, ZpusobVytapeniKod",1,7,2014-12-31,1,1.0,2.0,1,1,1,2,63.0,11,16100018010,592,26506680010,55468,2016-06-01 00:48:14,2026-07-01 00:03:10
78371236,zmenen,ZpusobVytapeniKod,1,7,2014-08-25,1,2.0,2.0,1,1,1,2,209.0,15,16472732010,700,35580644010,55468,2016-06-01 00:48:14,2026-07-01 00:03:10
78429897,zmenen,ZpusobVytapeniKod,1,7,2014-09-01,1,1.0,2.0,1,1,1,2,110.0,11,15959023010,673,31038362010,55468,2016-06-01 00:48:14,2026-07-01 00:03:10
78475724,zmenen,Dokonceni,1,7,2014-12-31,1,1.0,2.0,1,1,1,2,62.0,1,16100016010,593,26506679010,55468,2016-06-01 00:48:14,2026-07-01 00:03:10
78541999,zmenen,ZpusobVytapeniKod,1,7,2014-10-01,1,2.0,1.0,1,1,1,2,170.0,11,21520105010,682,44057783010,55468,2016-06-01 00:48:14,2026-07-01 00:03:10
78692181,zmenen,"Dokonceni, IsknBudovaId, geometry",1,7,2014-12-31,1,1.0,2.0,1,1,1,2,77.0,1,16536740010,681,36085526010,55468,2016-06-01 00:48:14,2026-07-01 00:03:10
78692601,zmenen,"Dokonceni, geometry",1,7,2014-12-31,1,1.0,2.0,1,1,1,2,58.0,1,21620067010,680,43913723010,55468,2016-06-01 00:48:14,2026-07-01 00:03:10
78783399,zmenen,"PocetBytu, ZpusobVytapeniKod, IdentifikacniParcely",1,7,2014-11-03,1,1.0,1.0,1,1,1,2,112.0,11,21783302010,684,43044060010,55468,2016-06-01 00:48:14,2026-07-01 00:03:10
78857236,zmenen,ZpusobVytapeniKod,1,7,2014-11-20,1,1.0,2.0,1,1,1,2,134.0,11,21577034010,685,45376088010,55468,2016-06-01 00:48:14,2026-07-01 00:03:10
79017665,zmenen,"Dokonceni, ZpusobVytapeniKod",1,7,2018-12-11,1,1.0,2.0,1,1,1,2,95.0,15,21803254010,687,43866620010,55468,2016-06-01 00:48:14,2026-07-01 00:03:10
79452361,zmenen,ZpusobVytapeniKod,1,7,2015-03-03,1,1.0,2.0,1,1,1,2,136.0,11,16176983010,697,32867125010,55468,2016-06-01 00:48:14,2026-07-01 00:03:10
79611214,zmenen,Dokonceni,1,7,2015-12-31,1,1.0,2.0,1,1,1,2,236.0,1,22942174010,702,44696239010,55468,2016-06-01 00:48:14,2026-07-01 00:03:10
79966292,zmenen,"Dokonceni, ZpusobVytapeniKod",1,7,2018-03-22,1,1.0,2.0,1,1,1,2,180.0,11,16263008010,701,33631037010,55468,2016-06-01 00:48:14,2026-07-01 00:03:10
80027717,zmenen,PocetBytu,1,7,2015-06-30,1,1.0,2.0,1,1,1,2,72.0,1,22614205010,601,49874387010,55468,2016-06-01 00:48:14,2026-07-01 00:03:10
80187994,zmenen,ZpusobVyuzitiKod,1,7,2015-08-21,1,2.0,1.0,1,1,1,2,200.0,1,23098273010,703,47779323010,55468,2016-06-01 00:48:14,2026-07-01 00:03:10
80369995,zmenen,"Dokonceni, ZpusobVytapeniKod",1,7,2015-12-31,1,1.0,2.0,1,1,1,2,250.0,11,23515074010,704,50832166010,55468,2016-06-01 00:48:14,2026-07-01 00:03:10
80493629,zmenen,ZpusobVytapeniKod,1,7,2015-10-26,1,2.0,2.0,1,1,1,2,108.0,15,22671234010,707,49465523010,55468,2016-06-01 00:48:14,2026-07-01 00:03:10
80502181,zmenen,Dokonceni,1,7,2015-12-31,1,1.0,2.0,1,1,1,2,81.0,1,16100017010,594,26506678010,55468,2016-06-01 00:48:14,2026-07-01 00:03:10
80502237,zmenen,"Dokonceni, PripojeniPlynKod, ZastavenaPlocha, IdentifikacniParcely, geometry",1,7,2021-07-30,1,1.0,2.0,1,3,1,2,66.0,1,23284890010,706,85179253010,55468,2016-06-01 00:48:14,2026-07-01 00:03:10
80525296,zmenen,"Dokonceni, ZpusobVytapeniKod, IsknBudovaId, geometry",1,7,2021-10-07,1,1.0,2.0,1,1,1,2,161.0,11,15797070010,708,29466196010,55468,2016-06-01 00:48:14,2026-07-01 00:03:10
80995586,zmenen,"Dokonceni, ZpusobVytapeniKod",1,7,2016-12-31,1,1.0,2.0,1,1,1,2,86.0,11,23440889010,698,53245985010,55468,2016-06-01 00:48:14,2026-07-01 00:03:10
80996086,zmenen,"Dokonceni, IsknBudovaId, geometry",1,7,2016-12-31,1,1.0,2.0,1,1,1,2,77.0,1,23876210010,710,52182434010,55468,2016-06-01 00:48:14,2026-07-01 00:03:10
81451971,zmenen,"Dokonceni, IsknBudovaId, geometry",1,7,2019-01-24,1,1.0,2.0,1,1,1,2,62.0,1,24059363010,596,49874386010,55468,2016-06-01 00:48:14,2026-07-01 00:03:10
81452624,zmenen,ZpusobVytapeniKod,1,7,2016-02-03,1,2.0,2.0,1,1,1,2,194.0,15,23597026010,713,50400711010,55468,2016-06-01 00:48:14,2026-07-01 00:03:10
81453906,zmenen,Dokonceni,1,7,2016-12-31,1,1.0,2.0,1,1,1,2,148.0,1,23369918010,711,53611950010,55468,2016-06-01 00:48:14,2026-07-01 00:03:10
81454805,zmenen,ZpusobVytapeniKod,1,7,2016-02-03,1,2.0,2.0,1,1,1,2,117.0,15,22753290010,712,50400709010,55468,2016-06-01 00:48:14,2026-07-01 00:03:10
81660391,zmenen,ZpusobVytapeniKod,1,7,2016-02-25,1,2.0,2.0,1,1,1,2,228.0,11,23139526010,714,50828335010,55468,2016-06-01 00:48:14,2026-07-01 00:03:10
81761082,zmenen,"Dokonceni, ZastavenaPlocha",1,7,2010-12-31,1,1.0,2.0,1,1,1,2,82.0,1,16542513010,580,26358014010,55468,2016-06-01 00:48:14,2026-07-01 00:03:10
81761104,zmenen,"Dokonceni, ZastavenaPlocha",1,7,2016-12-31,1,1.0,2.0,1,1,1,2,63.0,1,910819210,581,26358015010,55468,2016-06-01 00:48:14,2026-07-01 00:03:10
81764651,zmenen,"PocetPodlazi, ZastavenaPlocha",1,7,2007-02-28,1,1.0,2.0,1,1,1,2,45.0,1,14987273010,424,2296515210,55468,2016-06-01 00:48:14,2026-07-01 00:03:10
81764693,zmenen,"PocetPodlazi, ZastavenaPlocha",1,7,2007-02-28,1,1.0,2.0,1,1,1,1,72.0,1,14987274010,427,2296512210,55468,2016-06-01 00:48:14,2026-07-01 00:03:10
81764715,zmenen,"DruhKonstrukceKod, PocetPodlazi, ZastavenaPlocha, ZpusobVytapeniKod",1,7,2007-02-28,42,1.0,2.0,1,1,1,2,71.0,11,14987272010,435,2296505210,55468,2016-06-01 00:48:14,2026-07-01 00:03:10
81967802,zmenen,"ZpusobVyuzitiKod, Dokonceni, DruhKonstrukceKod, ZastavenaPlocha",3,16,2015-11-10,7,0.0,1.0,4,3,2,2,11.0,4,23436297010,,53848004010,,2016-06-01 00:48:14,2026-07-01 00:03:10
82192821,zanikly,,3,13,,,,,,,,,,,23468040010,,53917046010,,2016-06-01 00:48:14,2026-07-01 00:03:10
82389560,zmenen,"Dokonceni, IsknBudovaId, geometry",1,7,2016-12-31,1,2.0,2.0,1,9,1,2,118.0,1,23375177010,715,50498251010,55468,2016-06-01 00:48:14,2026-07-01 00:03:10
82496285,zmenen,"IsknBudovaId, geometry",1,19,2016-05-12,7,0.0,2.0,1,1,1,2,278.0,3,23781775010,721,54777361010,55468,2016-06-01 00:48:14,2026-07-01 00:03:10
82901635,novy,,1,7,2016-12-31,1,1.0,1.0,1,1,1,2,143.0,15,24613046010,729,54949952010,55468,2016-06-01 00:48:14,2026-07-01 00:03:10
82901881,novy,,1,7,2016-05-12,1,2.0,1.0,1,1,1,2,202.0,1,24708671010,719,54453234010,55468,2016-06-01 00:48:14,2026-07-01 00:03:10
83329846,novy,,1,7,2016-06-08,1,1.0,1.0,1,1,1,2,143.0,1,15553372010,718,27547119010,55468,2016-06-01 00:48:14,2026-07-01 00:03:10
83330194,novy,,1,7,2016-06-22,1,2.0,1.0,1,1,1,2,217.0,1,24012558010,742,54474181010,55468,2016-06-01 00:48:14,2026-07-01 00:03:10
83411640,novy,,1,7,2018-04-27,1,2.0,2.0,1,3,1,2,117.0,16,23920065010,741,55444708010,55468,2016-06-01 00:48:14,2026-07-01 00:03:10
83435654,novy,,1,6,2016-06-29,1,31.0,4.0,1,1,1,1,636.0,3,22984982010,723,51535999010,55468,2016-06-01 00:48:14,2026-07-01 00:03:10
83690182,novy,,1,7,2016-12-31,1,1.0,2.0,1,1,1,2,197.0,1,24018857010,740,55847200010,55468,2016-06-01 00:48:14,2026-07-01 00:03:10
83721151,novy,,1,7,2016-12-31,1,2.0,,1,1,1,2,148.0,1,24015417010,744,55776594010,55468,2016-06-01 00:48:14,2026-07-01 00:03:10
83722289,novy,,1,7,2016-12-31,1,1.0,,1,1,1,2,64.0,1,24031449010,606,55723238010,55468,2016-06-01 00:48:14,2026-07-01 00:03:10
84268212,novy,,1,7,2016-12-22,1,1.0,2.0,1,3,1,2,88.0,11,25031606010,745,55986359010,55468,2016-06-01 00:48:14,2026-07-01 00:03:10
84302402,novy,,3,19,,,,,,,,,,,24231926010,,2568661210,,2016-06-01 00:48:14,2026-07-01 00:03:10
86911261,novy,,1,7,2016-10-18,1,2.0,2.0,1,3,1,2,133.0,1,24588584010,749,56523462010,55468,2016-06-01 00:48:14,2026-07-01 00:03:10
86911481,novy,,1,7,2016-09-26,1,1.0,3.0,1,1,1,2,46.0,1,381186210,748,1304388210,55468,2016-06-01 00:48:14,2026-07-01 00:03:10
86912666,novy,,1,7,2016-06-22,1,1.0,3.0,1,1,1,2,141.0,1,24345475010,743,55077085010,55468,2016-06-01 00:48:14,2026-07-01 00:03:10
87069946,novy,,3,19,,,,,,,,,,,24389539010,,56581663010,,2016-06-01 00:48:14,2026-07-01 00:03:10
87116171,novy,,1,7,2016-11-02,1,1.0,2.0,1,1,1,2,88.0,16,24498467010,722,34800199010,55468,2016-06-01 00:48:14,2026-07-01 00:03:10
87117240,novy,,1,7,2016-10-12,1,1.0,2.0,1,1,1,2,57.0,16,,731,51536001010,55468,2016-06-01 00:48:14,2026-07-01 00:03:10
87117321,novy,,1,6,2016-10-12,1,4.0,2.0,1,1,1,2,290.0,16,24358874010,736,53308500010,55468,2016-06-01 00:48:14,2026-07-01 00:03:10
87165643,novy,,1,7,2016-11-03,1,1.0,2.0,1,3,1,2,98.0,11,24603516010,747,56463147010,55468,2016-06-01 00:48:14,2026-07-01 00:03:10
88086461,novy,,1,6,2016-11-22,1,31.0,3.0,1,1,1,1,634.0,3,23154367010,724,51536000010,55468,2016-06-01 00:48:14,2026-07-01 00:03:10
88091074,novy,,1,7,2016-12-05,1,1.0,3.0,1,9,1,2,127.0,11,24697577010,751,58719711010,55468,2016-06-01 00:48:14,2026-07-01 00:03:10
88093280,novy,,1,7,2016-11-29,1,1.0,1.0,1,9,1,2,107.0,11,24633796010,752,58218312010,55468,2016-06-01 00:48:14,2026-07-01 00:03:10
88515028,novy,,1,7,2018-06-27,1,1.0,2.0,1,3,1,2,65.0,16,24871633010,753,82473320010,55468,2016-06-01 00:48:14,2026-07-01 00:03:10
88515222,novy,,1,7,2018-06-27,1,1.0,2.0,1,3,1,2,65.0,16,24821583010,756,82473323010,55468,2016-06-01 00:48:14,2026-07-01 00:03:10
88515281,novy,,1,7,2018-06-27,1,1.0,2.0,1,3,1,2,65.0,16,24844666010,759,82473334010,55468,2016-06-01 00:48:14,2026-07-01 00:03:10
88515311,novy,,1,7,2018-06-27,1,1.0,2.0,1,3,1,2,65.0,16,24857653010,762,82473337010,55468,2016-06-01 00:48:14,2026-07-01 00:03:10
88549364,novy,,1,7,2017-01-23,1,1.0,2.0,1,1,1,2,113.0,11,24839618010,720,59786655010,55468,2016-06-01 00:48:14,2026-07-01 00:03:10
89371011,novy,,1,7,2017-12-31,1,1.0,1.0,1,1,1,2,137.0,1,26221284010,767,59975533010,55468,2016-06-01 00:48:14,2026-07-01 00:03:10
89371526,novy,,1,7,2017-12-31,1,1.0,2.0,1,1,1,2,128.0,1,26326272010,730,57885808010,55468,2016-06-01 00:48:14,2026-07-01 00:03:10
89477332,novy,,1,7,2018-03-21,1,1.0,2.0,1,3,1,2,94.0,1,25182849010,768,60985325010,55468,2016-06-01 00:48:14,2026-07-01 00:03:10
89804970,novy,,1,7,2017-12-31,1,2.0,1.0,1,3,1,2,217.0,1,24626680010,769,58379985010,55468,2016-06-01 00:48:14,2026-07-01 00:03:10
90025997,novy,,3,16,,7,0.0,1.0,4,3,2,2,,4,25190625010,,33166775010,,2016-06-01 00:48:14,2026-07-01 00:03:10
90030974,novy,,1,7,2018-05-02,1,1.0,1.0,1,1,1,2,120.0,11,25507940010,771,61598115010,55468,2016-06-01 00:48:14,2026-07-01 00:03:10
90051971,novy,,1,7,2020-03-18,1,1.0,2.0,1,1,1,2,90.0,11,25404004010,777,61028217010,55468,2016-06-01 00:48:14,2026-07-01 00:03:10
90531523,novy,,1,7,2017-06-28,1,1.0,2.0,1,3,1,2,174.0,1,884128210,224,2290757210,55468,2016-06-01 00:48:14,2026-07-01 00:03:10
90532015,novy,,1,7,2017-07-14,1,2.0,2.0,1,3,1,2,129.0,1,24832025010,778,59347026010,55468,2016-06-01 00:48:14,2026-07-01 00:03:10
90552385,novy,,1,7,2017-07-20,1,1.0,2.0,1,3,1,2,93.0,1,25592245010,779,62802407010,55468,2016-06-01 00:48:14,2026-07-01 00:03:10
90552628,novy,,1,7,2017-07-20,1,1.0,2.0,1,3,1,2,93.0,1,25608960010,780,62802406010,55468,2016-06-01 00:48:14,2026-07-01 00:03:10
90554302,novy,,1,7,2017-07-20,1,1.0,2.0,1,3,1,2,93.0,1,25592249010,781,62802405010,55468,2016-06-01 00:48:14,2026-07-01 00:03:10
90554736,novy,,1,7,2017-07-20,1,1.0,2.0,1,3,1,2,93.0,1,25592124010,782,62802404010,55468,2016-06-01 00:48:14,2026-07-01 00:03:10
90554817,novy,,1,7,2017-07-20,1,1.0,2.0,1,3,1,2,118.0,1,25608951010,783,62802403010,55468,2016-06-01 00:48:14,2026-07-01 00:03:10
90861752,novy,,1,7,2017-08-17,1,1.0,2.0,1,1,1,2,115.0,1,25696159010,788,63005148010,55468,2016-06-01 00:48:14,2026-07-01 00:03:10
90863453,novy,,1,7,2017-08-17,1,1.0,2.0,1,1,1,2,102.0,1,25696154010,789,63005147010,55468,2016-06-01 00:48:14,2026-07-01 00:03:10
90863763,novy,,1,7,2017-08-17,1,1.0,2.0,1,1,1,2,102.0,1,25696169010,790,63005146010,55468,2016-06-01 00:48:14,2026-07-01 00:03:10
90863810,novy,,1,7,2017-08-17,1,1.0,2.0,1,1,1,2,103.0,1,25696171010,791,63005145010,55468,2016-06-01 00:48:14,2026-07-01 00:03:10
91045894,novy,,1,15,2018-04-27,11,0.0,4.0,1,1,1,1,2561.0,3,25825144010,800,63157345010,55468,2016-06-01 00:48:14,2026-07-01 00:03:10
91046637,novy,,1,7,2017-08-21,1,1.0,2.0,1,1,1,2,197.0,1,28871351010,746,56420539010,55468,2016-06-01 00:48:14,2026-07-01 00:03:10
91047064,novy,,1,7,2017-12-31,1,1.0,2.0,1,1,1,2,112.0,1,29043540010,765,62370692010,55468,2016-06-01 00:48:14,2026-07-01 00:03:10
91085284,novy,,1,7,2017-09-04,1,2.0,2.0,1,1,1,2,149.0,1,25536917010,786,63986066010,55468,2016-06-01 00:48:14,2026-07-01 00:03:10
91086876,novy,,1,7,2017-09-04,1,2.0,2.0,1,1,1,2,149.0,1,25849910010,785,63983511010,55468,2016-06-01 00:48:14,2026-07-01 00:03:10
91104491,novy,,1,6,2017-09-04,1,36.0,3.0,1,3,1,1,532.0,12,24392424010,725,56581662010,55468,2016-06-01 00:48:14,2026-07-01 00:03:10
91311284,novy,,1,6,2017-10-02,1,4.0,2.0,1,1,1,2,231.0,1,24328138010,773,56718603010,55468,2016-06-01 00:48:14,2026-07-01 00:03:10
91335728,novy,,1,7,2017-10-11,1,1.0,2.0,1,1,1,2,90.0,11,26414504010,804,63984513010,55468,2016-06-01 00:48:14,2026-07-01 00:03:10
91337127,novy,,1,7,2017-12-31,1,1.0,2.0,1,1,1,2,62.0,1,25869901010,595,63605264010,55468,2016-06-01 00:48:14,2026-07-01 00:03:10
91823030,novy,,1,7,2017-11-01,1,1.0,1.0,1,1,1,2,105.0,11,34239943010,801,60769347010,55468,2016-06-01 00:48:14,2026-07-01 00:03:10
91823978,novy,,1,7,2019-01-17,61,1.0,2.0,1,3,1,2,73.0,15,26120921010,802,63499241010,55468,2016-06-01 00:48:14,2026-07-01 00:03:10
92071601,novy,,1,7,2018-06-25,1,1.0,2.0,1,3,1,2,65.0,16,26205672010,810,82473348010,55468,2016-06-01 00:48:14,2026-07-01 00:03:10
92099190,novy,,1,7,2019-04-15,7,1.0,2.0,1,1,1,2,68.0,11,26232297010,608,65475094010,55468,2016-06-01 00:48:14,2026-07-01 00:03:10
92099891,novy,,1,7,2017-11-13,1,1.0,2.0,1,1,1,2,87.0,1,26132718010,796,63643116010,55468,2016-06-01 00:48:14,2026-07-01 00:03:10
92100457,novy,,1,7,2017-11-13,1,1.0,2.0,1,1,1,2,76.0,1,26133930010,797,63643117010,55468,2016-06-01 00:48:14,2026-07-01 00:03:10
92100503,novy,,1,7,2017-11-13,1,1.0,2.0,1,1,1,2,76.0,1,26130853010,798,63643118010,55468,2016-06-01 00:48:14,2026-07-01 00:03:10
92100571,novy,,1,7,2017-11-13,1,1.0,2.0,1,1,1,2,77.0,1,26132839010,799,63643119010,55468,2016-06-01 00:48:14,2026-07-01 00:03:10
92100902,novy,,1,7,2017-11-20,1,1.0,2.0,1,3,1,2,176.0,11,26133873010,793,63634645010,55468,2016-06-01 00:48:14,2026-07-01 00:03:10
92101062,novy,,1,7,2017-11-20,1,1.0,2.0,1,3,1,2,176.0,11,26130843010,794,63634646010,55468,2016-06-01 00:48:14,2026-07-01 00:03:10
92101151,novy,,1,7,2017-11-20,1,1.0,2.0,1,3,1,2,178.0,11,26133914010,795,63634647010,55468,2016-06-01 00:48:14,2026-07-01 00:03:10
92103553,novy,,1,7,2017-11-15,1,1.0,2.0,1,1,1,2,76.0,11,26136855010,807,65198188010,55468,2016-06-01 00:48:14,2026-07-01 00:03:10
92103685,novy,,1,7,2017-11-15,1,1.0,2.0,1,1,1,2,76.0,11,26136863010,808,65198189010,55468,2016-06-01 00:48:14,2026-07-01 00:03:10
92113214,novy,,1,6,2017-11-29,1,36.0,5.0,1,1,1,1,525.0,12,24546482010,726,56581661010,55468,2016-06-01 00:48:14,2026-07-01 00:03:10
92170641,novy,,1,7,2018-06-25,1,1.0,2.0,1,3,1,2,66.0,16,26205387010,819,82473358010,55468,2016-06-01 00:48:14,2026-07-01 00:03:10
92170668,novy,,1,7,2018-06-25,1,1.0,2.0,1,3,1,2,66.0,16,26206644010,816,82473361010,55468,2016-06-01 00:48:14,2026-07-01 00:03:10
92170838,novy,,1,7,2018-06-25,1,1.0,2.0,1,3,1,2,66.0,16,26213323010,813,82473351010,55468,2016-06-01 00:48:14,2026-07-01 00:03:10
92224644,novy,,1,7,2017-12-04,1,1.0,1.0,1,3,1,2,150.0,1,26223262010,838,64298806010,55468,2016-06-01 00:48:14,2026-07-01 00:03:10
92230610,novy,,1,7,2018-12-20,1,1.0,3.0,1,3,1,2,207.0,1,26357351010,836,65164089010,55468,2016-06-01 00:48:14,2026-07-01 00:03:10
92230695,novy,,1,7,2017-12-04,1,3.0,2.0,1,1,1,2,187.0,11,24674598010,839,55027314010,55468,2016-06-01 00:48:14,2026-07-01 00:03:10
92230750,novy,,3,18,,1,0.0,1.0,1,3,1,2,25.0,1,29062345010,,65164090010,,2016-06-01 00:48:14,2026-07-01 00:03:10
92346537,novy,,1,7,2018-06-25,1,1.0,2.0,1,3,1,2,66.0,16,26232493010,822,82473368010,55468,2016-06-01 00:48:14,2026-07-01 00:03:10
92346723,novy,,1,7,2018-06-25,1,1.0,2.0,1,3,1,2,66.0,16,26227494010,828,82473381010,55468,2016-06-01 00:48:14,2026-07-01 00:03:10
92346901,novy,,1,7,2018-06-25,1,1.0,2.0,1,3,1,2,65.0,16,26235277010,825,82473371010,55468,2016-06-01 00:48:14,2026-07-01 00:03:10
92346995,novy,,1,7,2018-06-25,1,1.0,2.0,1,3,1,2,66.0,16,26232391010,831,82473378010,55468,2016-06-01 00:48:14,2026-07-01 00:03:10
92362028,novy,,3,16,,,,,,,,,12.0,,25816663010,,63359108010,,2016-06-01 00:48:14,2026-07-01 00:03:10
92368484,novy,,1,7,2017-12-31,1,1.0,2.0,1,3,1,2,176.0,11,26213457010,792,63634644010,55468,2016-06-01 00:48:14,2026-07-01 00:03:10
92370039,novy,,1,7,2017-12-01,1,1.0,2.0,1,1,1,2,87.0,11,26277485010,806,65198187010,55468,2016-06-01 00:48:14,2026-07-01 00:03:10
92370322,novy,,1,7,2017-12-01,1,1.0,2.0,1,1,1,2,88.0,11,26213420010,809,65198190010,55468,2016-06-01 00:48:14,2026-07-01 00:03:10
92387721,novy,,1,7,2021-06-22,1,1.0,2.0,1,1,1,2,81.0,11,26308358010,597,63990907010,55468,2016-06-01 00:48:14,2026-07-01 00:03:10
92444181,novy,,3,20,2017-10-03,1,0.0,1.0,1,3,1,2,27.0,1,26879390010,,62619299010,,2016-06-01 00:48:14,2026-07-01 00:03:10
92467075,novy,,1,7,2017-12-20,1,1.0,2.0,1,3,1,2,150.0,12,26451342010,803,33864523010,55468,2016-06-01 00:48:14,2026-07-01 00:03:10
92467938,novy,,1,7,2018-05-24,1,1.0,2.0,1,1,1,2,140.0,11,26375275010,834,67160216010,55468,2016-06-01 00:48:14,2026-07-01 00:03:10
93055609,novy,,1,7,2018-01-23,1,1.0,2.0,1,1,1,2,120.0,11,26483358010,772,63003266010,55468,2016-06-01 00:48:14,2026-07-01 00:03:10
93114958,novy,,1,7,2018-01-25,1,1.0,2.0,1,1,1,2,79.0,11,26571561010,842,64956241010,55468,2016-06-01 00:48:14,2026-07-01 00:03:10
93117787,novy,,1,7,2018-01-25,1,1.0,2.0,1,1,1,2,131.0,11,26455426010,784,64397716010,55468,2016-06-01 00:48:14,2026-07-01 00:03:10
93191120,novy,,1,7,2019-11-25,1,1.0,2.0,1,3,1,2,140.0,1,29055503010,835,67508020010,55468,2016-06-01 00:48:14,2026-07-01 00:03:10
93194498,novy,,1,7,2018-01-31,1,1.0,2.0,1,3,1,2,162.0,12,26671426010,841,67386353010,55468,2016-06-01 00:48:14,2026-07-01 00:03:10
93304650,novy,,1,7,2018-02-12,1,1.0,2.0,1,3,1,2,140.0,11,26547390010,837,67427110010,55468,2016-06-01 00:48:14,2026-07-01 00:03:10
93657650,novy,,1,7,2018-03-22,1,1.0,2.0,1,1,1,2,65.0,16,61139581010,855,86084122010,55468,2016-06-01 00:48:14,2026-07-01 00:03:10
93658702,novy,,1,7,2018-03-22,1,1.0,2.0,1,1,1,2,65.0,16,26586494010,851,86075288010,55468,2016-06-01 00:48:14,2026-07-01 00:03:10
93705867,novy,,1,7,2018-04-04,1,1.0,1.0,1,3,1,2,192.0,15,26887408010,868,67849654010,55468,2016-06-01 00:48:14,2026-07-01 00:03:10
93721404,novy,,1,7,2018-04-06,1,1.0,2.0,1,3,1,2,177.0,11,26706594010,846,67322398010,55468,2016-06-01 00:48:14,2026-07-01 00:03:10
93721561,novy,,1,7,2018-04-06,1,1.0,2.0,1,1,1,2,113.0,11,907911210,865,2379952210,55468,2016-06-01 00:48:14,2026-07-01 00:03:10
93836333,novy,,1,7,2018-04-17,1,1.0,2.0,1,3,1,2,125.0,15,26724380010,844,67819179010,55468,2016-06-01 00:48:14,2026-07-01 00:03:10
93857756,novy,,3,19,2018-02-14,1,0.0,1.0,4,3,2,2,62.0,4,26599457010,,2377594210,,2016-06-01 00:48:14,2026-07-01 00:03:10
93915063,novy,,3,19,2018-04-26,7,0.0,1.0,4,3,2,2,30.0,4,29760354010,,67997084010,,2016-06-01 00:48:14,2026-07-01 00:03:10
93917597,novy,,1,7,2021-03-01,1,1.0,1.0,1,1,1,2,188.0,11,26808365010,869,60588800010,55468,2016-06-01 00:48:14,2026-07-01 00:03:10
93917856,novy,,3,18,2023-05-30,1,0.0,1.0,4,3,2,2,87.0,4,26808366010,,60588799010,,2016-06-01 00:48:14,2026-07-01 00:03:10
93921934,novy,,1,15,2018-04-27,7,0.0,1.0,1,3,1,1,1559.0,11,36225069010,890,68114843010,55468,2016-06-01 00:48:14,2026-07-01 00:03:10
93964099,novy,,1,7,2018-06-26,1,1.0,2.0,1,3,1,2,65.0,16,,886,82473408010,55468,2016-06-01 00:48:14,2026-07-01 00:03:10
93964196,novy,,1,7,2018-06-26,1,1.0,2.0,1,3,1,2,65.0,16,26880338010,879,82473401010,55468,2016-06-01 00:48:14,2026-07-01 00:03:10
93964307,novy,,1,7,2018-06-26,1,1.0,2.0,1,3,1,2,65.0,16,26897364010,870,82473388010,55468,2016-06-01 00:48:14,2026-07-01 00:03:10
93964382,novy,,1,7,2018-06-26,1,1.0,2.0,1,3,1,2,65.0,16,26877422010,873,82473391010,55468,2016-06-01 00:48:14,2026-07-01 00:03:10
93964579,novy,,1,7,2018-06-26,1,1.0,2.0,1,3,1,2,65.0,16,26879374010,876,82473397010,55468,2016-06-01 00:48:14,2026-07-01 00:03:10
93969503,novy,,1,7,2018-05-14,1,1.0,2.0,1,3,1,2,159.0,11,29114096010,787,67968179010,55468,2016-06-01 00:48:14,2026-07-01 00:03:10
94071578,novy,,1,7,2018-05-29,1,1.0,2.0,1,1,1,2,103.0,11,26876574010,883,68520673010,55468,2016-06-01 00:48:14,2026-07-01 00:03:10
94071969,novy,,1,7,2018-05-29,1,1.0,2.0,1,1,1,2,103.0,11,26876440010,884,68520672010,55468,2016-06-01 00:48:14,2026-07-01 00:03:10
94072191,novy,,1,7,2018-05-29,1,1.0,2.0,1,1,1,2,103.0,11,26876572010,885,68520671010,55468,2016-06-01 00:48:14,2026-07-01 00:03:10
94259682,novy,,3,16,,,,,,,,,8.0,,26797413010,,67435523010,,2016-06-01 00:48:14,2026-07-01 00:03:10
94262292,novy,,1,7,2019-06-04,1,1.0,2.0,1,1,1,2,146.0,11,26917392010,867,68398474010,55468,2016-06-01 00:48:14,2026-07-01 00:03:10
94262349,novy,,3,16,,,,,,,,,8.0,,26800324010,,67245524010,,2016-06-01 00:48:14,2026-07-01 00:03:10
94262365,novy,,3,16,,,,,,,,,8.0,,26800328010,,67242576010,,2016-06-01 00:48:14,2026-07-01 00:03:10
94262381,novy,,3,16,,,,,,,,,8.0,,26799358010,,67433222010,,2016-06-01 00:48:14,2026-07-01 00:03:10
94262403,novy,,3,16,,,,,,,,,8.0,,26798501010,,67248460010,,2016-06-01 00:48:14,2026-07-01 00:03:10
94262659,novy,,3,16,,,,,,,,,8.0,,26800411010,,67432459010,,2016-06-01 00:48:14,2026-07-01 00:03:10
94262675,novy,,3,16,,,,,,,,,8.0,,26800343010,,67433417010,,2016-06-01 00:48:14,2026-07-01 00:03:10
94334200,novy,,1,7,2018-06-21,1,1.0,1.0,1,1,1,2,148.0,11,29213190010,766,68253734010,55468,2016-06-01 00:48:14,2026-07-01 00:03:10
94444986,novy,,1,7,2018-07-04,1,1.0,1.0,1,3,1,2,151.0,1,27045777010,899,68603779010,55468,2016-06-01 00:48:14,2026-07-01 00:03:10
94445532,novy,,1,7,2018-07-04,1,1.0,2.0,1,1,1,2,145.0,1,27045770010,901,63981788010,55468,2016-06-01 00:48:14,2026-07-01 00:03:10
94632901,novy,,1,7,2018-06-28,1,1.0,2.0,1,1,1,2,103.0,11,27066440010,892,68868368010,55468,2016-06-01 00:48:14,2026-07-01 00:03:10
94633584,novy,,1,7,2018-06-28,1,1.0,2.0,1,1,1,2,103.0,11,27047431010,893,68868369010,55468,2016-06-01 00:48:14,2026-07-01 00:03:10
94636150,novy,,1,7,2018-07-11,4,1.0,2.0,1,1,1,2,136.0,11,27251597010,882,68881160010,55468,2016-06-01 00:48:14,2026-07-01 00:03:10
94643105,novy,,1,7,2018-07-10,1,1.0,2.0,1,1,1,2,207.0,11,27207321010,889,63407633010,55468,2016-06-01 00:48:14,2026-07-01 00:03:10
94646236,novy,,1,7,2018-07-10,41,1.0,1.0,1,3,1,2,177.0,15,28925325010,750,60572692010,55468,2016-06-01 00:48:14,2026-07-01 00:03:10
94648042,novy,,1,6,2018-07-12,1,30.0,4.0,1,3,1,1,525.0,1,26310540010,727,63738531010,55468,2016-06-01 00:48:14,2026-07-01 00:03:10
94783446,novy,,3,16,2018-08-01,,,,,,,,18.0,,27595365010,,61402006010,,2016-06-01 00:48:14,2026-07-01 00:03:10
94809534,novy,,1,7,2018-07-31,6,1.0,2.0,1,3,1,2,92.0,15,27166412010,902,68883880010,55468,2016-06-01 00:48:14,2026-07-01 00:03:10
94810184,novy,,1,7,2018-07-31,1,1.0,2.0,1,1,1,2,115.0,11,27169421010,895,68868364010,55468,2016-06-01 00:48:14,2026-07-01 00:03:10
94810486,novy,,1,7,2018-07-31,1,1.0,2.0,1,1,1,2,103.0,11,27166372010,897,68868366010,55468,2016-06-01 00:48:14,2026-07-01 00:03:10
94871736,novy,,1,7,2018-08-14,1,1.0,1.0,1,3,1,2,114.0,15,27255336010,904,68603780010,55468,2016-06-01 00:48:14,2026-07-01 00:03:10
94872741,novy,,1,7,2018-08-14,4,1.0,2.0,1,1,1,2,198.0,11,29586265010,894,50832167010,55468,2016-06-01 00:48:14,2026-07-01 00:03:10
94946485,novy,,1,7,2018-08-24,1,1.0,1.0,1,3,1,2,200.0,15,29211253010,898,68818785010,55468,2016-06-01 00:48:14,2026-07-01 00:03:10
94955310,novy,,1,7,2023-07-25,64,1.0,1.0,1,3,1,2,147.0,15,27658484010,903,68942791010,55468,2016-06-01 00:48:14,2026-07-01 00:03:10
95179976,novy,,3,19,,,,,,,,,,,27595642010,,61400068010,,2016-06-01 00:48:14,2026-07-01 00:03:10
95219404,novy,,1,7,2018-08-23,1,2.0,2.0,1,3,1,2,132.0,1,26591412010,857,67644146010,55468,2016-06-01 00:48:14,2026-07-01 00:03:10
95219447,novy,,1,7,2018-08-23,1,2.0,2.0,1,1,1,2,132.0,16,26591387010,859,67644147010,55468,2016-06-01 00:48:14,2026-07-01 00:03:10
95277200,novy,,1,7,2018-10-02,1,1.0,1.0,1,3,1,2,227.0,1,59032612010,805,67717776010,55468,2016-06-01 00:48:14,2026-07-01 00:03:10
95346996,novy,,1,7,2020-12-17,1,1.0,2.0,1,3,1,2,103.0,1,28946518010,905,67849750010,55468,2016-06-01 00:48:14,2026-07-01 00:03:10
95359451,novy,,1,7,2018-10-11,7,1.0,2.0,1,3,1,2,66.0,1,28839372010,602,68525113010,55468,2016-06-01 00:48:14,2026-07-01 00:03:10
95389440,novy,,1,7,2018-10-16,1,1.0,1.0,1,3,1,2,192.0,11,28914514010,907,69045303010,55468,2016-06-01 00:48:14,2026-07-01 00:03:10
95390413,novy,,1,7,2018-10-16,1,1.0,2.0,1,1,1,2,174.0,1,29093137010,906,68869188010,55468,2016-06-01 00:48:14,2026-07-01 00:03:10
95427678,novy,,1,7,2018-10-18,1,1.0,2.0,1,1,1,2,103.0,11,28878443010,891,68868367010,55468,2016-06-01 00:48:14,2026-07-01 00:03:10
95519467,novy,,1,7,2018-10-25,7,1.0,2.0,,3,1,2,74.0,1,28914398010,843,67426964010,55468,2016-06-01 00:48:14,2026-07-01 00:03:10
95637371,novy,,1,7,2019-11-13,7,1.0,2.0,1,3,1,2,87.0,15,28946551010,600,70669202010,55468,2016-06-01 00:48:14,2026-07-01 00:03:10
95689834,novy,,1,7,2018-11-15,1,1.0,2.0,1,1,1,2,103.0,1,29017453010,896,68868365010,55468,2016-06-01 00:48:14,2026-07-01 00:03:10
95690514,novy,,1,7,2018-11-15,1,1.0,2.0,1,1,1,2,70.0,11,29017507010,915,69258707010,55468,2016-06-01 00:48:14,2026-07-01 00:03:10
95692657,novy,,1,6,2018-11-15,1,30.0,4.0,1,3,1,1,525.0,11,26301326010,728,63738532010,55468,2016-06-01 00:48:14,2026-07-01 00:03:10
95694161,novy,,1,7,2018-11-15,1,1.0,2.0,1,1,1,2,70.0,11,29017462010,919,69258711010,55468,2016-06-01 00:48:14,2026-07-01 00:03:10
95699881,novy,,1,7,2018-10-25,7,1.0,2.0,1,3,1,2,67.0,16,29208127010,908,70798808010,55468,2016-06-01 00:48:14,2026-07-01 00:03:10
95729712,novy,,1,7,2018-11-21,1,2.0,2.0,1,3,1,2,133.0,16,26671382010,861,67644148010,55468,2016-06-01 00:48:14,2026-07-01 00:03:10
95730435,novy,,1,7,2018-11-21,1,2.0,2.0,1,3,1,2,134.0,1,26671423010,863,67644149010,55468,2016-06-01 00:48:14,2026-07-01 00:03:10
95900071,novy,,1,7,2018-11-15,1,1.0,2.0,1,1,1,2,70.0,1,29010557010,911,70780612010,55468,2016-06-01 00:48:14,2026-07-01 00:03:10
95900578,novy,,1,7,2018-11-15,1,1.0,2.0,1,1,1,2,59.0,1,29010517010,912,70780613010,55468,2016-06-01 00:48:14,2026-07-01 00:03:10
95901850,novy,,1,7,2018-11-15,1,1.0,2.0,1,1,1,2,59.0,1,29010573010,913,70780614010,55468,2016-06-01 00:48:14,2026-07-01 00:03:10
95975497,novy,,1,7,2018-11-29,1,1.0,2.0,1,1,1,2,115.0,1,29086208010,931,62802408010,55468,2016-06-01 00:48:14,2026-07-01 00:03:10
96104414,novy,,1,15,2018-12-10,1,0.0,1.0,3,3,1,2,122.0,15,23468040010,930,53917046010,55468,2016-06-01 00:48:14,2026-07-01 00:03:10
96157950,novy,,1,7,2019-11-13,1,1.0,1.0,1,3,1,2,165.0,15,29109121010,929,69850967010,55468,2016-06-01 00:48:14,2026-07-01 00:03:10
96163194,novy,,1,7,2018-12-14,1,1.0,2.0,1,3,1,2,177.0,16,29148129010,845,67322397010,55468,2016-06-01 00:48:14,2026-07-01 00:03:10
96166932,novy,,1,7,2018-12-17,1,1.0,2.0,1,1,1,2,59.0,11,29148154010,921,69258713010,55468,2016-06-01 00:48:14,2026-07-01 00:03:10
96168005,novy,,1,7,2018-12-17,1,1.0,2.0,1,1,1,2,59.0,11,29148143010,920,69258712010,55468,2016-06-01 00:48:14,2026-07-01 00:03:10
96170573,novy,,1,7,2019-01-17,1,1.0,2.0,1,1,1,2,59.0,11,29148158010,917,69258709010,55468,2016-06-01 00:48:14,2026-07-01 00:03:10
96351365,novy,,1,7,2019-01-17,1,1.0,2.0,1,1,1,2,59.0,11,29208164010,916,69258708010,55468,2016-06-01 00:48:14,2026-07-01 00:03:10
96355379,novy,,1,7,2019-01-17,1,1.0,2.0,1,1,1,2,70.0,11,29212168010,918,69258710010,55468,2016-06-01 00:48:14,2026-07-01 00:03:10
96356405,novy,,1,7,2019-01-15,61,1.0,2.0,1,3,1,2,74.0,15,29212091010,909,69577110010,55468,2016-06-01 00:48:14,2026-07-01 00:03:10
96359757,novy,,1,7,2018-12-17,1,1.0,2.0,1,1,1,2,77.0,11,29200192010,928,69274249010,55468,2016-06-01 00:48:14,2026-07-01 00:03:10
96409843,novy,,1,7,2019-01-24,1,1.0,2.0,1,1,1,2,110.0,11,29254291010,934,70304417010,55468,2016-06-01 00:48:14,2026-07-01 00:03:10
96412429,novy,,1,7,2019-01-24,1,1.0,2.0,1,1,1,2,110.0,11,29252075010,933,70304416010,55468,2016-06-01 00:48:14,2026-07-01 00:03:10
96462035,novy,,1,7,2019-01-31,1,1.0,2.0,1,3,1,2,132.0,15,29297151010,866,67427704010,55468,2016-06-01 00:48:14,2026-07-01 00:03:10
96507233,novy,,1,7,2019-11-25,7,1.0,2.0,1,3,1,2,66.0,15,29279072010,599,68525115010,55468,2016-06-01 00:48:14,2026-07-01 00:03:10
96507675,novy,,1,7,2019-12-31,7,1.0,2.0,1,3,1,2,68.0,1,29387080010,598,68525116010,55468,2016-06-01 00:48:14,2026-07-01 00:03:10
96519525,novy,,1,7,2019-01-31,1,1.0,2.0,1,3,1,2,177.0,16,29283101010,850,67322402010,55468,2016-06-01 00:48:14,2026-07-01 00:03:10
96519657,novy,,1,7,2019-01-31,1,1.0,2.0,1,3,1,2,177.0,16,29278226010,849,67322401010,55468,2016-06-01 00:48:14,2026-07-01 00:03:10
96571144,novy,,1,7,2019-12-31,1,1.0,2.0,1,3,1,2,114.0,11,29307209010,935,71379681010,55468,2016-06-01 00:48:14,2026-07-01 00:03:10
96613408,novy,,1,7,2019-02-18,1,1.0,2.0,1,3,1,2,177.0,16,29334145010,847,67322399010,55468,2016-06-01 00:48:14,2026-07-01 00:03:10
96613483,novy,,1,7,2019-02-18,1,1.0,2.0,1,3,1,2,177.0,16,29334162010,848,67322400010,55468,2016-06-01 00:48:14,2026-07-01 00:03:10
96618728,novy,,1,7,2019-02-18,1,1.0,2.0,1,1,1,2,70.0,11,29334104010,914,70780615010,55468,2016-06-01 00:48:14,2026-07-01 00:03:10
96618825,novy,,1,7,2019-02-18,1,1.0,2.0,1,1,1,2,71.0,11,29334263010,925,70780618010,55468,2016-06-01 00:48:14,2026-07-01 00:03:10
96618876,novy,,1,7,2019-02-18,1,1.0,2.0,1,1,1,2,71.0,11,29341112010,924,70780617010,55468,2016-06-01 00:48:14,2026-07-01 00:03:10
96618922,novy,,1,7,2019-02-18,1,1.0,2.0,1,1,1,2,71.0,11,29334168010,926,70780619010,55468,2016-06-01 00:48:14,2026-07-01 00:03:10
96619171,novy,,1,7,2019-02-18,1,1.0,2.0,1,1,1,2,96.0,11,29339108010,923,70780616010,55468,2016-06-01 00:48:14,2026-07-01 00:03:10
96946199,novy,,1,7,2019-12-31,6,1.0,2.0,1,3,1,2,62.0,1,29535217010,607,68508946010,55468,2016-06-01 00:48:14,2026-07-01 00:03:10
97036803,novy,,1,7,2025-10-08,1,1.0,1.0,1,1,1,2,340.0,16,29531243010,900,71962817010,55468,2016-06-01 00:48:14,2026-07-01 00:03:10
97150312,novy,,1,6,2019-04-12,1,110.0,5.0,1,1,1,1,2561.0,11,28978651010,910,69525917010,55468,2016-06-01 00:48:14,2026-07-01 00:03:10
97482072,novy,,1,7,2019-06-04,62,1.0,1.0,1,3,1,2,234.0,16,29828527010,932,72621914010,55468,2016-06-01 00:48:14,2026-07-01 00:03:10
97906212,novy,,1,6,2019-07-11,1,30.0,4.0,1,3,1,1,540.0,11,28941503010,936,69411332010,55468,2016-06-01 00:48:14,2026-07-01 00:03:10
97985783,novy,,1,7,2014-06-24,1,1.0,2.0,1,3,1,2,132.0,1,29968567010,677,75068380010,55468,2016-06-01 00:48:14,2026-07-01 00:03:10
98044508,novy,,3,16,2018-11-20,,,,,,,,11.0,,30923812010,,74952814010,,2016-06-01 00:48:14,2026-07-01 00:03:10
98048040,novy,,1,7,2019-07-30,1,1.0,2.0,1,1,1,2,82.0,11,30050550010,943,74798730010,55468,2016-06-01 00:48:14,2026-07-01 00:03:10
98049259,novy,,1,7,2019-08-05,1,3.0,2.0,1,3,1,2,178.0,16,29440194010,940,71113388010,55468,2016-06-01 00:48:14,2026-07-01 00:03:10
98051971,novy,,1,7,2019-08-05,1,3.0,2.0,1,3,1,2,178.0,16,29475171010,939,71113387010,55468,2016-06-01 00:48:14,2026-07-01 00:03:10
98374320,novy,,1,7,2019-08-01,1,1.0,3.0,1,1,1,2,167.0,11,30078455010,717,75447663010,55468,2016-06-01 00:48:14,2026-07-01 00:03:10
98527924,novy,,1,7,2019-12-31,1,1.0,3.0,1,1,1,2,222.0,1,30227545010,942,74905538010,55468,2016-06-01 00:48:14,2026-07-01 00:03:10
98703285,novy,,1,6,2019-10-11,1,30.0,4.0,1,3,1,1,540.0,3,28939453010,937,69411331010,55468,2016-06-01 00:48:14,2026-07-01 00:03:10
98757181,novy,,1,7,2019-10-18,1,1.0,2.0,1,1,1,2,169.0,11,30900155010,944,75909594010,55468,2016-06-01 00:48:14,2026-07-01 00:03:10
98757598,novy,,3,19,2019-10-18,1,0.0,1.0,1,3,1,2,16.0,4,,,75909595010,,2016-06-01 00:48:14,2026-07-01 00:03:10
98771001,novy,,1,7,2019-10-18,1,1.0,2.0,1,3,1,2,59.0,1,29428254010,941,86101106010,55468,2016-06-01 00:48:14,2026-07-01 00:03:10
98771159,novy,,1,7,2019-10-18,1,3.0,2.0,1,3,1,2,178.0,1,29425197010,945,71113390010,55468,2016-06-01 00:48:14,2026-07-01 00:03:10
98809008,novy,,3,19,2015-03-09,1,0.0,2.0,4,3,2,2,37.0,4,30055421010,,23736836010,,2016-06-01 00:48:14,2026-07-01 00:03:10
98809024,novy,,3,16,2018-03-15,7,0.0,1.0,4,3,2,2,12.0,4,29847528010,,67824702010,,2016-06-01 00:48:14,2026-07-01 00:03:10
98809041,novy,,3,18,2015-06-15,1,0.0,1.0,4,3,2,2,31.0,4,29759477010,,48994181010,,2016-06-01 00:48:14,2026-07-01 00:03:10
98822675,novy,,1,7,2019-10-25,1,1.0,2.0,1,1,1,2,111.0,11,30717690010,952,75900090010,55468,2016-06-01 00:48:14,2026-07-01 00:03:10
99018209,novy,,3,16,2019-11-12,11,0.0,1.0,4,3,2,2,7.0,4,60267354010,,92025678010,,2016-06-01 00:48:14,2026-07-01 00:03:10
99018454,novy,,3,16,2019-11-12,11,0.0,1.0,4,3,2,2,6.0,4,,,71015429010,,2016-06-01 00:48:14,2026-07-01 00:03:10
99302667,novy,,1,6,2019-11-28,1,30.0,4.0,1,3,1,1,540.0,35,29367152010,938,69411330010,55468,2016-06-01 00:48:14,2026-07-01 00:03:10
99361922,novy,,1,7,2019-12-02,1,3.0,2.0,1,3,1,2,178.0,15,29438179010,946,71113391010,55468,2016-06-01 00:48:14,2026-07-01 00:03:10
99633124,novy,,1,15,,7,0.0,2.0,1,3,1,2,531.0,16,36243055010,950,77419601010,55468,2016-06-01 00:48:14,2026-07-01 00:03:10
99650355,novy,,1,7,2019-12-16,6,1.0,1.0,1,3,1,2,182.0,11,37314036010,947,73933428010,55468,2016-06-01 00:48:14,2026-07-01 00:03:10
99650908,novy,,3,19,2019-12-16,1,0.0,1.0,1,3,1,2,46.0,3,37314037010,,73933432010,,2016-06-01 00:48:14,2026-07-01 00:03:10
99675374,novy,,1,7,2019-12-17,1,1.0,2.0,1,1,1,2,70.0,11,32509945010,927,70780620010,55468,2016-06-01 00:48:14,2026-07-01 00:03:10
99676281,novy,,1,7,2019-12-17,1,1.0,2.0,1,1,1,2,70.0,11,32509957010,922,69258714010,55468,2016-06-01 00:48:14,2026-07-01 00:03:10
99755645,novy,,1,7,2019-12-19,1,1.0,2.0,1,3,1,2,137.0,1,33814950010,955,77399340010,55468,2016-06-01 00:48:14,2026-07-01 00:03:10
